loan_id,person_age,person_income,person_emp_length,person_home_ownership,loan_grade,loan_purpose,loan_amnt,loan_int_rate,loan_percent_income,cred_hist_length,previous_default,loan_status
100001,30,130800,1.4,RENT,D,small_business,12100,7.17,0.093,11,0,0
100002,29,81700,2.5,OTHER,C,home_improvement,17500,10.99,0.214,11,0,0
100003,21,68500,1.6,OWN,E,home_improvement,15800,5.4,0.231,5,0,0
100004,24,47700,16.6,RENT,D,debt_consolidation,6900,13.31,0.145,5,0,0
100005,20,33900,22.7,MORTGAGE,A,home_improvement,7400,11.85,0.218,3,0,0
100006,40,90800,0.8,MORTGAGE,G,home_improvement,6800,13.68,0.075,24,0,1
100007,20,72100,4.5,OWN,D,home_improvement,14500,15.56,0.201,2,0,0
100008,20,41400,6.6,MORTGAGE,E,debt_consolidation,6500,10.59,0.157,5,1,0
100009,39,28400,2.8,RENT,A,small_business,2800,5.4,0.099,20,0,0
100010,32,21700,5.9,MORTGAGE,C,debt_consolidation,10600,10.58,0.488,15,0,0
100011,30,52400,4.7,RENT,B,home_improvement,10800,7.38,0.206,13,0,0
100012,31,44900,3.5,MORTGAGE,F,credit_card,6500,16.66,0.145,13,1,0
100013,36,98900,6.3,MORTGAGE,D,debt_consolidation,22500,10.17,0.228,14,0,0
100014,30,88900,3.2,MORTGAGE,E,medical,6000,14.53,0.067,11,0,0
100015,20,52600,1.4,RENT,C,debt_consolidation,17700,16.76,0.337,2,0,0
100016,34,49300,1.4,MORTGAGE,B,education,3900,8.81,0.079,15,1,1
100017,32,27300,0.2,MORTGAGE,C,education,9400,11.77,0.344,14,0,0
100018,37,92400,7.8,RENT,A,credit_card,5200,11.64,0.056,24,1,0
100019,20,50000,4.9,RENT,E,debt_consolidation,7800,19.44,0.156,4,0,1
100020,24,71900,2.3,RENT,D,debt_consolidation,12300,16.06,0.171,4,0,0
100021,32,98400,4.5,MORTGAGE,D,education,5900,7.67,0.06,14,0,0
100022,22,37800,4.8,MORTGAGE,B,home_improvement,5500,9.3,0.146,5,1,1
100023,20,32700,1.1,MORTGAGE,G,debt_consolidation,7200,9.83,0.22,2,1,1
100024,30,200300,4.6,MORTGAGE,E,credit_card,40000,8.58,0.2,12,1,0
100025,35,71500,10.4,MORTGAGE,D,debt_consolidation,9100,10.36,0.127,16,0,0
100026,28,44200,14.1,MORTGAGE,B,home_improvement,8800,9.59,0.199,11,0,1
100027,33,101900,1.4,RENT,C,credit_card,10300,11.63,0.101,16,0,0
100028,32,43500,4.1,RENT,A,debt_consolidation,3200,11.09,0.074,15,0,0
100029,29,61600,4.2,RENT,A,medical,13400,15.65,0.218,13,0,0
100030,30,37700,0.6,MORTGAGE,D,debt_consolidation,12000,8.76,0.318,14,0,0
100031,38,51100,10.0,MORTGAGE,D,credit_card,3000,5.49,0.059,20,0,0
100032,22,44300,2.3,MORTGAGE,F,home_improvement,30400,9.72,0.686,4,0,1
100033,34,34100,3.0,MORTGAGE,B,venture,8100,9.29,0.238,17,1,0
100034,21,58900,1.8,MORTGAGE,B,credit_card,4400,16.8,0.075,2,0,0
100035,23,36300,0.8,OTHER,C,education,9600,14.54,0.264,2,0,0
100036,37,70700,4.2,MORTGAGE,B,credit_card,4900,16.17,0.069,16,1,0
100037,21,43600,3.8,RENT,A,medical,3300,14.97,0.076,2,0,0
100038,27,20000,7.5,RENT,C,debt_consolidation,7000,5.4,0.35,10,0,0
100039,46,72500,6.3,MORTGAGE,B,small_business,7100,8.43,0.098,28,0,0
100040,36,73200,13.8,MORTGAGE,D,debt_consolidation,3400,6.1,0.046,20,0,0
100041,24,178000,13.9,MORTGAGE,C,venture,5300,17.14,0.03,7,0,0
100042,25,52000,1.8,RENT,E,venture,4600,14.52,0.088,9,0,0
100043,28,57000,5.1,MORTGAGE,D,credit_card,6700,12.93,0.118,12,0,0
100044,38,67100,2.5,RENT,B,credit_card,11600,9.45,0.173,22,1,0
100045,22,90300,4.6,RENT,E,home_improvement,8800,9.86,0.097,6,0,1
100046,22,87200,9.9,MORTGAGE,E,debt_consolidation,8000,8.4,0.092,7,0,0
100047,34,61400,2.8,MORTGAGE,B,home_improvement,3000,13.84,0.049,20,0,0
100048,20,50600,8.3,RENT,B,small_business,8000,11.87,0.158,2,0,0
100049,23,81900,9.7,RENT,D,credit_card,4500,14.0,0.055,8,0,1
100050,28,49500,1.5,MORTGAGE,A,debt_consolidation,3200,13.01,0.065,9,0,0
100051,29,25400,0.1,RENT,B,education,13100,14.47,0.516,10,1,0
100052,20,22600,9.4,RENT,A,debt_consolidation,3900,13.36,0.173,5,0,0
100053,31,43900,5.4,MORTGAGE,E,home_improvement,8500,15.47,0.194,13,0,1
100054,33,55000,1.4,MORTGAGE,D,debt_consolidation,6200,14.16,0.113,12,0,1
100055,24,200700,2.7,RENT,D,debt_consolidation,4800,9.65,0.024,4,0,0
100056,41,48200,0.5,MORTGAGE,E,debt_consolidation,15900,13.26,0.33,21,0,1
100057,31,52900,7.4,MORTGAGE,C,credit_card,5800,12.61,0.11,11,0,0
100058,22,41300,7.5,RENT,C,home_improvement,6000,10.81,0.145,5,0,0
100059,40,72400,3.0,RENT,A,credit_card,5400,11.44,0.075,20,1,0
100060,25,60100,0.5,RENT,A,home_improvement,8900,15.12,0.148,6,1,0
100061,30,36300,4.9,RENT,D,home_improvement,7400,13.45,0.204,11,1,0
100062,26,29500,3.5,MORTGAGE,C,debt_consolidation,5500,14.85,0.186,5,1,1
100063,33,41300,2.5,MORTGAGE,C,debt_consolidation,4900,11.64,0.119,12,0,1
100064,26,32400,0.8,OTHER,D,home_improvement,7900,15.64,0.244,10,0,0
100065,26,45400,0.2,RENT,D,home_improvement,5700,14.28,0.126,9,0,1
100066,28,55700,4.5,MORTGAGE,C,credit_card,20900,8.6,0.375,4,0,1
100067,25,39100,1.8,MORTGAGE,C,debt_consolidation,6100,10.21,0.156,6,0,0
100068,37,114700,2.5,MORTGAGE,B,medical,9700,8.44,0.085,21,1,0
100069,20,97500,1.7,OWN,A,debt_consolidation,7700,7.61,0.079,3,0,0
100070,29,45400,1.9,MORTGAGE,C,home_improvement,6900,21.15,0.152,15,0,0
100071,30,30300,17.9,MORTGAGE,B,debt_consolidation,13300,17.51,0.439,11,0,1
100072,28,50700,1.1,OWN,C,home_improvement,11100,15.66,0.219,11,0,1
100073,36,47900,6.7,OWN,E,credit_card,11000,13.12,0.23,16,0,0
100074,20,49800,2.5,OTHER,B,small_business,11000,9.55,0.221,2,0,0
100075,33,41400,5.4,RENT,A,debt_consolidation,3300,7.51,0.08,16,0,0
100076,20,28900,0.9,RENT,B,credit_card,10300,10.74,0.356,2,0,0
100077,25,52500,2.4,RENT,B,debt_consolidation,7100,8.91,0.135,12,0,0
100078,20,42500,0.5,MORTGAGE,D,small_business,6100,14.07,0.144,2,0,0
100079,27,44600,3.8,RENT,C,debt_consolidation,40000,12.05,0.897,8,0,1
100080,25,54300,0.2,RENT,E,debt_consolidation,3600,14.58,0.066,7,1,1
100081,40,49600,1.1,MORTGAGE,D,small_business,7700,12.37,0.155,24,1,0
100082,31,53600,7.7,RENT,C,debt_consolidation,7400,5.41,0.138,15,0,0
100083,32,41400,2.8,MORTGAGE,E,debt_consolidation,7700,10.88,0.186,11,0,1
100084,21,62800,5.5,RENT,A,medical,4600,12.9,0.073,6,0,0
100085,34,34700,2.2,MORTGAGE,A,medical,9200,12.49,0.265,16,1,0
100086,40,28300,3.4,RENT,A,medical,4400,9.5,0.155,17,0,0
100087,35,31600,12.1,MORTGAGE,D,debt_consolidation,9500,9.74,0.301,17,0,1
100088,20,35500,0.8,MORTGAGE,C,credit_card,8800,9.11,0.248,2,0,1
100089,26,25400,1.1,RENT,A,medical,7100,5.49,0.28,10,0,0
100090,30,20300,0.8,RENT,C,debt_consolidation,7800,11.4,0.384,13,1,0
100091,25,68000,0.1,MORTGAGE,A,small_business,19400,14.3,0.285,9,0,0
100092,47,103900,0.4,MORTGAGE,D,debt_consolidation,11100,9.79,0.107,31,0,0
100093,26,70000,0.0,RENT,C,education,8900,7.03,0.127,7,1,1
100094,29,39500,0.6,MORTGAGE,B,home_improvement,10200,15.08,0.258,11,0,1
100095,25,20000,16.4,RENT,B,credit_card,8300,16.41,0.415,9,0,0
100096,31,57300,2.0,MORTGAGE,D,credit_card,11000,9.91,0.192,13,0,0
100097,39,21300,4.5,MORTGAGE,B,debt_consolidation,5800,8.12,0.272,19,1,1
100098,30,49100,7.0,MORTGAGE,A,credit_card,27300,10.98,0.556,15,0,0
100099,27,33200,9.2,RENT,A,small_business,9000,12.51,0.271,9,0,1
100100,21,14700,2.7,RENT,F,credit_card,38300,9.88,0.9,2,0,1
100101,37,116300,2.8,RENT,F,credit_card,27400,5.85,0.236,23,0,0
100102,28,25800,1.8,RENT,D,debt_consolidation,6100,14.96,0.236,6,0,0
100103,28,42400,3.7,MORTGAGE,B,small_business,9200,12.37,0.217,9,0,0
100104,20,48000,0.7,MORTGAGE,F,credit_card,9900,17.08,0.206,2,1,1
100105,28,39800,0.9,RENT,D,debt_consolidation,13500,11.65,0.339,12,0,0
100106,26,66500,3.4,RENT,D,venture,8700,16.8,0.131,7,0,0
100107,20,34300,5.7,MORTGAGE,C,credit_card,15700,10.68,0.458,2,0,1
100108,36,63600,2.0,MORTGAGE,B,credit_card,3100,9.32,0.049,20,0,0
100109,25,61400,7.1,MORTGAGE,A,venture,5800,9.7,0.094,9,1,0
100110,42,24200,7.4,RENT,F,credit_card,7300,18.07,0.302,23,0,1
100111,39,58700,11.7,RENT,C,venture,5600,10.82,0.095,21,0,0
100112,24,28900,1.8,RENT,B,small_business,3100,17.19,0.107,4,0,0
100113,39,27100,9.5,MORTGAGE,B,home_improvement,13200,9.84,0.487,21,0,0
100114,40,60500,5.0,MORTGAGE,C,debt_consolidation,4400,6.52,0.073,22,0,0
100115,25,41200,4.0,RENT,A,debt_consolidation,5600,14.02,0.136,4,0,0
100116,22,63300,0.9,RENT,E,credit_card,12300,9.19,0.194,2,0,1
100117,20,63600,0.1,MORTGAGE,D,debt_consolidation,15900,12.59,0.25,2,1,0
100118,32,23500,3.5,RENT,D,debt_consolidation,5900,12.22,0.251,16,0,0
100119,22,77400,2.7,MORTGAGE,C,home_improvement,4600,12.17,0.059,5,0,0
100120,32,60300,1.7,RENT,D,small_business,5200,17.43,0.086,13,0,1
100121,25,37300,3.5,RENT,C,debt_consolidation,15000,12.41,0.402,12,0,1
100122,24,47800,2.2,RENT,D,small_business,15400,11.93,0.322,4,0,1
100123,25,78700,6.6,OTHER,A,venture,9800,10.22,0.125,8,0,0
100124,20,43200,3.1,RENT,C,small_business,9300,13.44,0.215,2,0,1
100125,25,164900,1.6,RENT,A,medical,3900,13.11,0.024,9,0,0
100126,24,117000,6.5,MORTGAGE,C,small_business,10500,10.05,0.09,6,1,1
100127,29,55000,0.4,RENT,B,debt_consolidation,12500,14.89,0.227,11,0,0
100128,30,45500,3.0,RENT,A,credit_card,8900,10.76,0.196,14,0,0
100129,22,46600,0.5,RENT,A,venture,9100,13.59,0.195,4,1,1
100130,37,37000,0.2,MORTGAGE,C,home_improvement,4600,6.73,0.124,20,0,0
100131,28,55200,4.6,RENT,A,medical,15400,14.79,0.279,10,0,0
100132,40,75200,3.7,MORTGAGE,F,venture,3800,8.91,0.051,17,0,1
100133,31,24500,1.4,MORTGAGE,C,debt_consolidation,8000,13.93,0.327,17,1,1
100134,29,73400,0.3,MORTGAGE,B,debt_consolidation,10400,16.11,0.142,12,0,0
100135,26,86100,2.0,RENT,C,home_improvement,15200,12.98,0.177,7,1,0
100136,33,70600,0.5,MORTGAGE,A,debt_consolidation,14500,15.65,0.205,18,1,0
100137,29,48000,4.6,OWN,F,home_improvement,15200,7.62,0.317,9,1,1
100138,35,69000,6.8,MORTGAGE,C,medical,6900,11.2,0.1,15,0,0
100139,40,105300,4.2,RENT,E,home_improvement,29100,9.17,0.276,19,0,0
100140,24,49900,3.5,MORTGAGE,A,debt_consolidation,14700,9.12,0.295,6,0,1
100141,33,52200,3.7,MORTGAGE,C,small_business,6700,5.82,0.128,14,0,0
100142,33,166500,1.5,OWN,C,debt_consolidation,6900,11.79,0.041,14,0,0
100143,32,61000,2.8,RENT,F,education,12300,14.89,0.202,11,0,1
100144,26,29600,3.3,MORTGAGE,C,debt_consolidation,6300,16.06,0.213,7,0,0
100145,26,83300,2.8,MORTGAGE,C,education,4000,7.7,0.048,9,0,1
100146,25,64300,4.8,OWN,B,credit_card,8500,9.77,0.132,10,0,0
100147,25,35900,5.2,MORTGAGE,B,credit_card,2300,8.83,0.064,7,0,0
100148,23,28100,3.2,MORTGAGE,C,credit_card,9900,8.59,0.352,4,1,0
100149,28,58800,6.7,RENT,C,debt_consolidation,11500,10.43,0.196,11,1,0
100150,24,49900,3.5,RENT,A,credit_card,7000,11.57,0.14,8,0,1
100151,32,26000,6.9,RENT,E,medical,15300,10.46,0.588,16,1,1
100152,29,49100,1.9,MORTGAGE,E,medical,12900,6.49,0.263,12,1,0
100153,30,47400,8.8,RENT,A,debt_consolidation,4600,14.99,0.097,10,0,0
100154,27,49800,1.8,MORTGAGE,C,home_improvement,8300,12.14,0.167,9,1,1
100155,29,67500,7.0,OTHER,A,medical,6100,12.92,0.09,11,0,1
100156,27,19600,0.9,OWN,D,medical,6800,13.12,0.347,4,0,1
100157,34,28000,1.1,MORTGAGE,B,credit_card,15200,13.72,0.543,16,0,1
100158,26,39400,2.1,MORTGAGE,D,debt_consolidation,11400,12.05,0.289,11,0,0
100159,32,106900,10.8,RENT,D,education,5500,8.5,0.051,13,0,0
100160,20,189500,5.7,MORTGAGE,D,credit_card,9200,16.96,0.049,2,0,0
100161,34,51700,4.5,MORTGAGE,A,credit_card,5300,13.8,0.103,15,0,0
100162,25,52800,1.9,MORTGAGE,F,small_business,6200,8.27,0.117,6,0,0
100163,23,13400,5.0,RENT,B,debt_consolidation,18900,8.32,0.9,7,0,0
100164,21,84700,1.8,RENT,A,medical,32900,18.66,0.388,8,0,0
100165,20,66000,6.8,MORTGAGE,C,debt_consolidation,21600,10.92,0.327,2,0,0
100166,26,60200,1.4,MORTGAGE,B,small_business,9400,9.06,0.156,6,0,0
100167,39,26000,2.4,MORTGAGE,E,venture,9000,9.59,0.346,19,0,0
100168,24,153100,4.2,MORTGAGE,E,venture,14200,13.12,0.093,8,0,1
100169,20,118900,5.2,MORTGAGE,B,education,8600,9.79,0.072,3,0,0
100170,32,60600,7.9,MORTGAGE,F,education,3700,11.98,0.061,16,1,1
100171,21,88900,0.4,MORTGAGE,B,debt_consolidation,22000,19.81,0.247,2,0,0
100172,35,53000,0.7,MORTGAGE,C,venture,4200,5.84,0.079,20,0,0
100173,26,81000,7.8,RENT,B,education,15700,10.04,0.194,8,1,0
100174,27,25100,0.5,RENT,F,credit_card,12300,11.72,0.49,8,1,1
100175,37,14800,13.3,OWN,A,credit_card,22500,5.4,0.9,15,1,0
100176,33,25600,2.4,RENT,A,debt_consolidation,13000,13.36,0.508,14,0,0
100177,20,33100,1.2,MORTGAGE,C,home_improvement,5900,14.72,0.178,2,0,1
100178,21,36200,4.4,RENT,G,small_business,14700,6.5,0.406,2,0,1
100179,20,65900,16.5,MORTGAGE,E,credit_card,6600,11.21,0.1,3,0,0
100180,47,44700,10.6,RENT,D,credit_card,4700,12.16,0.105,28,0,0
100181,23,50700,0.7,MORTGAGE,E,home_improvement,3000,13.57,0.059,3,0,1
100182,37,26900,5.2,MORTGAGE,E,debt_consolidation,7600,21.11,0.283,17,0,1
100183,25,25600,0.6,RENT,C,venture,3200,8.83,0.125,4,0,1
100184,21,52700,9.6,MORTGAGE,B,debt_consolidation,17900,13.43,0.34,2,0,0
100185,29,38200,1.7,OWN,D,debt_consolidation,3400,11.04,0.089,10,0,0
100186,27,51700,6.8,MORTGAGE,D,debt_consolidation,6600,10.43,0.128,9,0,1
100187,35,69500,7.6,OTHER,B,medical,6700,11.56,0.096,18,0,0
100188,35,127000,2.0,MORTGAGE,A,education,8900,12.98,0.07,20,0,0
100189,25,51000,2.2,MORTGAGE,D,debt_consolidation,5000,11.53,0.098,9,0,1
100190,20,139700,13.4,MORTGAGE,B,debt_consolidation,15100,12.49,0.108,2,0,0
100191,21,64400,4.4,OWN,F,credit_card,8900,11.21,0.138,5,0,1
100192,20,75300,11.5,MORTGAGE,B,debt_consolidation,8000,8.13,0.106,4,0,0
100193,27,92000,15.7,RENT,A,small_business,5700,14.47,0.062,11,0,0
100194,29,76600,5.1,MORTGAGE,E,debt_consolidation,11000,15.2,0.144,10,0,0
100195,21,33200,2.3,OWN,A,credit_card,17500,15.03,0.527,6,0,0
100196,20,93500,2.8,MORTGAGE,A,credit_card,35700,13.93,0.382,2,1,0
100197,29,42000,6.1,RENT,C,credit_card,4800,8.71,0.114,13,0,0
100198,25,60800,2.3,MORTGAGE,E,credit_card,7500,8.07,0.123,9,0,1
100199,28,55400,7.1,MORTGAGE,B,debt_consolidation,2800,14.8,0.051,11,0,0
100200,26,96700,5.0,RENT,B,debt_consolidation,11800,7.16,0.122,4,0,0
100201,31,64000,4.0,MORTGAGE,D,debt_consolidation,3800,9.03,0.059,13,0,0
100202,25,24000,1.3,MORTGAGE,G,debt_consolidation,9400,19.23,0.392,9,0,0
100203,26,162800,2.7,RENT,C,venture,16000,13.33,0.098,8,0,1
100204,20,81600,0.8,MORTGAGE,A,debt_consolidation,6500,12.07,0.08,2,0,0
100205,29,38100,7.3,RENT,A,debt_consolidation,4900,5.4,0.129,10,0,0
100206,30,27600,2.2,MORTGAGE,B,debt_consolidation,16700,9.08,0.605,11,0,0
100207,28,86900,2.0,RENT,A,small_business,12000,14.51,0.138,10,0,0
100208,42,29400,0.4,MORTGAGE,D,education,4400,6.16,0.15,26,0,0
100209,30,80000,5.2,RENT,A,medical,8800,12.95,0.11,11,0,0
100210,28,92800,2.9,OWN,C,home_improvement,5100,6.52,0.055,11,0,0
100211,32,36000,2.0,MORTGAGE,D,medical,14500,9.25,0.403,9,0,0
100212,44,34300,1.2,RENT,C,credit_card,8700,5.84,0.254,25,0,0
100213,31,39800,1.8,OWN,B,medical,18800,11.84,0.472,14,1,0
100214,20,29900,1.5,MORTGAGE,E,medical,4900,5.4,0.164,4,0,0
100215,32,58500,11.8,MORTGAGE,D,debt_consolidation,9200,11.2,0.157,12,0,0
100216,23,63200,0.8,OWN,D,credit_card,8000,13.8,0.127,6,0,0
100217,20,76900,13.3,OWN,A,debt_consolidation,9300,12.22,0.121,4,0,0
100218,41,32600,0.4,MORTGAGE,A,debt_consolidation,5900,13.17,0.181,21,0,0
100219,39,81800,0.5,OWN,F,medical,2300,12.31,0.028,18,0,0
100220,23,29900,0.6,RENT,B,debt_consolidation,11800,11.17,0.395,2,1,0
100221,23,81800,1.1,RENT,B,small_business,8300,11.25,0.101,2,0,0
100222,30,22800,2.4,RENT,C,venture,5100,12.55,0.224,13,1,1
100223,23,122100,1.0,RENT,D,credit_card,6100,7.57,0.05,5,0,0
100224,28,38700,5.2,MORTGAGE,F,credit_card,4300,10.07,0.111,9,0,0
100225,24,71600,2.1,RENT,B,home_improvement,2900,18.82,0.041,4,0,0
100226,26,74800,6.7,MORTGAGE,F,medical,14300,13.25,0.191,10,0,0
100227,20,25600,0.9,RENT,A,debt_consolidation,11100,16.0,0.434,2,0,0
100228,35,81600,6.6,RENT,C,debt_consolidation,3900,12.73,0.048,18,0,0
100229,37,38100,1.4,MORTGAGE,D,home_improvement,32500,8.87,0.853,17,0,1
100230,28,43500,0.4,RENT,A,education,4400,10.4,0.101,8,0,0
100231,29,35600,0.8,MORTGAGE,A,debt_consolidation,12000,5.4,0.337,13,1,0
100232,33,125200,0.5,MORTGAGE,C,credit_card,8100,16.45,0.065,15,1,0
100233,29,27100,11.9,MORTGAGE,F,venture,4000,14.72,0.148,11,0,0
100234,41,65300,0.6,OWN,C,debt_consolidation,9800,8.49,0.15,24,0,0
100235,20,36600,0.5,OWN,F,debt_consolidation,7300,14.25,0.199,4,0,0
100236,35,93900,0.9,RENT,E,home_improvement,5700,13.93,0.061,19,0,0
100237,28,184700,4.2,MORTGAGE,C,debt_consolidation,16700,11.78,0.09,8,0,0
100238,21,36400,0.5,RENT,E,debt_consolidation,11400,13.21,0.313,2,0,0
100239,45,55700,1.9,RENT,A,home_improvement,12000,13.55,0.215,25,1,0
100240,46,41700,7.2,MORTGAGE,A,home_improvement,7200,12.88,0.173,28,0,0
100241,28,91200,1.4,MORTGAGE,E,credit_card,9800,12.04,0.107,9,1,0
100242,32,44900,0.5,MORTGAGE,E,credit_card,8000,11.81,0.178,13,0,0
100243,26,84800,5.9,MORTGAGE,B,home_improvement,10700,9.46,0.126,8,0,0
100244,27,41400,1.4,MORTGAGE,C,home_improvement,4700,14.77,0.114,8,0,0
100245,21,177000,3.5,MORTGAGE,C,medical,2200,18.63,0.012,8,0,0
100246,20,15400,0.1,RENT,E,medical,17100,7.47,0.9,2,1,1
100247,42,63400,0.8,RENT,C,home_improvement,8000,11.62,0.126,24,0,0
100248,29,51200,0.7,MORTGAGE,C,education,11100,9.15,0.217,8,0,0
100249,29,50200,6.2,MORTGAGE,B,medical,5600,13.48,0.112,11,1,1
100250,23,60300,0.4,RENT,C,debt_consolidation,7200,13.04,0.119,2,0,0
100251,30,53200,3.4,RENT,D,venture,18700,11.98,0.352,12,1,1
100252,20,58100,2.7,RENT,E,education,9900,9.37,0.17,2,1,0
100253,24,64500,2.9,MORTGAGE,C,debt_consolidation,27200,9.8,0.422,8,0,0
100254,21,134900,1.2,RENT,B,debt_consolidation,13200,8.76,0.098,2,1,0
100255,38,12000,11.9,RENT,B,home_improvement,5600,5.4,0.467,17,0,1
100256,20,142300,0.1,RENT,D,credit_card,10300,15.92,0.072,2,0,0
100257,21,210600,2.5,RENT,E,small_business,20400,13.91,0.097,4,0,1
100258,20,19700,0.3,MORTGAGE,A,credit_card,9100,16.15,0.462,2,0,0
100259,23,52900,5.0,OWN,A,debt_consolidation,11600,10.24,0.219,4,0,0
100260,26,109600,2.0,RENT,C,debt_consolidation,17600,13.26,0.161,9,0,1
100261,36,85400,0.2,MORTGAGE,A,education,2200,8.45,0.026,13,0,0
100262,27,129600,2.8,MORTGAGE,E,debt_consolidation,11900,9.45,0.092,8,1,1
100263,26,63200,5.6,MORTGAGE,B,small_business,17000,18.88,0.269,8,0,0
100264,31,16800,4.5,RENT,A,debt_consolidation,5300,10.16,0.315,13,0,1
100265,26,105600,0.2,RENT,F,credit_card,14400,14.91,0.136,8,1,0
100266,46,73100,1.5,OWN,A,credit_card,8100,12.4,0.111,28,1,0
100267,25,115400,16.9,OWN,B,debt_consolidation,3200,6.48,0.028,8,0,0
100268,32,22200,0.7,RENT,A,home_improvement,12500,11.02,0.563,18,0,0
100269,35,26400,4.0,MORTGAGE,A,small_business,8100,12.86,0.307,18,1,0
100270,25,52000,1.5,RENT,A,debt_consolidation,7800,14.06,0.15,4,1,0
100271,30,107300,6.0,RENT,A,credit_card,11600,5.4,0.108,14,0,0
100272,25,125000,2.5,RENT,A,small_business,4800,8.02,0.038,7,0,0
100273,31,34600,1.9,MORTGAGE,A,small_business,12400,12.62,0.358,12,1,0
100274,30,41200,12.9,RENT,C,credit_card,4900,8.11,0.119,9,1,0
100275,28,250100,5.8,RENT,D,medical,18600,15.89,0.074,9,1,0
100276,21,38000,12.1,RENT,B,debt_consolidation,15200,11.28,0.4,3,0,0
100277,42,74700,7.6,RENT,B,debt_consolidation,18900,13.25,0.253,25,0,0
100278,33,40200,2.5,RENT,C,home_improvement,10500,16.16,0.261,13,0,0
100279,20,66900,7.5,MORTGAGE,E,small_business,6400,7.13,0.096,2,0,0
100280,26,32000,2.1,MORTGAGE,E,medical,5500,13.16,0.172,7,0,1
100281,20,32500,5.8,RENT,A,debt_consolidation,5300,11.99,0.163,2,0,0
100282,34,42000,10.1,RENT,B,credit_card,7400,12.09,0.176,13,1,0
100283,29,38200,19.9,MORTGAGE,B,home_improvement,5600,10.69,0.147,9,0,0
100284,29,43600,15.4,RENT,B,debt_consolidation,9700,12.07,0.222,10,0,1
100285,23,68800,4.9,RENT,C,credit_card,5200,5.4,0.076,6,0,0
100286,27,145800,2.8,MORTGAGE,C,home_improvement,5800,15.98,0.04,9,0,0
100287,35,37200,4.4,MORTGAGE,A,debt_consolidation,6600,6.69,0.177,15,1,0
100288,36,29900,4.1,MORTGAGE,B,credit_card,5300,17.89,0.177,17,1,1
100289,35,51800,16.4,RENT,C,debt_consolidation,6700,8.08,0.129,14,1,0
100290,20,32300,1.2,RENT,A,education,11200,7.93,0.347,3,0,0
100291,28,21000,12.0,RENT,E,debt_consolidation,5000,12.96,0.238,13,0,0
100292,31,92500,10.6,MORTGAGE,A,debt_consolidation,4200,12.48,0.045,13,0,0
100293,24,53900,2.3,MORTGAGE,F,debt_consolidation,7300,13.12,0.135,7,0,0
100294,20,56800,1.3,RENT,A,debt_consolidation,4300,12.8,0.076,2,0,0
100295,20,17900,2.3,RENT,E,debt_consolidation,16900,10.99,0.9,2,0,1
100296,39,37400,3.5,RENT,F,home_improvement,5500,10.18,0.147,21,1,1
100297,21,23700,3.8,RENT,G,debt_consolidation,8300,13.6,0.35,5,0,1
100298,29,51000,2.0,MORTGAGE,E,debt_consolidation,10400,9.01,0.204,10,0,0
100299,28,55500,10.3,RENT,D,debt_consolidation,4000,11.93,0.072,10,0,0
100300,28,55500,4.6,OWN,D,credit_card,5100,5.4,0.092,8,0,1
100301,27,35700,9.2,MORTGAGE,D,debt_consolidation,5700,12.41,0.16,10,0,0
100302,35,32200,3.8,OWN,A,home_improvement,12500,11.85,0.388,16,1,0
100303,29,46300,1.1,OWN,C,small_business,22200,11.35,0.479,10,0,0
100304,25,62700,2.4,OWN,C,small_business,22500,17.64,0.359,5,0,1
100305,29,37500,3.2,OTHER,E,debt_consolidation,16300,16.88,0.435,10,0,0
100306,20,30800,2.4,RENT,C,education,4100,14.79,0.133,3,0,1
100307,32,31500,13.1,RENT,B,small_business,5000,14.71,0.159,15,0,0
100308,24,35900,4.3,RENT,D,debt_consolidation,17400,11.88,0.485,8,0,1
100309,25,40200,1.0,MORTGAGE,B,credit_card,18800,12.61,0.468,6,0,1
100310,33,28200,5.7,MORTGAGE,A,small_business,12600,13.06,0.447,15,0,0
100311,26,40300,3.1,RENT,C,debt_consolidation,12600,13.67,0.313,10,0,1
100312,27,101700,3.5,MORTGAGE,C,credit_card,6400,11.76,0.063,7,0,0
100313,37,43800,10.4,MORTGAGE,B,home_improvement,20800,13.45,0.475,21,0,0
100314,22,26100,2.7,MORTGAGE,B,debt_consolidation,5400,11.73,0.207,7,0,1
100315,32,14900,1.7,RENT,B,venture,3300,13.02,0.221,12,1,0
100316,36,141500,4.4,RENT,B,debt_consolidation,12600,14.8,0.089,23,0,0
100317,37,96400,0.4,MORTGAGE,B,debt_consolidation,5900,9.14,0.061,18,0,0
100318,44,60300,0.9,RENT,D,debt_consolidation,4000,11.98,0.066,23,0,1
100319,25,97700,7.6,MORTGAGE,B,credit_card,13100,11.77,0.134,5,0,0
100320,23,68900,6.1,RENT,F,education,3000,7.83,0.044,5,1,0
100321,35,49400,0.8,RENT,F,medical,10400,16.51,0.211,16,1,0
100322,36,26100,2.5,RENT,C,education,6300,8.53,0.241,16,0,1
100323,23,147200,1.9,MORTGAGE,B,credit_card,19600,16.66,0.133,2,0,1
100324,32,40500,10.4,RENT,C,credit_card,10400,6.67,0.257,11,0,0
100325,48,41800,4.5,OWN,E,credit_card,14600,6.11,0.349,33,0,0
100326,30,52600,3.6,RENT,D,debt_consolidation,4500,10.29,0.086,13,1,0
100327,35,53100,2.0,OWN,E,education,3200,12.93,0.06,19,0,1
100328,40,70700,8.9,RENT,C,credit_card,6600,12.91,0.093,20,0,0
100329,47,66400,2.8,RENT,D,credit_card,11300,16.15,0.17,28,0,0
100330,31,37500,3.3,OTHER,B,credit_card,8400,8.73,0.224,11,1,0
100331,38,52300,4.7,MORTGAGE,D,medical,15300,14.83,0.293,19,0,0
100332,23,69500,0.2,MORTGAGE,B,debt_consolidation,10900,5.53,0.157,7,0,0
100333,29,35800,2.6,MORTGAGE,D,small_business,4500,8.02,0.126,10,0,0
100334,26,114200,4.6,RENT,E,small_business,10500,10.55,0.092,8,0,1
100335,20,51000,3.2,MORTGAGE,A,medical,8900,7.54,0.175,2,0,0
100336,20,124100,0.8,RENT,C,debt_consolidation,16300,13.47,0.131,3,0,0
100337,32,24000,0.1,MORTGAGE,A,debt_consolidation,4900,9.16,0.204,13,0,0
100338,32,73900,0.5,OWN,D,credit_card,5600,15.11,0.076,16,0,0
100339,22,31600,10.1,MORTGAGE,A,medical,10100,14.63,0.32,3,0,0
100340,40,36400,0.7,MORTGAGE,F,venture,17600,9.07,0.484,27,0,0
100341,21,84800,4.8,MORTGAGE,A,home_improvement,7300,10.23,0.086,5,0,0
100342,31,45400,0.6,MORTGAGE,F,debt_consolidation,11200,11.18,0.247,13,0,1
100343,26,215000,3.4,RENT,E,debt_consolidation,8300,16.38,0.039,8,0,0
100344,30,68500,1.7,OWN,C,home_improvement,7900,8.11,0.115,15,0,0
100345,35,35100,3.5,MORTGAGE,E,debt_consolidation,15300,5.4,0.436,18,1,1
100346,34,68600,9.1,RENT,E,credit_card,8600,9.98,0.125,17,0,0
100347,34,45200,2.4,MORTGAGE,F,medical,6400,8.19,0.142,20,0,0
100348,33,81400,0.8,RENT,B,credit_card,6100,5.99,0.075,15,0,0
100349,20,43800,0.7,MORTGAGE,C,credit_card,6800,11.37,0.155,2,0,0
100350,37,64500,1.4,MORTGAGE,A,debt_consolidation,5500,7.28,0.085,19,0,0
100351,22,57500,1.7,RENT,C,debt_consolidation,7100,12.72,0.123,6,0,0
100352,28,53800,10.7,RENT,A,small_business,8400,7.17,0.156,11,0,0
100353,27,91400,7.2,MORTGAGE,C,credit_card,9500,22.13,0.104,7,0,0
100354,31,19100,0.1,RENT,C,debt_consolidation,4700,15.31,0.246,13,0,0
100355,26,54400,2.4,OTHER,C,debt_consolidation,6400,8.86,0.118,11,0,0
100356,28,35000,10.8,RENT,C,debt_consolidation,6600,8.72,0.189,7,0,0
100357,40,24500,9.8,RENT,D,home_improvement,5300,10.82,0.216,19,0,0
100358,20,32500,2.1,RENT,E,home_improvement,5900,14.15,0.182,2,0,1
100359,29,36600,1.6,MORTGAGE,C,credit_card,13300,9.89,0.363,13,0,0
100360,21,45300,0.3,MORTGAGE,C,credit_card,17200,7.32,0.38,2,0,0
100361,34,62000,4.4,MORTGAGE,F,debt_consolidation,6800,6.28,0.11,16,0,0
100362,24,69400,0.5,OWN,A,credit_card,5500,11.43,0.079,7,0,0
100363,29,41200,3.9,MORTGAGE,A,debt_consolidation,7700,8.89,0.187,11,0,1
100364,20,123200,9.7,RENT,A,education,8500,12.52,0.069,2,0,0
100365,38,42000,3.0,RENT,D,debt_consolidation,11900,5.4,0.283,20,1,1
100366,30,17700,1.1,OWN,C,credit_card,6500,13.2,0.367,10,0,0
100367,30,42600,2.3,RENT,D,debt_consolidation,6000,10.34,0.141,12,0,0
100368,35,52900,0.3,OWN,D,medical,31200,5.4,0.59,15,0,1
100369,20,12000,1.9,OWN,B,debt_consolidation,4000,12.8,0.333,3,0,0
100370,25,100100,1.6,MORTGAGE,E,education,13300,13.29,0.133,7,0,0
100371,30,48800,11.0,MORTGAGE,D,debt_consolidation,18400,8.6,0.377,9,0,0
100372,20,27300,2.5,OWN,B,medical,7000,13.83,0.256,3,0,0
100373,20,30400,6.9,MORTGAGE,B,home_improvement,10300,6.58,0.339,2,0,0
100374,23,78400,7.6,MORTGAGE,B,debt_consolidation,3200,5.4,0.041,6,1,0
100375,21,83800,0.9,RENT,A,debt_consolidation,8200,10.89,0.098,3,0,0
100376,27,36100,4.2,MORTGAGE,A,credit_card,15300,8.31,0.424,11,0,0
100377,33,24500,4.0,RENT,F,medical,8700,7.01,0.355,16,0,1
100378,34,55400,0.5,OWN,C,education,8300,13.55,0.15,17,0,0
100379,42,61300,1.5,MORTGAGE,B,debt_consolidation,21000,12.27,0.343,20,0,0
100380,29,70300,0.6,MORTGAGE,D,credit_card,12700,17.4,0.181,10,0,0
100381,30,37800,8.4,RENT,C,debt_consolidation,12000,13.0,0.317,7,0,1
100382,29,48200,3.3,MORTGAGE,F,debt_consolidation,5200,13.49,0.108,8,0,0
100383,31,52100,7.1,RENT,E,home_improvement,2100,8.36,0.04,15,1,1
100384,32,87700,7.3,MORTGAGE,C,credit_card,9900,5.4,0.113,13,0,0
100385,35,107100,1.6,RENT,B,debt_consolidation,8100,18.62,0.076,19,0,0
100386,35,124300,3.2,OWN,G,education,12300,13.27,0.099,15,0,1
100387,33,105500,1.1,MORTGAGE,D,small_business,8700,17.27,0.082,14,0,1
100388,40,139700,20.7,RENT,F,medical,8300,7.25,0.059,22,0,0
100389,29,90000,8.6,RENT,A,debt_consolidation,8200,15.12,0.091,14,0,0
100390,25,37300,6.3,RENT,E,education,4400,12.54,0.118,9,0,0
100391,26,119800,1.4,RENT,D,home_improvement,2900,15.32,0.024,7,0,0
100392,28,24200,6.3,RENT,A,credit_card,5000,13.59,0.207,9,1,0
100393,21,189200,10.7,MORTGAGE,C,debt_consolidation,4400,10.68,0.023,3,0,0
100394,25,30100,0.2,RENT,D,education,7900,12.51,0.262,12,1,1
100395,21,84000,3.4,RENT,A,credit_card,3300,10.23,0.039,3,0,0
100396,31,114000,5.3,MORTGAGE,C,medical,6200,14.51,0.054,11,0,0
100397,31,66300,4.9,RENT,E,home_improvement,23400,8.63,0.353,11,1,0
100398,20,16700,3.8,RENT,B,medical,7800,8.97,0.467,2,0,0
100399,24,30600,2.1,MORTGAGE,C,small_business,8300,10.92,0.271,6,0,1
100400,42,62700,8.7,RENT,C,education,8200,13.71,0.131,22,0,0
100401,33,73100,0.5,MORTGAGE,B,debt_consolidation,9100,11.69,0.124,17,0,0
100402,32,46700,3.8,OWN,F,debt_consolidation,6100,10.32,0.131,12,0,0
100403,24,53700,6.4,MORTGAGE,E,small_business,7400,15.3,0.138,8,0,0
100404,31,23000,0.2,MORTGAGE,A,credit_card,6000,13.62,0.261,13,0,0
100405,29,136700,4.6,MORTGAGE,G,home_improvement,3600,9.85,0.026,10,0,1
100406,23,41900,1.9,MORTGAGE,E,small_business,15400,7.75,0.368,2,0,1
100407,26,79500,5.0,MORTGAGE,B,credit_card,5000,10.87,0.063,7,0,0
100408,26,111500,8.3,RENT,E,medical,19500,9.26,0.175,8,0,0
100409,20,27300,7.5,MORTGAGE,A,debt_consolidation,5300,8.72,0.194,2,1,0
100410,20,55300,3.5,OWN,G,medical,3800,14.2,0.069,3,0,0
100411,28,60000,2.8,MORTGAGE,D,debt_consolidation,23500,15.56,0.392,9,0,0
100412,23,44700,0.2,RENT,D,home_improvement,3600,11.29,0.081,6,0,0
100413,27,85800,2.7,RENT,A,education,2300,11.48,0.027,7,1,0
100414,20,35700,2.2,MORTGAGE,E,debt_consolidation,3700,8.84,0.104,4,0,1
100415,35,53100,0.2,RENT,A,debt_consolidation,7500,7.67,0.141,19,0,0
100416,44,42000,14.4,MORTGAGE,B,debt_consolidation,3900,14.36,0.093,27,0,0
100417,36,185200,2.9,MORTGAGE,A,credit_card,5900,6.93,0.032,19,0,0
100418,37,35800,0.9,RENT,D,credit_card,2600,9.27,0.073,18,0,0
100419,33,77600,3.5,RENT,B,debt_consolidation,14700,9.15,0.189,15,0,0
100420,31,138400,1.4,MORTGAGE,F,education,10200,13.03,0.074,12,0,1
100421,30,31100,16.6,OWN,D,debt_consolidation,4000,10.79,0.129,14,0,0
100422,23,54300,8.0,MORTGAGE,A,credit_card,2300,9.45,0.042,5,1,0
100423,34,30000,0.8,OWN,A,home_improvement,4900,16.39,0.163,14,0,0
100424,33,17000,2.2,OWN,A,debt_consolidation,11600,17.37,0.682,15,0,1
100425,26,33500,0.0,MORTGAGE,C,debt_consolidation,14600,12.9,0.436,7,0,1
100426,33,37700,5.0,RENT,E,venture,7100,12.02,0.188,15,1,0
100427,24,38900,6.4,MORTGAGE,B,home_improvement,6100,9.69,0.157,6,0,0
100428,25,43700,10.1,MORTGAGE,E,debt_consolidation,5900,11.43,0.135,4,0,0
100429,34,51700,6.1,RENT,A,medical,9600,7.16,0.186,14,1,0
100430,32,26700,0.6,OWN,E,credit_card,13200,15.06,0.494,13,0,0
100431,27,62500,1.0,RENT,F,debt_consolidation,7500,11.03,0.12,12,0,1
100432,27,100400,7.3,OWN,D,small_business,6600,9.02,0.066,5,0,0
100433,30,107100,10.0,MORTGAGE,D,credit_card,12400,10.31,0.116,13,0,0
100434,20,44700,3.1,RENT,E,debt_consolidation,18400,14.04,0.412,5,0,0
100435,24,84300,3.3,OWN,A,education,6900,10.58,0.082,8,0,0
100436,20,35400,3.4,MORTGAGE,B,debt_consolidation,8500,8.67,0.24,2,0,1
100437,29,42700,4.7,MORTGAGE,A,debt_consolidation,5400,5.4,0.126,11,1,0
100438,37,64200,10.1,MORTGAGE,C,debt_consolidation,8500,11.22,0.132,20,0,0
100439,32,42900,1.4,RENT,D,small_business,4900,12.85,0.114,17,0,0
100440,25,25700,2.0,RENT,D,small_business,17700,9.73,0.689,8,0,0
100441,24,81500,2.3,RENT,E,education,13200,8.64,0.162,6,0,1
100442,24,32700,8.3,RENT,A,debt_consolidation,21100,7.45,0.645,8,0,0
100443,43,38700,11.1,RENT,D,medical,6000,10.15,0.155,25,1,1
100444,29,92200,3.0,MORTGAGE,B,home_improvement,25300,7.49,0.274,11,0,0
100445,30,69200,0.2,RENT,B,debt_consolidation,9300,7.47,0.134,13,0,0
100446,20,56800,2.5,MORTGAGE,D,debt_consolidation,7500,9.78,0.132,2,0,0
100447,21,23000,4.8,RENT,G,medical,16200,18.28,0.704,9,0,1
100448,29,27200,0.6,RENT,C,debt_consolidation,4600,19.91,0.169,11,0,0
100449,26,64100,1.9,OWN,A,home_improvement,8300,15.74,0.129,8,1,0
100450,30,72900,4.1,OTHER,C,credit_card,7400,13.82,0.102,14,0,0
100451,30,59200,11.3,MORTGAGE,A,debt_consolidation,10200,5.4,0.172,14,0,1
100452,33,39700,2.6,RENT,E,venture,6300,21.13,0.159,14,1,0
100453,20,39000,7.0,MORTGAGE,D,medical,6000,12.91,0.154,2,0,0
100454,21,58000,19.5,RENT,A,credit_card,6600,7.54,0.114,2,0,0
100455,28,25900,1.8,MORTGAGE,A,small_business,6900,21.17,0.266,11,1,0
100456,24,54200,15.0,OWN,B,credit_card,8500,11.15,0.157,5,0,0
100457,27,24000,8.6,RENT,G,small_business,16500,14.5,0.688,9,0,1
100458,30,28900,0.3,OWN,C,debt_consolidation,2500,10.37,0.087,12,0,0
100459,24,56800,0.7,MORTGAGE,E,credit_card,12400,13.54,0.218,3,0,1
100460,30,71000,9.5,RENT,D,debt_consolidation,6200,13.97,0.087,13,0,0
100461,33,62200,3.5,RENT,C,credit_card,7300,14.6,0.117,17,0,0
100462,29,27900,4.3,MORTGAGE,A,credit_card,4500,16.12,0.161,11,0,0
100463,34,18400,2.4,RENT,F,debt_consolidation,8300,12.06,0.451,17,0,1
100464,20,51300,4.6,RENT,B,venture,6500,12.26,0.127,2,0,0
100465,25,18100,5.0,RENT,C,debt_consolidation,7200,11.33,0.398,7,0,1
100466,35,86600,2.9,OWN,D,debt_consolidation,11200,7.74,0.129,18,0,0
100467,23,28400,0.3,RENT,D,credit_card,11500,8.24,0.405,2,1,0
100468,22,176100,4.9,OWN,F,home_improvement,17700,10.39,0.101,2,0,0
100469,28,30400,3.6,MORTGAGE,A,debt_consolidation,5900,16.04,0.194,7,0,0
100470,29,66500,8.2,RENT,C,credit_card,11800,13.19,0.177,14,0,0
100471,25,34400,0.9,RENT,C,small_business,11500,11.16,0.334,6,0,0
100472,42,47000,2.8,MORTGAGE,C,debt_consolidation,8500,10.55,0.181,27,0,0
100473,31,57000,3.1,RENT,A,venture,20500,7.3,0.36,13,0,1
100474,23,82700,1.7,RENT,A,debt_consolidation,5700,8.26,0.069,9,0,0
100475,20,90300,11.9,RENT,B,home_improvement,8800,12.06,0.097,4,0,0
100476,32,76900,0.3,OWN,B,debt_consolidation,9600,11.53,0.125,13,0,0
100477,23,91200,6.1,MORTGAGE,C,small_business,4200,14.3,0.046,5,0,0
100478,44,36700,3.6,MORTGAGE,C,medical,16200,10.72,0.441,24,0,0
100479,32,73600,4.9,RENT,D,debt_consolidation,7600,13.54,0.103,15,1,1
100480,33,42700,0.2,MORTGAGE,C,debt_consolidation,10300,5.99,0.241,17,0,0
100481,31,88600,2.0,MORTGAGE,C,debt_consolidation,19300,8.08,0.218,17,0,0
100482,37,54900,0.0,RENT,B,debt_consolidation,9100,12.45,0.166,22,0,0
100483,20,72500,2.6,OTHER,C,venture,8300,11.56,0.114,3,0,0
100484,21,60500,2.7,MORTGAGE,B,home_improvement,8400,14.16,0.139,4,0,1
100485,36,78300,6.6,RENT,A,home_improvement,4700,15.73,0.06,18,0,0
100486,40,33100,1.6,OWN,C,venture,6600,15.9,0.199,26,0,0
100487,20,21700,6.8,MORTGAGE,C,medical,7500,17.21,0.346,2,1,1
100488,20,88800,0.5,MORTGAGE,B,medical,8600,18.06,0.097,2,0,0
100489,30,108000,0.3,RENT,C,debt_consolidation,17300,10.22,0.16,10,0,1
100490,32,48400,2.2,OWN,C,debt_consolidation,13500,19.78,0.279,16,0,0
100491,30,80500,9.3,RENT,D,debt_consolidation,5900,21.9,0.073,14,1,1
100492,29,21000,6.8,MORTGAGE,D,credit_card,8000,6.81,0.381,12,0,1
100493,20,36600,7.9,RENT,D,credit_card,17500,9.38,0.478,3,0,0
100494,26,53900,1.6,RENT,B,debt_consolidation,3100,12.8,0.058,6,0,1
100495,27,19800,2.4,OWN,E,credit_card,7200,12.34,0.364,10,1,1
100496,25,22200,3.6,MORTGAGE,C,credit_card,4000,5.43,0.18,9,0,0
100497,20,56200,1.3,RENT,C,debt_consolidation,31100,8.08,0.553,2,0,1
100498,33,36900,0.9,MORTGAGE,D,debt_consolidation,12400,12.28,0.336,13,0,0
100499,35,42600,3.6,RENT,B,credit_card,6200,10.72,0.146,18,1,0
100500,23,41200,2.2,OWN,C,credit_card,7900,13.74,0.192,7,0,0
100501,28,25400,0.3,OWN,D,small_business,5200,18.54,0.205,12,1,0
100502,26,45700,3.2,RENT,E,small_business,24200,7.02,0.53,10,0,0
100503,26,51100,0.7,MORTGAGE,F,debt_consolidation,2300,19.83,0.045,8,0,1
100504,32,37400,3.5,OTHER,C,debt_consolidation,9700,18.27,0.259,11,0,1
100505,33,39100,16.8,OWN,C,debt_consolidation,7800,5.4,0.199,16,0,0
100506,37,46100,18.6,MORTGAGE,E,debt_consolidation,4600,7.2,0.1,21,0,0
100507,36,80900,1.8,MORTGAGE,B,credit_card,7100,10.05,0.088,17,0,1
100508,28,48900,3.3,MORTGAGE,E,venture,3300,8.07,0.067,10,0,0
100509,49,17900,7.6,RENT,C,debt_consolidation,19200,13.6,0.9,27,0,1
100510,40,26700,2.4,MORTGAGE,A,debt_consolidation,8200,13.79,0.307,21,0,0
100511,24,86000,8.3,RENT,A,small_business,13400,12.01,0.156,9,0,0
100512,30,35300,3.2,RENT,E,credit_card,6200,12.85,0.176,11,0,1
100513,20,49100,5.7,RENT,A,debt_consolidation,17000,11.02,0.346,2,0,1
100514,29,148600,11.1,MORTGAGE,B,debt_consolidation,8300,12.93,0.056,15,0,0
100515,41,72900,5.0,RENT,B,education,14600,18.39,0.2,24,0,0
100516,48,15800,3.0,RENT,A,debt_consolidation,11100,5.4,0.703,31,0,0
100517,28,114100,4.6,RENT,B,home_improvement,8000,11.56,0.07,10,0,0
100518,31,56000,3.1,RENT,D,medical,14000,13.17,0.25,12,1,1
100519,33,63100,0.7,OWN,A,debt_consolidation,40000,11.14,0.634,14,0,0
100520,43,60900,5.9,RENT,E,small_business,4300,12.63,0.071,28,0,0
100521,22,85200,9.6,RENT,E,debt_consolidation,7600,15.82,0.089,3,0,0
100522,48,49300,2.9,OWN,B,debt_consolidation,4000,9.64,0.081,33,0,0
100523,27,22800,3.0,RENT,A,debt_consolidation,10200,19.45,0.447,10,0,0
100524,21,61600,2.5,MORTGAGE,C,venture,9200,6.15,0.149,4,0,0
100525,27,24100,2.1,MORTGAGE,A,debt_consolidation,23600,13.73,0.9,6,0,0
100526,23,140000,0.8,MORTGAGE,B,debt_consolidation,7000,11.45,0.05,6,0,0
100527,32,42200,2.4,RENT,F,education,13700,12.44,0.325,14,0,1
100528,20,50100,3.6,MORTGAGE,G,debt_consolidation,2600,14.24,0.052,2,0,1
100529,30,35500,0.3,MORTGAGE,D,education,8800,9.27,0.248,12,0,0
100530,34,62100,11.5,MORTGAGE,B,home_improvement,5000,15.47,0.081,15,0,0
100531,39,66200,0.3,RENT,D,home_improvement,11200,18.61,0.169,22,0,0
100532,34,35500,17.6,MORTGAGE,D,small_business,15300,10.46,0.431,14,1,0
100533,39,66100,16.5,MORTGAGE,B,small_business,5800,9.64,0.088,19,0,0
100534,25,53500,6.1,MORTGAGE,D,debt_consolidation,10900,16.06,0.204,7,0,1
100535,32,48900,2.4,OWN,A,venture,6700,15.04,0.137,13,0,0
100536,20,34100,2.1,MORTGAGE,B,venture,8300,5.86,0.243,2,0,0
100537,28,184000,0.7,MORTGAGE,C,education,10200,13.49,0.055,8,1,0
100538,32,98800,0.4,RENT,A,home_improvement,4700,14.29,0.048,14,0,0
100539,32,76900,4.9,RENT,A,credit_card,4700,11.3,0.061,15,0,0
100540,20,95800,1.6,MORTGAGE,E,credit_card,13100,16.9,0.137,3,0,0
100541,26,60800,2.1,RENT,G,debt_consolidation,5600,5.73,0.092,7,0,0
100542,27,42500,3.1,MORTGAGE,C,credit_card,16400,5.4,0.386,6,0,1
100543,26,12000,2.3,MORTGAGE,E,home_improvement,3100,15.33,0.258,6,0,0
100544,34,26400,1.1,MORTGAGE,G,home_improvement,13600,8.57,0.515,15,1,1
100545,27,169500,5.0,RENT,A,debt_consolidation,8100,11.38,0.048,11,0,0
100546,30,97500,3.7,OWN,C,credit_card,7700,7.42,0.079,14,0,0
100547,26,57600,0.4,MORTGAGE,B,home_improvement,8800,14.57,0.153,9,1,0
100548,36,21600,2.3,MORTGAGE,A,credit_card,3700,12.73,0.171,17,1,0
100549,37,73100,7.6,MORTGAGE,D,venture,15000,11.02,0.205,22,0,0
100550,27,44200,2.1,RENT,C,small_business,6400,7.06,0.145,10,0,1
100551,49,75700,23.8,MORTGAGE,C,debt_consolidation,5100,10.92,0.067,27,0,0
100552,24,28000,3.2,RENT,A,debt_consolidation,26600,12.7,0.9,9,0,0
100553,36,39400,4.7,MORTGAGE,B,small_business,6700,9.59,0.17,18,1,0
100554,22,83900,2.5,RENT,F,credit_card,5000,9.71,0.06,6,1,1
100555,34,148800,4.4,RENT,A,medical,12700,11.54,0.085,17,0,0
100556,34,35900,9.5,RENT,B,debt_consolidation,9400,13.93,0.262,13,1,0
100557,22,29700,2.0,RENT,B,debt_consolidation,14100,13.03,0.475,3,0,1
100558,28,90500,2.1,OWN,C,credit_card,8500,15.73,0.094,6,0,0
100559,42,25800,1.2,MORTGAGE,C,small_business,13700,11.18,0.531,22,0,0
100560,23,26800,14.9,RENT,C,venture,25100,15.15,0.9,5,1,1
100561,32,59700,0.6,RENT,A,education,5300,7.3,0.089,14,1,0
100562,31,162300,0.3,MORTGAGE,B,credit_card,6300,12.93,0.039,12,0,0
100563,29,32300,0.4,RENT,E,medical,3400,12.74,0.105,10,1,0
100564,20,42100,7.3,MORTGAGE,D,debt_consolidation,10000,19.99,0.238,2,0,0
100565,35,54800,6.9,RENT,D,home_improvement,8700,9.09,0.159,18,0,0
100566,29,39700,2.6,MORTGAGE,D,education,16200,7.18,0.408,10,0,1
100567,37,19500,1.5,OTHER,D,credit_card,8000,8.73,0.41,19,0,1
100568,31,80100,3.4,RENT,A,venture,7700,9.22,0.096,10,0,0
100569,29,57100,1.2,OWN,B,debt_consolidation,9000,12.98,0.158,9,0,0
100570,32,63100,0.7,OWN,C,debt_consolidation,7100,6.96,0.113,16,1,1
100571,22,47700,2.6,OTHER,B,credit_card,9900,12.74,0.208,7,1,0
100572,40,118500,2.0,MORTGAGE,E,education,9200,11.62,0.078,22,0,0
100573,26,39000,1.3,MORTGAGE,C,debt_consolidation,10900,14.79,0.279,7,0,0
100574,26,28500,1.7,MORTGAGE,D,medical,7100,13.73,0.249,7,0,1
100575,38,128700,2.0,OWN,E,debt_consolidation,11000,14.48,0.085,22,0,0
100576,31,15400,1.5,RENT,C,small_business,11400,13.27,0.74,5,0,1
100577,27,47400,2.8,MORTGAGE,F,credit_card,6800,15.7,0.143,14,0,1
100578,32,49400,0.2,MORTGAGE,C,debt_consolidation,7700,6.13,0.156,14,0,0
100579,33,48400,0.0,RENT,E,small_business,7400,6.26,0.153,10,0,1
100580,28,22000,2.1,RENT,B,small_business,4100,11.43,0.186,15,0,0
100581,35,26900,7.8,RENT,C,credit_card,6200,11.8,0.23,12,1,0
100582,20,87300,4.3,RENT,C,debt_consolidation,12300,7.81,0.141,2,0,0
100583,31,110400,2.0,RENT,A,debt_consolidation,12900,13.52,0.117,11,0,0
100584,35,41000,2.4,RENT,B,venture,9800,6.8,0.239,17,0,0
100585,33,30900,0.4,RENT,F,home_improvement,4600,10.54,0.149,17,1,1
100586,20,19300,1.7,MORTGAGE,D,medical,13900,11.44,0.72,2,1,1
100587,28,86400,4.0,RENT,A,small_business,22400,13.56,0.259,8,1,0
100588,21,89300,5.5,RENT,B,medical,11200,9.69,0.125,2,1,0
100589,38,12000,13.4,RENT,B,debt_consolidation,8100,15.88,0.675,19,0,0
100590,26,13600,1.4,RENT,A,credit_card,5000,17.55,0.368,11,1,0
100591,37,55600,1.1,RENT,F,home_improvement,8000,17.04,0.144,21,1,1
100592,20,59700,8.9,OTHER,C,debt_consolidation,6200,18.01,0.104,2,0,0
100593,32,39600,12.5,RENT,B,debt_consolidation,7300,15.34,0.184,13,0,0
100594,29,50600,4.6,RENT,C,home_improvement,16500,13.71,0.326,7,0,1
100595,48,45000,2.3,MORTGAGE,A,education,13200,8.8,0.293,31,0,0
100596,37,52300,1.8,MORTGAGE,B,home_improvement,6700,9.47,0.128,19,0,0
100597,37,31400,1.6,RENT,D,debt_consolidation,8500,14.92,0.271,20,0,1
100598,43,51200,3.9,RENT,D,venture,8100,5.4,0.158,26,0,0
100599,31,35600,0.8,MORTGAGE,G,debt_consolidation,6400,16.26,0.18,16,0,1
100600,28,34000,2.6,MORTGAGE,D,debt_consolidation,3900,9.32,0.115,9,1,1
100601,28,18500,5.0,RENT,C,venture,12800,9.58,0.692,10,0,1
100602,31,46800,2.0,OTHER,D,medical,15500,14.29,0.331,16,1,1
100603,20,80100,3.7,OTHER,F,education,5800,12.51,0.072,2,0,1
100604,29,43100,1.4,MORTGAGE,D,medical,5700,9.99,0.132,11,0,0
100605,31,42400,4.4,RENT,F,home_improvement,13400,8.22,0.316,18,0,1
100606,28,102800,19.4,MORTGAGE,E,debt_consolidation,5600,6.1,0.054,10,0,0
100607,20,90600,3.7,OWN,E,debt_consolidation,3800,5.4,0.042,5,0,0
100608,28,133800,0.1,OWN,A,venture,6300,16.77,0.047,9,1,1
100609,20,178300,8.0,RENT,D,education,17100,10.72,0.096,2,1,0
100610,41,53200,4.2,RENT,C,credit_card,6100,8.3,0.115,19,1,0
100611,27,27300,1.7,RENT,C,credit_card,5700,14.21,0.209,10,0,0
100612,20,38700,3.6,MORTGAGE,D,debt_consolidation,6300,8.69,0.163,3,0,0
100613,28,70600,9.5,MORTGAGE,F,debt_consolidation,4300,8.77,0.061,10,0,0
100614,35,113800,3.1,RENT,G,education,3900,15.78,0.034,18,0,1
100615,30,28900,6.2,RENT,B,debt_consolidation,7000,14.17,0.242,14,0,0
100616,23,59300,2.3,RENT,D,credit_card,3700,12.16,0.062,2,0,0
100617,24,33300,0.2,OWN,D,venture,6500,9.5,0.195,6,0,0
100618,27,47500,0.1,RENT,B,credit_card,9400,12.34,0.198,12,0,0
100619,26,47200,2.8,RENT,A,credit_card,10000,13.59,0.212,7,0,0
100620,20,63600,2.6,MORTGAGE,A,debt_consolidation,7500,12.43,0.118,2,0,0
100621,29,157600,2.8,MORTGAGE,D,debt_consolidation,4200,15.87,0.027,13,0,1
100622,20,66900,1.3,MORTGAGE,C,debt_consolidation,6500,7.9,0.097,2,0,0
100623,36,40700,2.5,MORTGAGE,G,debt_consolidation,9800,10.57,0.241,18,0,1
100624,36,37200,0.8,RENT,C,debt_consolidation,11400,13.5,0.306,17,0,0
100625,22,46400,0.4,RENT,G,debt_consolidation,7000,9.44,0.151,6,1,1
100626,24,31900,13.6,RENT,C,debt_consolidation,5500,14.93,0.172,5,1,0
100627,26,55600,3.2,MORTGAGE,E,debt_consolidation,8500,16.33,0.153,11,1,0
100628,29,13700,0.8,OWN,A,venture,6700,11.71,0.489,11,0,1
100629,31,45900,9.1,RENT,C,debt_consolidation,4600,12.88,0.1,15,1,0
100630,32,47900,1.4,MORTGAGE,E,credit_card,9600,10.75,0.2,16,0,1
100631,32,27200,1.5,MORTGAGE,F,education,8200,10.45,0.301,12,0,1
100632,40,41800,10.7,OWN,E,debt_consolidation,4400,16.12,0.105,23,1,0
100633,29,95400,1.6,MORTGAGE,A,credit_card,5700,8.49,0.06,10,0,0
100634,20,99300,10.4,RENT,B,medical,7300,14.48,0.074,3,0,0
100635,20,38400,14.0,MORTGAGE,A,credit_card,3500,9.73,0.091,2,0,0
100636,40,68700,3.4,MORTGAGE,A,debt_consolidation,5400,8.46,0.079,18,0,0
100637,33,22600,12.1,MORTGAGE,D,small_business,11500,15.13,0.509,17,0,1
100638,30,43800,1.8,OWN,D,small_business,6200,14.01,0.142,8,0,1
100639,32,58500,0.8,RENT,D,credit_card,5200,9.15,0.089,14,0,0
100640,30,119300,0.1,MORTGAGE,E,debt_consolidation,14700,10.89,0.123,16,0,0
100641,32,99300,0.6,RENT,D,debt_consolidation,9800,11.05,0.099,17,1,0
100642,26,57800,0.1,RENT,E,medical,11900,12.35,0.206,9,0,1
100643,36,31200,2.7,RENT,A,debt_consolidation,5300,9.74,0.17,17,0,0
100644,25,108800,2.1,RENT,B,debt_consolidation,6900,17.75,0.063,7,0,1
100645,23,42700,0.1,RENT,D,credit_card,8100,7.51,0.19,7,0,0
100646,20,66000,0.7,MORTGAGE,E,education,9200,6.04,0.139,2,0,1
100647,27,48200,1.5,OWN,A,debt_consolidation,28500,11.08,0.591,10,0,0
100648,38,154200,7.1,RENT,C,debt_consolidation,8500,5.4,0.055,18,1,0
100649,26,36800,3.7,RENT,D,credit_card,14700,8.7,0.399,7,0,1
100650,20,85300,4.8,RENT,A,home_improvement,28500,9.22,0.334,2,0,0
100651,31,49100,6.8,RENT,C,credit_card,20800,11.55,0.424,14,1,0
100652,24,70500,2.2,RENT,E,education,8800,10.79,0.125,7,0,1
100653,40,125600,3.7,MORTGAGE,D,debt_consolidation,15200,12.35,0.121,26,0,0
100654,37,17100,4.7,OWN,B,credit_card,8700,8.69,0.509,19,0,0
100655,20,49700,2.0,MORTGAGE,E,credit_card,7900,10.14,0.159,3,0,1
100656,28,31500,0.2,MORTGAGE,B,credit_card,12900,13.58,0.41,12,0,1
100657,24,65900,14.0,MORTGAGE,E,credit_card,13200,5.4,0.2,6,0,0
100658,21,75400,2.0,RENT,B,medical,10700,13.01,0.142,3,0,0
100659,29,39800,1.9,RENT,C,debt_consolidation,7400,5.4,0.186,12,0,0
100660,35,38700,2.8,RENT,B,small_business,6200,11.54,0.16,16,0,0
100661,28,57600,7.4,RENT,B,debt_consolidation,4200,13.37,0.073,10,0,0
100662,25,25600,2.6,OWN,E,credit_card,8900,12.61,0.348,5,0,1
100663,20,61900,2.7,MORTGAGE,B,credit_card,9200,9.27,0.149,2,0,0
100664,24,32900,2.6,RENT,A,credit_card,12800,12.42,0.389,10,0,0
100665,33,77100,15.2,RENT,B,debt_consolidation,3600,8.11,0.047,15,0,0
100666,20,25000,2.3,RENT,D,venture,8600,16.48,0.344,2,0,1
100667,38,37700,3.2,OWN,E,education,7200,14.49,0.191,15,0,1
100668,25,34100,2.1,RENT,G,medical,7900,8.08,0.232,8,0,1
100669,30,43700,5.6,MORTGAGE,B,education,16100,16.46,0.368,16,0,0
100670,26,109900,6.0,RENT,C,debt_consolidation,16400,12.2,0.149,6,0,1
100671,21,82100,1.9,RENT,A,credit_card,14200,7.43,0.173,5,0,0
100672,32,39600,7.0,RENT,C,debt_consolidation,8500,15.7,0.215,13,0,0
100673,25,39600,2.2,OWN,G,education,7300,17.42,0.184,4,1,0
100674,23,83900,0.6,RENT,D,debt_consolidation,15700,10.58,0.187,4,0,0
100675,20,27200,1.3,MORTGAGE,C,debt_consolidation,20800,12.82,0.765,2,0,1
100676,38,52200,3.2,RENT,B,small_business,19500,11.45,0.374,20,0,0
100677,29,36900,0.6,MORTGAGE,F,debt_consolidation,10600,13.59,0.287,10,0,1
100678,37,46900,6.7,MORTGAGE,C,small_business,8300,14.36,0.177,17,0,0
100679,33,80400,3.5,MORTGAGE,A,debt_consolidation,11900,15.05,0.148,16,0,0
100680,37,35700,1.0,RENT,B,home_improvement,12300,5.4,0.345,21,0,0
100681,25,88100,0.8,RENT,A,education,6500,9.63,0.074,8,0,0
100682,20,172800,4.3,OWN,B,home_improvement,7300,14.98,0.042,2,0,0
100683,34,71800,3.8,MORTGAGE,A,debt_consolidation,40000,8.99,0.557,16,0,0
100684,30,49200,6.2,RENT,C,debt_consolidation,6500,12.75,0.132,13,0,0
100685,26,97400,2.5,RENT,D,debt_consolidation,12900,8.2,0.132,7,0,1
100686,34,28000,3.8,RENT,B,debt_consolidation,6100,13.94,0.218,18,0,0
100687,31,119000,1.3,MORTGAGE,C,home_improvement,7600,11.63,0.064,10,0,0
100688,33,34100,9.9,RENT,F,credit_card,4900,13.67,0.144,12,0,1
100689,22,169800,13.6,RENT,D,debt_consolidation,4900,12.92,0.029,5,0,0
100690,36,34700,1.1,RENT,C,debt_consolidation,11400,6.44,0.329,16,0,1
100691,29,74200,8.8,MORTGAGE,B,venture,10700,19.04,0.144,9,0,0
100692,37,21900,0.0,OWN,E,debt_consolidation,22300,6.79,0.9,17,0,0
100693,36,45800,6.7,MORTGAGE,B,debt_consolidation,8200,20.45,0.179,19,0,1
100694,34,28500,9.1,MORTGAGE,B,credit_card,8800,5.4,0.309,14,0,0
100695,28,23300,2.4,MORTGAGE,F,debt_consolidation,7900,11.75,0.339,13,0,0
100696,34,100000,4.2,RENT,C,education,4700,6.43,0.047,18,0,0
100697,37,26200,11.8,MORTGAGE,D,debt_consolidation,11200,17.32,0.427,20,0,1
100698,33,34400,12.0,RENT,C,small_business,7400,7.85,0.215,18,0,0
100699,30,32300,1.9,RENT,D,home_improvement,3700,7.56,0.115,10,0,0
100700,34,96500,6.7,MORTGAGE,B,medical,14900,11.62,0.154,16,0,0
100701,25,90200,1.2,RENT,B,home_improvement,5900,16.65,0.065,2,0,0
100702,40,103600,1.8,MORTGAGE,B,small_business,9700,15.94,0.094,21,1,0
100703,20,33400,8.6,MORTGAGE,A,credit_card,9900,10.7,0.296,2,0,0
100704,29,108300,1.1,RENT,E,credit_card,9100,10.35,0.084,13,0,0
100705,26,33300,0.8,RENT,B,small_business,4700,13.38,0.141,11,0,1
100706,25,34000,21.1,MORTGAGE,C,credit_card,17500,11.29,0.515,6,0,0
100707,31,35100,18.4,MORTGAGE,E,credit_card,5400,11.79,0.154,18,1,1
100708,21,35800,14.7,MORTGAGE,E,debt_consolidation,2100,10.99,0.059,2,1,1
100709,44,49000,1.1,RENT,C,debt_consolidation,12900,13.7,0.263,24,0,0
100710,20,32500,5.2,MORTGAGE,C,credit_card,12700,13.12,0.391,2,0,1
100711,22,58500,4.4,RENT,G,debt_consolidation,4200,16.98,0.072,5,1,1
100712,22,12300,0.9,RENT,D,credit_card,8100,9.21,0.659,6,0,1
100713,30,58400,6.3,MORTGAGE,E,debt_consolidation,14700,9.17,0.252,14,0,0
100714,36,28300,0.8,RENT,F,credit_card,17600,11.17,0.622,17,0,0
100715,33,35700,2.4,RENT,E,small_business,11300,10.77,0.317,17,0,0
100716,39,36100,13.2,RENT,B,credit_card,12800,14.61,0.355,20,0,0
100717,23,86600,0.0,MORTGAGE,C,small_business,12000,7.7,0.139,11,0,0
100718,34,68000,0.8,OWN,A,debt_consolidation,7500,16.07,0.11,18,1,0
100719,27,47000,0.5,OWN,D,debt_consolidation,4500,10.48,0.096,5,1,1
100720,31,34800,4.4,RENT,F,small_business,7000,15.75,0.201,12,0,1
100721,37,79300,3.3,RENT,C,medical,15000,20.61,0.189,17,0,1
100722,20,138300,1.0,MORTGAGE,C,small_business,15000,15.2,0.108,6,1,0
100723,43,50700,3.5,RENT,A,home_improvement,9100,13.75,0.179,23,0,0
100724,28,21400,9.5,RENT,F,small_business,6700,15.52,0.313,5,1,1
100725,20,35000,6.2,RENT,A,small_business,21000,10.44,0.6,4,0,0
100726,24,70100,2.0,MORTGAGE,A,small_business,8700,12.45,0.124,2,0,0
100727,30,40400,2.0,MORTGAGE,B,small_business,11500,9.08,0.285,11,0,0
100728,24,32100,2.9,RENT,A,debt_consolidation,4200,9.31,0.131,8,0,0
100729,20,31400,8.8,RENT,C,debt_consolidation,7900,12.61,0.252,2,1,1
100730,30,54200,1.2,MORTGAGE,C,credit_card,14700,11.84,0.271,15,0,0
100731,24,22200,9.6,MORTGAGE,B,credit_card,3800,13.05,0.171,7,1,0
100732,34,50600,3.3,RENT,A,small_business,7900,11.98,0.156,14,0,0
100733,22,54100,1.2,RENT,A,debt_consolidation,10100,10.48,0.187,4,0,0
100734,45,40200,0.8,OWN,B,debt_consolidation,17800,14.83,0.443,31,0,1
100735,33,29000,0.9,MORTGAGE,A,medical,13900,9.28,0.479,16,0,0
100736,30,90200,2.3,MORTGAGE,D,debt_consolidation,20600,12.4,0.228,13,0,0
100737,33,24800,6.8,MORTGAGE,B,medical,12800,15.63,0.516,16,0,0
100738,20,56700,1.0,OWN,B,debt_consolidation,13200,14.05,0.233,2,0,1
100739,26,76900,1.0,RENT,B,credit_card,4800,11.4,0.062,5,0,0
100740,41,56300,1.9,RENT,C,credit_card,4700,5.4,0.083,24,0,0
100741,27,101400,0.8,RENT,A,debt_consolidation,20400,10.28,0.201,12,0,0
100742,29,27600,5.0,MORTGAGE,A,debt_consolidation,6300,19.15,0.228,12,0,0
100743,26,33400,3.7,RENT,E,debt_consolidation,6000,10.61,0.18,5,0,0
100744,39,40000,0.3,RENT,A,debt_consolidation,2300,11.48,0.058,22,0,0
100745,27,314900,1.0,RENT,C,debt_consolidation,14500,12.11,0.046,11,0,1
100746,20,68100,1.8,MORTGAGE,C,medical,4400,13.04,0.065,4,0,0
100747,47,75500,0.7,MORTGAGE,B,debt_consolidation,5200,9.14,0.069,30,0,0
100748,20,73800,1.7,RENT,C,credit_card,14800,14.23,0.201,3,0,0
100749,28,53800,1.3,RENT,E,debt_consolidation,2400,12.97,0.045,9,0,1
100750,23,91800,4.1,MORTGAGE,E,education,17100,5.4,0.186,5,0,0
100751,24,18400,2.2,RENT,B,medical,5100,5.4,0.277,8,0,0
100752,22,60000,1.2,MORTGAGE,B,venture,7500,9.57,0.125,2,1,0
100753,25,65200,11.8,RENT,B,education,5300,7.14,0.081,5,0,0
100754,36,90200,2.3,OWN,C,debt_consolidation,3900,12.61,0.043,19,0,0
100755,20,27300,1.2,RENT,D,small_business,5300,10.15,0.194,3,0,0
100756,38,28400,5.9,MORTGAGE,B,debt_consolidation,5100,13.19,0.18,23,0,0
100757,37,29400,1.8,RENT,B,education,4100,13.24,0.139,21,0,0
100758,33,68700,16.2,RENT,F,credit_card,18900,7.88,0.275,14,0,1
100759,30,69200,2.5,MORTGAGE,A,credit_card,4800,10.19,0.069,15,0,0
100760,31,30600,9.3,MORTGAGE,C,education,2900,9.51,0.095,14,0,0
100761,39,147700,2.1,MORTGAGE,D,medical,2600,14.86,0.018,22,0,0
100762,20,60300,2.2,MORTGAGE,A,venture,10300,10.87,0.171,2,1,0
100763,34,55200,8.0,MORTGAGE,A,debt_consolidation,3100,16.0,0.056,17,0,0
100764,24,46000,8.9,MORTGAGE,A,debt_consolidation,7300,16.2,0.159,5,0,0
100765,35,86000,2.0,RENT,F,debt_consolidation,23900,11.01,0.278,13,1,1
100766,25,63800,4.3,OWN,A,credit_card,9000,9.37,0.141,11,0,0
100767,34,145700,0.9,RENT,B,credit_card,9700,8.35,0.067,14,0,0
100768,20,26400,11.9,RENT,A,debt_consolidation,6100,14.06,0.231,2,0,0
100769,20,22000,1.5,MORTGAGE,A,medical,8000,11.14,0.364,2,0,0
100770,28,34300,0.9,RENT,D,debt_consolidation,7200,8.88,0.21,14,1,1
100771,39,69900,18.0,RENT,B,small_business,9600,14.73,0.137,22,0,0
100772,33,40700,0.5,RENT,C,medical,20200,14.8,0.496,16,0,0
100773,33,103700,0.4,MORTGAGE,C,home_improvement,6400,8.09,0.062,17,0,0
100774,35,41500,4.6,MORTGAGE,E,credit_card,5300,12.8,0.128,19,0,0
100775,26,93400,0.8,RENT,A,debt_consolidation,7800,13.62,0.084,9,0,0
100776,33,32600,2.5,RENT,E,debt_consolidation,13700,17.63,0.42,15,0,1
100777,25,98800,25.0,RENT,C,small_business,6700,10.91,0.068,10,0,0
100778,27,109400,9.2,RENT,A,credit_card,9400,11.5,0.086,7,0,0
100779,28,37800,2.1,RENT,D,debt_consolidation,10700,13.88,0.283,8,0,0
100780,25,67500,0.7,RENT,E,venture,26500,16.07,0.393,8,0,1
100781,29,59700,1.8,MORTGAGE,B,home_improvement,13500,12.94,0.226,12,1,0
100782,27,68500,0.2,MORTGAGE,F,medical,5000,12.31,0.073,8,0,1
100783,24,104400,5.5,RENT,C,credit_card,2400,9.48,0.023,11,0,0
100784,28,88000,0.8,RENT,C,venture,8800,10.33,0.1,8,0,0
100785,30,68400,1.9,RENT,G,debt_consolidation,5500,10.96,0.08,12,0,1
100786,21,74200,2.4,RENT,B,debt_consolidation,6200,14.02,0.084,4,0,0
100787,32,25600,1.0,RENT,E,education,4700,13.12,0.184,13,0,0
100788,26,50400,1.9,OWN,B,education,6100,9.02,0.121,7,0,0
100789,30,28100,1.6,MORTGAGE,E,credit_card,6100,14.56,0.217,11,0,0
100790,24,51000,0.2,MORTGAGE,C,debt_consolidation,7600,10.89,0.149,9,1,0
100791,36,95200,14.5,RENT,B,debt_consolidation,5600,10.94,0.059,17,0,0
100792,36,51300,3.1,MORTGAGE,C,small_business,5500,14.26,0.107,19,0,0
100793,22,13000,0.9,OWN,B,medical,10800,14.71,0.831,3,0,0
100794,33,29000,4.9,RENT,A,credit_card,8100,12.75,0.279,16,0,0
100795,39,70900,1.9,MORTGAGE,A,debt_consolidation,8100,18.24,0.114,23,0,0
100796,22,38300,3.9,RENT,B,home_improvement,7900,5.4,0.206,4,0,0
100797,23,79300,15.4,MORTGAGE,A,small_business,5000,14.98,0.063,6,0,0
100798,34,26500,1.1,RENT,A,credit_card,17900,7.9,0.675,16,0,0
100799,20,63600,0.8,MORTGAGE,D,home_improvement,24800,11.44,0.39,2,0,0
100800,24,65400,11.3,RENT,D,venture,16000,11.59,0.245,7,0,1
100801,22,79600,1.4,MORTGAGE,D,debt_consolidation,3100,11.32,0.039,5,1,0
100802,34,35900,2.8,MORTGAGE,B,home_improvement,5600,8.25,0.156,16,0,0
100803,24,79100,7.0,MORTGAGE,E,home_improvement,12000,6.64,0.152,3,0,0
100804,27,118000,7.1,MORTGAGE,C,credit_card,5400,5.4,0.046,7,0,0
100805,24,14800,8.6,RENT,A,education,5500,10.78,0.372,3,0,0
100806,37,53000,2.3,MORTGAGE,A,home_improvement,3800,12.02,0.072,16,0,0
100807,23,19100,0.0,RENT,D,credit_card,6600,13.67,0.346,6,0,0
100808,20,32100,7.0,MORTGAGE,A,debt_consolidation,5200,15.71,0.162,2,1,0
100809,20,33600,2.9,RENT,C,small_business,2200,14.56,0.065,2,0,0
100810,34,49700,8.8,MORTGAGE,G,debt_consolidation,15300,15.09,0.308,20,1,1
100811,34,63400,1.2,RENT,A,debt_consolidation,10200,7.93,0.161,18,1,0
100812,38,84800,3.5,OWN,A,credit_card,3900,15.51,0.046,17,0,0
100813,20,59600,0.3,MORTGAGE,G,home_improvement,13100,12.88,0.22,2,0,0
100814,27,74600,4.0,RENT,C,venture,8700,6.85,0.117,7,0,0
100815,46,28500,1.6,MORTGAGE,A,small_business,15300,15.39,0.537,28,0,0
100816,27,92100,2.5,RENT,E,medical,12100,8.36,0.131,6,0,0
100817,25,12000,1.1,RENT,E,credit_card,5300,7.8,0.442,6,0,1
100818,29,119300,5.7,RENT,C,credit_card,11700,17.08,0.098,12,0,0
100819,33,108100,5.0,MORTGAGE,D,venture,12000,12.39,0.111,15,0,0
100820,33,77800,4.9,OWN,B,credit_card,14500,7.78,0.186,12,0,0
100821,25,175600,2.1,OWN,A,medical,14000,9.59,0.08,7,0,0
100822,25,19100,1.6,RENT,C,credit_card,25400,15.34,0.9,7,0,1
100823,27,79100,3.1,RENT,B,debt_consolidation,13700,7.21,0.173,9,0,0
100824,24,55500,2.8,MORTGAGE,D,home_improvement,5300,11.02,0.095,3,1,0
100825,20,58900,0.0,RENT,E,debt_consolidation,8900,11.02,0.151,4,0,1
100826,42,27200,3.5,MORTGAGE,A,debt_consolidation,4600,21.33,0.169,23,0,0
100827,26,64000,5.7,OWN,C,debt_consolidation,15800,6.28,0.247,6,0,1
100828,27,62400,6.9,RENT,B,debt_consolidation,5100,6.43,0.082,9,0,0
100829,27,35300,23.2,RENT,E,credit_card,27600,9.49,0.782,10,0,1
100830,28,49600,7.2,OWN,B,education,6900,9.22,0.139,11,1,0
100831,32,25000,3.8,MORTGAGE,C,credit_card,7900,11.65,0.316,17,0,0
100832,26,41500,7.7,OWN,C,medical,6300,9.83,0.152,7,0,0
100833,37,87400,8.8,MORTGAGE,B,credit_card,5500,14.58,0.063,16,0,1
100834,33,88400,7.8,RENT,D,debt_consolidation,6100,11.84,0.069,14,0,0
100835,28,78700,4.0,MORTGAGE,D,debt_consolidation,9200,8.05,0.117,4,0,0
100836,24,87400,0.0,MORTGAGE,C,education,8200,10.67,0.094,4,1,1
100837,37,88000,3.4,OWN,D,home_improvement,6400,10.56,0.073,18,0,0
100838,28,36200,0.7,MORTGAGE,G,education,9600,15.65,0.265,9,0,1
100839,20,62100,0.8,MORTGAGE,C,debt_consolidation,6000,14.65,0.097,3,0,0
100840,36,93700,5.2,RENT,C,small_business,8100,14.1,0.086,18,0,0
100841,24,24100,15.6,RENT,A,medical,21400,8.92,0.888,7,1,1
100842,35,24100,4.7,OTHER,E,venture,5900,12.66,0.245,18,0,0
100843,20,23300,5.0,OWN,C,debt_consolidation,6900,7.39,0.296,2,0,0
100844,26,19300,1.3,MORTGAGE,C,venture,4300,13.88,0.223,9,1,0
100845,37,28900,8.1,OWN,A,credit_card,6700,15.91,0.232,18,0,0
100846,29,38600,0.1,RENT,E,medical,10000,5.4,0.259,11,0,1
100847,33,118400,0.4,MORTGAGE,B,credit_card,6100,11.23,0.052,16,0,0
100848,23,40500,3.1,MORTGAGE,D,credit_card,4300,11.23,0.106,3,1,0
100849,31,22400,5.8,MORTGAGE,A,credit_card,9900,14.82,0.442,12,0,0
100850,29,56500,6.1,MORTGAGE,F,medical,10500,9.43,0.186,11,0,1
100851,31,46400,5.2,MORTGAGE,A,debt_consolidation,11400,9.38,0.246,12,0,0
100852,43,33500,11.6,MORTGAGE,B,credit_card,4100,12.14,0.122,28,0,0
100853,38,37300,3.2,RENT,E,credit_card,17200,13.76,0.461,20,0,1
100854,35,92700,15.5,MORTGAGE,F,small_business,6200,12.31,0.067,15,0,0
100855,35,23700,1.4,RENT,B,credit_card,4700,14.74,0.198,21,0,0
100856,23,20600,3.6,RENT,C,small_business,14200,14.05,0.689,6,0,1
100857,26,66600,3.6,MORTGAGE,D,credit_card,16900,9.71,0.254,8,1,1
100858,20,36800,5.0,MORTGAGE,E,home_improvement,6800,11.66,0.185,5,0,0
100859,20,121000,2.3,OWN,B,home_improvement,5100,13.55,0.042,3,0,0
100860,23,47300,12.9,RENT,C,small_business,10300,8.72,0.218,5,0,0
100861,29,48800,1.7,RENT,D,medical,3900,9.13,0.08,8,0,0
100862,20,79400,0.5,MORTGAGE,D,credit_card,33000,6.33,0.416,2,0,1
100863,29,20500,1.9,OWN,E,debt_consolidation,4600,15.83,0.224,13,0,1
100864,28,62000,12.8,OWN,C,home_improvement,9900,19.39,0.16,11,1,0
100865,21,42100,23.9,MORTGAGE,A,debt_consolidation,7400,9.15,0.176,3,0,0
100866,40,90600,21.9,MORTGAGE,F,debt_consolidation,4900,13.66,0.054,22,0,0
100867,20,36100,13.9,OWN,E,medical,4800,16.08,0.133,3,0,0
100868,37,56800,1.4,RENT,E,credit_card,15100,7.38,0.266,20,0,1
100869,20,42300,12.7,OWN,A,credit_card,9900,12.84,0.234,2,0,0
100870,28,64700,1.2,MORTGAGE,B,venture,5500,16.37,0.085,10,0,0
100871,21,44900,10.3,RENT,D,debt_consolidation,6000,10.65,0.134,4,1,0
100872,24,59500,4.7,MORTGAGE,A,debt_consolidation,5200,11.32,0.087,5,1,0
100873,42,135200,9.6,MORTGAGE,G,debt_consolidation,13200,16.58,0.098,20,0,0
100874,27,44000,7.6,RENT,B,debt_consolidation,13500,10.09,0.307,7,0,0
100875,21,64300,9.9,RENT,D,small_business,10800,9.55,0.168,2,0,1
100876,32,181200,8.5,MORTGAGE,E,medical,9300,10.96,0.051,16,0,0
100877,27,63900,4.7,OWN,B,credit_card,11400,18.18,0.178,7,0,0
100878,30,13500,0.8,MORTGAGE,B,debt_consolidation,3300,14.51,0.244,10,0,0
100879,23,35700,8.0,RENT,C,credit_card,9400,13.58,0.263,4,0,0
100880,23,26600,0.7,MORTGAGE,C,debt_consolidation,14600,13.54,0.549,7,0,0
100881,23,85600,4.7,RENT,C,small_business,9200,7.63,0.107,7,0,0
100882,35,48900,1.5,RENT,C,home_improvement,8300,13.68,0.17,15,0,0
100883,27,92500,1.8,RENT,F,debt_consolidation,5700,10.15,0.062,8,0,0
100884,22,72100,2.3,MORTGAGE,C,medical,5900,11.0,0.082,4,0,0
100885,30,72000,6.7,RENT,B,small_business,6100,10.81,0.085,15,0,0
100886,30,26300,1.4,RENT,B,debt_consolidation,9200,15.1,0.35,8,0,0
100887,33,68000,0.4,RENT,B,home_improvement,6200,18.31,0.091,12,0,0
100888,26,109300,6.4,MORTGAGE,A,home_improvement,3000,8.44,0.027,13,0,0
100889,28,23300,3.4,RENT,A,debt_consolidation,12600,15.59,0.541,12,0,0
100890,32,43300,3.7,RENT,D,debt_consolidation,10800,11.21,0.249,11,0,0
100891,22,62600,0.6,MORTGAGE,B,small_business,9900,14.6,0.158,10,0,0
100892,35,54400,21.0,MORTGAGE,F,education,4800,12.95,0.088,18,0,0
100893,29,113600,13.9,MORTGAGE,B,home_improvement,6200,9.67,0.055,11,0,0
100894,21,76900,3.9,MORTGAGE,A,credit_card,10800,9.61,0.14,6,0,0
100895,21,64400,7.7,MORTGAGE,D,home_improvement,8200,11.11,0.127,2,0,0
100896,28,80800,2.4,MORTGAGE,E,credit_card,5500,13.18,0.068,9,0,0
100897,25,78500,10.2,MORTGAGE,B,debt_consolidation,16600,13.68,0.211,7,0,1
100898,34,52700,4.6,MORTGAGE,B,credit_card,5100,22.59,0.097,17,1,0
100899,27,42400,0.4,RENT,B,education,1600,13.86,0.038,10,1,0
100900,31,88800,0.9,RENT,C,medical,8500,7.23,0.096,13,0,0
100901,23,34200,1.2,RENT,C,education,8700,16.44,0.254,4,1,0
100902,29,49500,5.1,RENT,B,debt_consolidation,8400,14.06,0.17,12,1,0
100903,38,27300,0.4,OWN,A,credit_card,10100,11.33,0.37,21,0,0
100904,28,77100,6.3,RENT,C,home_improvement,6000,7.93,0.078,10,0,0
100905,25,101500,1.7,MORTGAGE,F,debt_consolidation,14200,10.91,0.14,6,0,1
100906,23,30800,6.7,OTHER,D,debt_consolidation,3800,16.13,0.123,4,0,0
100907,29,47400,9.4,MORTGAGE,C,medical,8000,13.72,0.169,8,0,1
100908,39,39600,4.7,RENT,A,home_improvement,5700,16.81,0.144,24,0,0
100909,20,93100,0.0,OWN,B,home_improvement,14100,16.62,0.151,3,0,1
100910,29,112300,1.7,RENT,B,debt_consolidation,5200,12.66,0.046,13,0,0
100911,20,39600,0.9,RENT,D,credit_card,8400,5.4,0.212,2,0,0
100912,26,12000,9.9,RENT,E,debt_consolidation,8500,8.67,0.708,7,0,0
100913,31,97200,4.5,RENT,F,debt_consolidation,9000,6.37,0.093,13,0,0
100914,20,52800,5.5,MORTGAGE,G,credit_card,5400,17.02,0.102,3,0,1
100915,26,52900,2.5,RENT,G,debt_consolidation,9900,13.77,0.187,6,0,1
100916,31,87600,2.0,MORTGAGE,F,venture,8200,11.14,0.094,16,0,0
100917,30,42200,4.1,RENT,A,credit_card,9800,10.04,0.232,14,1,1
100918,31,36400,0.3,OWN,A,debt_consolidation,19300,15.81,0.53,13,1,1
100919,22,42400,7.1,RENT,B,debt_consolidation,8600,8.67,0.203,5,0,0
100920,31,67400,5.5,OWN,C,small_business,4700,7.26,0.07,13,1,0
100921,25,83600,0.4,RENT,A,debt_consolidation,23800,6.95,0.285,6,0,0
100922,34,126500,5.9,OWN,E,debt_consolidation,13900,12.29,0.11,11,0,0
100923,20,64300,2.9,MORTGAGE,C,credit_card,11600,8.97,0.18,4,0,0
100924,27,47600,8.7,MORTGAGE,C,debt_consolidation,7300,15.49,0.153,9,0,0
100925,30,83900,1.2,RENT,A,home_improvement,12200,11.84,0.145,14,1,0
100926,38,30200,0.0,MORTGAGE,B,credit_card,2600,6.83,0.086,21,0,0
100927,30,112500,2.6,MORTGAGE,A,debt_consolidation,19000,10.97,0.169,12,1,0
100928,30,57900,1.6,MORTGAGE,E,medical,13300,8.31,0.23,12,0,0
100929,32,45400,2.3,MORTGAGE,C,credit_card,7400,11.35,0.163,13,0,1
100930,38,30300,10.2,OWN,D,home_improvement,13100,15.71,0.432,18,0,1
100931,26,72800,1.5,OTHER,B,debt_consolidation,11400,11.22,0.157,6,0,0
100932,20,44200,3.8,MORTGAGE,B,home_improvement,4700,9.37,0.106,2,0,0
100933,20,48900,0.3,RENT,C,debt_consolidation,8900,13.36,0.182,2,0,1
100934,34,20600,0.6,RENT,D,credit_card,10000,10.22,0.485,18,0,0
100935,31,40600,4.1,MORTGAGE,D,debt_consolidation,7500,13.67,0.185,14,0,0
100936,27,37700,3.3,OTHER,B,venture,7200,12.93,0.191,6,1,1
100937,25,64900,0.9,RENT,F,debt_consolidation,13300,7.95,0.205,9,0,1
100938,30,44500,2.8,RENT,A,education,8900,7.01,0.2,12,0,0
100939,30,12000,11.5,RENT,E,education,22800,10.4,0.9,13,0,1
100940,32,41000,0.8,RENT,A,credit_card,5700,13.21,0.139,15,0,0
100941,21,23200,7.2,OTHER,B,debt_consolidation,10100,17.96,0.435,2,0,1
100942,20,29000,9.6,MORTGAGE,E,credit_card,4900,7.65,0.169,2,0,1
100943,23,89500,5.0,RENT,A,venture,11800,8.08,0.132,8,0,0
100944,20,20400,0.5,RENT,C,home_improvement,4400,15.21,0.216,2,1,0
100945,20,60600,0.6,RENT,C,credit_card,9500,12.37,0.157,2,0,0
100946,40,39000,9.5,MORTGAGE,B,debt_consolidation,15500,11.03,0.397,18,1,0
100947,20,35100,11.3,MORTGAGE,D,medical,8300,14.09,0.236,2,0,1
100948,32,30100,2.0,RENT,E,debt_consolidation,4700,16.14,0.156,11,0,0
100949,35,61400,4.4,RENT,E,debt_consolidation,13600,15.4,0.221,15,0,1
100950,36,65300,7.6,OWN,B,debt_consolidation,9900,9.14,0.152,18,0,0
100951,31,20000,25.0,MORTGAGE,C,credit_card,7700,13.24,0.385,15,0,0
100952,38,97000,2.6,MORTGAGE,B,education,4800,15.74,0.049,16,0,0
100953,41,26800,0.1,MORTGAGE,B,medical,3300,10.62,0.123,22,0,0
100954,27,63800,7.1,OTHER,A,debt_consolidation,28000,13.01,0.439,9,0,0
100955,32,26900,2.7,MORTGAGE,F,credit_card,5900,9.55,0.219,14,1,1
100956,38,40000,9.9,OWN,E,medical,4700,8.24,0.118,22,0,0
100957,23,25500,1.7,RENT,D,credit_card,9600,13.16,0.376,7,0,1
100958,27,38500,7.0,RENT,C,debt_consolidation,4600,15.0,0.119,11,0,0
100959,25,46100,7.1,RENT,C,credit_card,10700,14.42,0.232,7,0,0
100960,32,27400,6.8,OWN,C,home_improvement,17000,6.86,0.62,13,0,1
100961,20,61300,15.1,MORTGAGE,C,venture,4500,16.41,0.073,2,1,0
100962,39,65800,1.2,RENT,C,home_improvement,6900,13.78,0.105,22,0,0
100963,33,228300,0.2,OWN,A,debt_consolidation,10300,15.75,0.045,13,0,0
100964,33,85900,1.2,OWN,A,small_business,4100,8.35,0.048,13,1,0
100965,20,98400,4.2,RENT,F,debt_consolidation,4900,14.74,0.05,3,0,0
100966,22,19500,13.0,MORTGAGE,C,education,7600,14.02,0.39,5,0,0
100967,39,17600,2.9,MORTGAGE,F,credit_card,23800,7.16,0.9,21,0,1
100968,28,43800,0.2,RENT,A,debt_consolidation,5100,13.31,0.116,11,0,0
100969,20,137700,9.4,MORTGAGE,C,credit_card,6900,8.02,0.05,2,0,0
100970,31,201000,0.9,RENT,B,debt_consolidation,31700,11.79,0.158,13,0,0
100971,34,35300,0.1,OWN,B,debt_consolidation,12500,20.08,0.354,17,0,1
100972,33,37300,2.5,MORTGAGE,A,home_improvement,3200,12.78,0.086,13,0,0
100973,28,69500,7.2,OWN,A,small_business,7100,11.32,0.102,11,0,0
100974,37,46200,0.8,MORTGAGE,F,medical,11200,6.39,0.242,19,0,1
100975,24,46900,1.9,RENT,B,credit_card,18000,12.78,0.384,6,0,1
100976,33,73100,7.9,RENT,C,debt_consolidation,17400,11.19,0.238,15,0,0
100977,30,229500,2.1,MORTGAGE,C,credit_card,11000,5.4,0.048,14,0,0
100978,28,105600,1.6,RENT,C,credit_card,12000,7.81,0.114,6,0,0
100979,26,144100,6.5,MORTGAGE,C,debt_consolidation,4000,14.94,0.028,5,0,1
100980,27,18700,0.6,RENT,B,education,5500,16.39,0.294,11,1,1
100981,29,93100,0.7,RENT,G,venture,4000,12.0,0.043,12,0,1
100982,27,30600,0.7,MORTGAGE,E,debt_consolidation,14300,15.38,0.467,8,0,1
100983,34,129600,1.3,MORTGAGE,D,medical,10000,11.86,0.077,16,0,0
100984,25,108700,1.4,MORTGAGE,C,home_improvement,8600,9.02,0.079,8,0,0
100985,40,71800,2.2,MORTGAGE,A,debt_consolidation,18900,19.67,0.263,25,0,0
100986,25,34200,8.3,RENT,F,home_improvement,10900,6.66,0.319,6,0,1
100987,35,39500,0.3,MORTGAGE,B,debt_consolidation,15200,13.27,0.385,20,0,0
100988,36,41300,0.6,MORTGAGE,A,debt_consolidation,12300,9.4,0.298,19,0,0
100989,30,78400,5.0,MORTGAGE,B,venture,13000,10.99,0.166,10,1,1
100990,30,64400,1.3,RENT,E,home_improvement,4600,17.46,0.071,11,0,1
100991,24,112500,3.1,MORTGAGE,D,debt_consolidation,13800,11.9,0.123,8,0,1
100992,25,125000,0.7,RENT,D,credit_card,10500,10.58,0.084,10,0,0
100993,31,32400,4.5,MORTGAGE,E,venture,6500,9.78,0.201,13,0,1
100994,29,66900,14.6,RENT,B,credit_card,11800,13.77,0.176,13,1,0
100995,37,66500,1.0,OWN,F,education,16400,8.33,0.247,20,0,0
100996,26,48900,5.5,MORTGAGE,C,education,7700,12.08,0.157,8,0,0
100997,26,86500,2.4,MORTGAGE,D,credit_card,5400,11.26,0.062,8,0,0
100998,20,67500,9.2,MORTGAGE,A,small_business,5500,8.93,0.081,2,1,0
100999,34,37600,3.7,MORTGAGE,G,home_improvement,3800,6.59,0.101,15,0,0
101000,33,47700,2.2,RENT,B,medical,7400,11.87,0.155,14,0,0
101001,36,42500,1.8,MORTGAGE,A,credit_card,11200,10.4,0.264,20,0,0
101002,36,34500,9.2,OTHER,C,debt_consolidation,21000,12.55,0.609,18,0,1
101003,35,49200,1.8,RENT,A,debt_consolidation,5200,5.4,0.106,17,0,0
101004,35,25300,0.4,RENT,A,home_improvement,9900,10.09,0.391,19,0,0
101005,33,66900,0.2,MORTGAGE,D,medical,8200,14.81,0.123,12,0,1
101006,34,111600,3.9,RENT,B,small_business,8100,5.8,0.073,14,0,0
101007,20,53000,1.0,MORTGAGE,F,home_improvement,3500,18.49,0.066,5,0,1
101008,21,86700,1.2,MORTGAGE,B,debt_consolidation,4600,13.05,0.053,4,0,0
101009,20,56100,3.6,MORTGAGE,D,debt_consolidation,22000,11.23,0.392,2,0,1
101010,38,29400,19.3,RENT,C,medical,14100,12.13,0.48,20,0,0
101011,24,155400,8.7,RENT,D,credit_card,9500,8.67,0.061,3,0,0
101012,25,13600,7.2,OWN,C,medical,10400,16.85,0.765,6,0,0
101013,29,51800,1.7,RENT,C,debt_consolidation,12200,12.38,0.236,12,0,1
101014,20,33800,13.3,MORTGAGE,F,credit_card,6300,11.97,0.186,2,0,1
101015,32,123000,0.8,RENT,B,education,6500,15.34,0.053,14,0,0
101016,20,58000,2.2,RENT,A,debt_consolidation,5800,13.13,0.1,2,0,0
101017,21,210100,0.0,MORTGAGE,D,debt_consolidation,8900,9.29,0.042,5,1,0
101018,30,52600,2.2,RENT,E,home_improvement,4300,11.61,0.082,13,0,1
101019,20,33900,0.3,MORTGAGE,A,home_improvement,5600,13.78,0.165,2,0,0
101020,38,20100,19.9,MORTGAGE,C,venture,10700,11.95,0.532,20,0,0
101021,29,94700,2.8,OWN,E,education,6700,6.88,0.071,10,1,1
101022,37,32600,7.3,MORTGAGE,D,small_business,3100,16.77,0.095,18,0,0
101023,32,40900,1.1,RENT,G,debt_consolidation,6600,12.31,0.161,14,0,1
101024,29,101300,0.1,RENT,C,credit_card,10900,10.31,0.108,14,0,0
101025,22,92000,1.1,MORTGAGE,D,education,8600,14.07,0.093,2,1,0
101026,36,36900,0.1,RENT,B,credit_card,3200,9.95,0.087,19,0,0
101027,32,40100,0.0,RENT,F,venture,14300,6.21,0.357,16,0,0
101028,44,19600,1.6,RENT,B,home_improvement,7100,11.71,0.362,27,1,0
101029,35,16600,3.5,MORTGAGE,D,debt_consolidation,9800,14.13,0.59,19,0,1
101030,26,78400,4.2,RENT,C,credit_card,14400,10.75,0.184,8,0,0
101031,31,83300,4.5,RENT,C,small_business,7600,10.89,0.091,14,0,0
101032,32,62700,1.5,MORTGAGE,D,debt_consolidation,2800,11.05,0.045,14,0,0
101033,37,57100,6.9,MORTGAGE,C,credit_card,21300,11.35,0.373,16,0,1
101034,38,34900,4.1,RENT,F,small_business,2400,12.24,0.069,18,0,1
101035,28,115600,0.9,MORTGAGE,C,debt_consolidation,6700,14.59,0.058,12,0,0
101036,20,19300,0.1,MORTGAGE,D,credit_card,16500,14.36,0.855,2,1,1
101037,20,39800,0.6,RENT,B,small_business,5500,19.03,0.138,2,1,1
101038,21,56300,1.6,RENT,C,medical,5700,17.99,0.101,5,0,1
101039,25,51500,8.0,RENT,C,credit_card,7200,8.61,0.14,7,0,0
101040,40,51500,0.7,RENT,A,venture,7300,10.89,0.142,23,0,0
101041,40,38700,6.5,OWN,A,education,5000,14.31,0.129,22,0,0
101042,36,69400,1.3,RENT,D,credit_card,5700,5.4,0.082,16,1,0
101043,38,26400,6.1,OWN,D,debt_consolidation,14600,12.84,0.553,22,0,1
101044,24,47600,11.0,RENT,D,medical,6100,8.62,0.128,4,0,0
101045,20,65400,3.2,RENT,A,debt_consolidation,10700,11.51,0.164,5,0,0
101046,22,42900,4.3,MORTGAGE,B,medical,4900,11.75,0.114,5,0,0
101047,20,51700,5.7,MORTGAGE,B,home_improvement,17400,5.4,0.337,2,0,1
101048,21,58000,1.5,RENT,D,credit_card,13600,20.41,0.234,4,0,1
101049,25,19600,0.4,RENT,E,credit_card,7700,9.76,0.393,6,0,0
101050,30,20600,0.3,MORTGAGE,B,credit_card,11500,16.88,0.558,10,0,0
101051,30,55500,3.2,RENT,D,education,18700,5.82,0.337,12,0,0
101052,24,36900,6.9,MORTGAGE,A,debt_consolidation,4700,9.34,0.127,8,0,0
101053,33,38100,0.1,MORTGAGE,B,education,4500,14.52,0.118,16,0,0
101054,24,70500,0.3,RENT,A,debt_consolidation,10000,10.77,0.142,5,0,0
101055,29,29900,0.7,MORTGAGE,B,small_business,4000,14.52,0.134,8,0,0
101056,21,13700,17.0,RENT,D,education,3500,13.92,0.255,3,0,0
101057,37,128200,4.1,OWN,F,credit_card,3400,8.65,0.027,17,1,1
101058,29,100200,1.9,OWN,B,debt_consolidation,8800,16.04,0.088,11,0,0
101059,34,99600,5.6,MORTGAGE,C,medical,2600,13.71,0.026,16,1,0
101060,20,27800,1.7,OTHER,D,medical,6500,6.42,0.234,3,0,0
101061,30,49400,1.6,MORTGAGE,F,debt_consolidation,1200,12.0,0.024,13,0,0
101062,33,25700,2.2,RENT,C,credit_card,10300,13.97,0.401,17,0,0
101063,20,49900,3.5,RENT,B,medical,10700,11.26,0.214,2,0,0
101064,37,42600,0.1,RENT,D,debt_consolidation,7200,11.8,0.169,18,0,0
101065,20,28500,0.0,RENT,B,home_improvement,15500,13.37,0.544,3,0,0
101066,30,68000,10.8,MORTGAGE,G,credit_card,12600,5.74,0.185,13,0,0
101067,42,44700,0.3,MORTGAGE,B,debt_consolidation,5200,10.9,0.116,25,0,0
101068,36,132900,3.4,MORTGAGE,D,medical,5000,10.27,0.038,22,1,1
101069,20,54000,2.5,RENT,A,debt_consolidation,13200,14.34,0.244,3,1,0
101070,28,12700,2.2,RENT,C,education,11800,9.59,0.9,12,0,1
101071,38,19000,13.2,RENT,E,credit_card,7000,18.63,0.368,18,0,0
101072,23,163200,17.0,OTHER,C,credit_card,3100,9.51,0.019,3,0,0
101073,26,42300,0.7,RENT,C,credit_card,13500,7.56,0.319,6,1,1
101074,26,58800,3.2,RENT,F,credit_card,8400,16.03,0.143,8,0,0
101075,33,51800,15.6,RENT,E,medical,7800,13.75,0.151,15,1,0
101076,20,112300,0.5,OTHER,B,home_improvement,1700,12.98,0.015,3,0,1
101077,33,18100,6.7,RENT,C,medical,10900,10.72,0.602,18,0,0
101078,25,107100,0.1,MORTGAGE,C,credit_card,7800,10.32,0.073,7,0,0
101079,29,103100,2.4,RENT,D,debt_consolidation,6000,13.24,0.058,12,0,0
101080,27,51700,0.4,RENT,B,debt_consolidation,5100,9.54,0.099,9,0,0
101081,33,64700,3.2,MORTGAGE,B,medical,8600,17.99,0.133,17,0,0
101082,29,42000,2.0,MORTGAGE,F,credit_card,10500,12.44,0.25,12,1,1
101083,39,20400,0.0,MORTGAGE,F,credit_card,6600,10.61,0.324,21,0,0
101084,36,70900,5.4,RENT,E,credit_card,11000,10.09,0.155,20,0,0
101085,23,59000,4.9,OTHER,G,credit_card,4300,7.2,0.073,6,0,1
101086,39,59700,1.8,MORTGAGE,D,small_business,5700,14.13,0.095,23,0,0
101087,31,67200,1.3,OWN,D,home_improvement,11800,8.74,0.176,13,0,1
101088,30,37000,3.8,RENT,D,venture,6500,11.04,0.176,13,0,0
101089,35,117200,3.7,RENT,C,debt_consolidation,20800,20.67,0.177,17,0,0
101090,22,51800,3.4,RENT,C,home_improvement,9400,5.4,0.181,2,0,0
101091,20,69400,0.5,MORTGAGE,B,debt_consolidation,4300,11.14,0.062,2,0,0
101092,29,44400,0.6,MORTGAGE,D,medical,3400,6.57,0.077,12,0,0
101093,25,91800,2.5,MORTGAGE,B,home_improvement,12500,9.57,0.136,8,0,1
101094,44,54600,0.4,RENT,B,credit_card,5800,10.99,0.106,25,0,0
101095,24,49200,0.2,RENT,C,medical,13400,6.81,0.272,9,0,0
101096,29,100100,0.2,RENT,C,credit_card,6000,12.97,0.06,9,1,0
101097,30,20000,6.4,MORTGAGE,B,debt_consolidation,9300,16.79,0.465,12,1,1
101098,38,44200,0.1,RENT,E,credit_card,6700,12.7,0.152,19,0,1
101099,22,36800,4.4,RENT,E,debt_consolidation,9300,14.52,0.253,4,0,1
101100,20,63300,0.1,RENT,A,education,12100,17.35,0.191,2,0,0
101101,39,61300,0.6,RENT,A,small_business,8200,13.69,0.134,18,0,0
101102,30,51200,5.4,OWN,B,small_business,11700,5.4,0.229,11,0,0
101103,35,34800,3.0,RENT,E,education,3200,12.14,0.092,18,1,1
101104,35,50900,1.7,OWN,E,medical,10200,5.4,0.2,17,0,1
101105,36,61600,0.4,MORTGAGE,A,credit_card,8200,8.9,0.133,15,0,0
101106,26,46700,0.6,MORTGAGE,D,debt_consolidation,7000,6.1,0.15,10,0,0
101107,24,94800,1.4,MORTGAGE,A,credit_card,2200,12.48,0.023,6,0,0
101108,20,72200,11.1,MORTGAGE,B,education,3200,8.27,0.044,4,0,0
101109,22,52100,3.3,MORTGAGE,G,venture,9200,12.58,0.177,3,0,1
101110,29,14200,7.7,RENT,B,small_business,9800,14.31,0.69,7,0,1
101111,24,45700,2.5,OWN,A,debt_consolidation,10100,8.05,0.221,9,0,1
101112,21,72900,1.1,RENT,C,debt_consolidation,8100,12.4,0.111,3,0,0
101113,29,44200,6.0,RENT,C,education,4200,5.4,0.095,13,0,1
101114,38,60900,4.1,RENT,F,debt_consolidation,4600,6.13,0.076,19,0,0
101115,29,45500,2.7,MORTGAGE,G,home_improvement,2500,16.06,0.055,11,0,1
101116,21,58600,12.7,RENT,A,credit_card,8700,8.32,0.148,2,0,0
101117,38,111400,0.7,RENT,A,debt_consolidation,23100,9.61,0.207,18,0,0
101118,24,79400,18.6,RENT,E,home_improvement,7700,8.56,0.097,9,0,0
101119,39,25300,0.3,RENT,B,venture,5300,5.4,0.209,23,0,0
101120,27,20700,0.2,RENT,E,medical,8200,7.78,0.396,11,0,0
101121,30,65700,2.6,MORTGAGE,D,credit_card,7500,11.48,0.114,13,1,0
101122,40,98000,2.5,RENT,A,credit_card,3100,10.11,0.032,23,1,0
101123,20,20700,0.3,OWN,E,education,9300,15.36,0.449,4,0,1
101124,22,45900,0.1,MORTGAGE,A,home_improvement,7600,9.27,0.166,6,1,0
101125,27,190100,0.6,MORTGAGE,C,credit_card,7400,11.46,0.039,10,1,1
101126,28,44500,10.5,OWN,C,small_business,24200,9.54,0.544,10,0,0
101127,47,206700,3.0,RENT,C,debt_consolidation,7700,14.86,0.037,31,0,0
101128,23,32800,3.9,MORTGAGE,D,debt_consolidation,22100,6.34,0.674,3,1,1
101129,20,36100,0.2,RENT,D,medical,5100,13.22,0.141,2,0,0
101130,22,35000,2.0,RENT,G,home_improvement,3500,12.96,0.1,2,0,0
101131,31,25500,0.1,RENT,G,debt_consolidation,5200,8.54,0.204,11,0,0
101132,32,20300,5.7,MORTGAGE,C,debt_consolidation,15400,11.14,0.759,14,0,1
101133,24,45600,1.8,MORTGAGE,A,venture,5300,12.89,0.116,8,0,0
101134,29,55800,0.5,RENT,D,home_improvement,3700,9.01,0.066,15,0,0
101135,43,34700,2.5,MORTGAGE,G,home_improvement,9800,8.93,0.282,25,0,1
101136,29,39700,2.8,RENT,B,debt_consolidation,6600,7.07,0.166,10,1,0
101137,31,114200,4.5,RENT,C,venture,11100,18.78,0.097,13,1,0
101138,42,87900,6.2,RENT,C,education,5600,9.82,0.064,24,0,0
101139,24,44700,4.5,MORTGAGE,A,credit_card,4900,7.09,0.11,10,0,0
101140,24,65300,0.6,MORTGAGE,D,debt_consolidation,20200,5.4,0.309,6,0,0
101141,26,21000,4.1,RENT,B,small_business,5100,8.61,0.243,6,0,0
101142,25,59800,4.6,RENT,E,medical,5100,12.46,0.085,8,0,0
101143,20,49800,6.4,MORTGAGE,E,medical,10400,10.58,0.209,2,0,1
101144,30,41900,3.1,MORTGAGE,E,venture,1700,12.76,0.041,12,0,0
101145,31,52500,1.1,RENT,C,home_improvement,12100,14.08,0.23,12,0,0
101146,28,48000,2.4,MORTGAGE,B,debt_consolidation,21700,10.96,0.452,14,1,1
101147,31,25000,2.4,MORTGAGE,D,credit_card,13000,11.04,0.52,12,1,1
101148,31,129800,0.2,MORTGAGE,E,medical,4600,17.14,0.035,10,0,0
101149,20,86900,1.1,RENT,C,debt_consolidation,5400,14.15,0.062,2,0,0
101150,31,41600,0.2,OWN,E,debt_consolidation,8400,12.88,0.202,12,0,1
101151,33,19600,2.8,MORTGAGE,A,small_business,9900,10.26,0.505,12,0,0
101152,20,13300,1.5,RENT,E,credit_card,19700,13.93,0.9,2,0,1
101153,39,155200,6.7,OWN,A,medical,19200,12.77,0.124,24,0,0
101154,20,46800,7.5,MORTGAGE,A,debt_consolidation,7200,12.63,0.154,2,0,0
101155,21,78400,2.7,MORTGAGE,C,debt_consolidation,6000,14.08,0.077,2,0,1
101156,30,30600,0.7,MORTGAGE,A,debt_consolidation,5300,12.67,0.173,13,0,0
101157,33,43500,1.0,RENT,A,small_business,11600,6.03,0.267,15,0,0
101158,34,44800,12.2,MORTGAGE,A,small_business,14700,11.7,0.328,15,0,0
101159,33,58900,0.7,RENT,C,credit_card,8400,7.49,0.143,17,0,0
101160,25,54100,3.0,OWN,D,credit_card,8100,13.78,0.15,6,1,0
101161,30,31000,1.8,RENT,A,debt_consolidation,25900,5.85,0.835,9,0,0
101162,27,30900,7.5,RENT,D,small_business,11800,11.39,0.382,11,0,0
101163,30,49300,0.7,RENT,E,venture,2600,11.71,0.053,12,0,1
101164,29,19600,8.5,MORTGAGE,A,medical,8000,7.37,0.408,11,0,0
101165,25,32800,2.2,MORTGAGE,A,debt_consolidation,9100,11.21,0.277,3,0,0
101166,27,47300,12.8,MORTGAGE,E,home_improvement,7000,14.26,0.148,7,0,0
101167,20,64100,4.0,RENT,E,debt_consolidation,16200,9.5,0.253,2,0,0
101168,35,117800,3.9,RENT,C,debt_consolidation,6800,12.54,0.058,15,0,0
101169,31,39700,2.7,MORTGAGE,E,debt_consolidation,4700,13.33,0.118,15,1,1
101170,20,52600,3.7,RENT,A,debt_consolidation,5500,7.66,0.105,2,0,0
101171,35,18500,3.6,MORTGAGE,B,debt_consolidation,11700,11.65,0.632,17,0,1
101172,29,62000,6.6,OWN,D,medical,3800,10.74,0.061,13,0,0
101173,22,31300,2.5,MORTGAGE,B,debt_consolidation,6200,11.45,0.198,3,0,0
101174,22,43500,2.9,RENT,D,small_business,12900,5.73,0.297,5,0,1
101175,24,67000,3.4,MORTGAGE,C,venture,3800,6.43,0.057,6,0,0
101176,22,68500,3.0,OWN,D,home_improvement,4600,15.89,0.067,6,0,0
101177,23,23200,4.6,MORTGAGE,C,credit_card,3200,14.22,0.138,6,0,1
101178,41,80100,0.7,MORTGAGE,B,small_business,5000,12.29,0.062,24,0,1
101179,32,50400,5.7,RENT,B,debt_consolidation,6100,14.75,0.121,13,0,0
101180,43,103500,13.0,MORTGAGE,B,credit_card,7100,6.73,0.069,24,0,0
101181,31,115100,0.0,RENT,D,credit_card,4900,10.68,0.043,13,0,0
101182,33,124700,5.8,MORTGAGE,A,medical,6600,10.34,0.053,16,0,0
101183,23,23500,0.4,OWN,A,medical,13900,8.73,0.591,6,0,0
101184,28,64300,7.1,OWN,A,medical,9700,7.42,0.151,12,1,0
101185,28,21600,8.1,RENT,A,small_business,26200,16.24,0.9,8,0,0
101186,33,105400,2.0,MORTGAGE,E,credit_card,5600,9.23,0.053,12,0,0
101187,29,114000,7.6,RENT,B,medical,6300,13.12,0.055,10,0,0
101188,31,88200,1.7,MORTGAGE,G,education,8800,12.7,0.1,12,0,1
101189,31,40800,19.5,MORTGAGE,A,credit_card,6100,15.26,0.15,11,1,0
101190,27,69500,2.8,MORTGAGE,D,venture,8000,14.14,0.115,9,0,0
101191,26,38000,0.1,RENT,C,education,2800,10.39,0.074,5,0,0
101192,24,51900,0.0,MORTGAGE,B,credit_card,6600,6.95,0.127,5,1,1
101193,37,49000,1.4,MORTGAGE,E,debt_consolidation,13100,14.71,0.267,17,0,1
101194,27,17200,2.1,MORTGAGE,G,debt_consolidation,23100,15.9,0.9,7,0,1
101195,31,33000,7.2,MORTGAGE,E,medical,18000,20.37,0.545,11,0,0
101196,28,179700,5.4,MORTGAGE,B,debt_consolidation,8700,15.02,0.048,8,1,0
101197,36,49100,7.3,RENT,B,credit_card,10600,9.2,0.216,19,0,0
101198,20,56300,11.1,RENT,D,home_improvement,9700,9.67,0.172,2,0,0
101199,31,51300,15.8,MORTGAGE,B,education,6000,5.4,0.117,13,0,0
101200,20,41100,0.7,MORTGAGE,D,medical,4800,8.58,0.117,2,0,1
101201,32,52600,2.8,RENT,C,small_business,9300,6.93,0.177,15,0,1
101202,28,41200,4.8,RENT,C,credit_card,7600,13.62,0.184,11,0,1
101203,20,14700,9.4,OWN,E,debt_consolidation,12900,14.95,0.878,3,0,1
101204,31,79400,11.4,OWN,D,home_improvement,2200,19.63,0.028,13,0,1
101205,31,125100,1.0,MORTGAGE,A,debt_consolidation,7400,22.61,0.059,13,0,0
101206,27,27200,22.1,MORTGAGE,A,credit_card,15800,12.4,0.581,7,0,1
101207,28,41100,2.1,OWN,C,venture,11100,9.4,0.27,9,0,0
101208,30,117600,10.6,MORTGAGE,C,credit_card,4700,10.09,0.04,13,0,1
101209,37,33700,2.2,RENT,B,home_improvement,3900,9.01,0.116,18,0,0
101210,27,63800,0.1,MORTGAGE,C,home_improvement,7900,19.94,0.124,8,1,0
101211,36,450000,5.8,OWN,D,medical,12500,5.4,0.028,19,0,0
101212,29,73000,4.9,MORTGAGE,E,credit_card,10800,17.33,0.148,11,0,1
101213,38,53500,1.7,RENT,C,credit_card,8600,8.14,0.161,20,0,0
101214,27,83700,1.5,OWN,B,debt_consolidation,11500,10.09,0.137,9,0,0
101215,24,79000,3.1,MORTGAGE,B,home_improvement,9300,5.4,0.118,8,0,0
101216,21,35800,7.1,RENT,C,debt_consolidation,11300,15.3,0.316,2,0,0
101217,29,19800,2.3,OTHER,B,credit_card,13600,14.36,0.687,12,0,1
101218,23,71400,4.3,MORTGAGE,C,small_business,6300,7.56,0.088,4,0,0
101219,39,77600,19.5,MORTGAGE,D,debt_consolidation,5000,15.49,0.064,22,0,1
101220,23,43800,1.0,OWN,A,credit_card,12100,14.79,0.276,6,0,0
101221,24,127400,2.1,RENT,A,debt_consolidation,6100,9.59,0.048,6,0,0
101222,33,114100,0.6,MORTGAGE,B,debt_consolidation,2800,5.4,0.025,17,1,0
101223,37,78900,2.6,RENT,E,debt_consolidation,17800,10.71,0.226,20,0,0
101224,34,44200,9.6,OWN,D,debt_consolidation,9300,15.25,0.21,15,1,1
101225,36,16300,18.7,OWN,A,venture,9100,8.21,0.558,18,0,0
101226,28,46800,3.4,MORTGAGE,E,venture,7300,15.39,0.156,11,1,1
101227,29,18800,7.0,MORTGAGE,C,small_business,12800,8.4,0.681,13,0,1
101228,43,14100,5.7,MORTGAGE,C,home_improvement,4000,11.17,0.284,22,0,0
101229,41,73600,5.8,RENT,F,medical,8100,8.85,0.11,25,0,1
101230,34,98200,3.6,RENT,A,education,9500,12.06,0.097,13,0,0
101231,37,17600,4.2,RENT,B,credit_card,11000,14.46,0.625,20,0,0
101232,35,44800,0.6,MORTGAGE,C,debt_consolidation,3200,17.37,0.071,18,0,1
101233,21,51000,1.0,MORTGAGE,B,small_business,11200,12.25,0.22,3,0,0
101234,29,43900,0.1,MORTGAGE,D,venture,6400,5.89,0.146,12,0,0
101235,39,24100,0.6,RENT,B,debt_consolidation,5700,13.78,0.237,19,0,1
101236,34,107200,3.9,MORTGAGE,A,credit_card,3400,10.43,0.032,14,0,0
101237,29,24500,1.1,RENT,B,credit_card,27700,10.35,0.9,9,1,1
101238,40,17600,3.3,OTHER,C,credit_card,7600,11.88,0.432,21,0,1
101239,32,24200,0.2,OWN,A,small_business,9300,13.51,0.384,16,1,0
101240,34,67200,2.0,MORTGAGE,A,credit_card,4500,10.01,0.067,18,0,0
101241,32,44500,8.1,MORTGAGE,E,venture,3500,13.59,0.079,14,0,0
101242,33,33700,5.3,RENT,B,medical,12700,12.96,0.377,15,0,0
101243,33,68900,6.9,RENT,B,debt_consolidation,3900,13.59,0.057,19,0,0
101244,38,61900,3.1,MORTGAGE,A,medical,16600,14.67,0.268,19,1,0
101245,39,14500,3.5,MORTGAGE,B,medical,21800,5.4,0.9,20,1,1
101246,26,68500,4.9,RENT,B,credit_card,5300,10.09,0.077,10,0,0
101247,31,98700,2.3,RENT,C,credit_card,6300,10.95,0.064,12,1,0
101248,38,48200,0.3,MORTGAGE,B,medical,2000,10.6,0.041,18,0,0
101249,28,45300,8.7,RENT,E,credit_card,3100,8.38,0.068,12,0,0
101250,20,146000,6.5,RENT,F,debt_consolidation,11500,9.15,0.079,5,0,1
101251,23,34900,7.6,MORTGAGE,A,debt_consolidation,16200,13.38,0.464,4,0,0
101252,23,47000,0.4,OWN,A,debt_consolidation,5300,13.16,0.113,5,0,0
101253,26,61800,2.8,RENT,A,small_business,5700,11.62,0.092,10,0,0
101254,24,52900,9.0,RENT,C,debt_consolidation,3400,7.89,0.064,4,0,0
101255,36,44400,7.6,RENT,A,home_improvement,4400,14.59,0.099,20,0,0
101256,27,54100,1.1,RENT,E,credit_card,16800,14.33,0.311,12,0,0
101257,38,122100,2.0,MORTGAGE,D,medical,9600,15.5,0.079,18,0,0
101258,21,80400,2.4,RENT,E,credit_card,3000,8.69,0.037,2,1,1
101259,27,49500,1.1,RENT,C,education,11100,24.56,0.224,6,0,0
101260,30,32000,0.7,OWN,G,education,29900,12.29,0.9,11,0,1
101261,35,34500,1.3,MORTGAGE,A,debt_consolidation,6500,8.77,0.188,14,0,0
101262,37,86900,1.9,RENT,C,small_business,5600,20.06,0.064,21,0,0
101263,25,21500,1.1,RENT,B,debt_consolidation,11200,14.19,0.521,5,0,0
101264,36,193300,0.1,MORTGAGE,F,medical,14100,12.23,0.073,17,0,0
101265,20,50600,1.4,MORTGAGE,C,home_improvement,12700,12.66,0.251,3,1,1
101266,35,24100,5.6,OWN,E,debt_consolidation,6800,16.12,0.282,15,0,0
101267,20,57000,3.1,RENT,A,debt_consolidation,6400,12.41,0.112,2,1,0
101268,32,33200,2.5,MORTGAGE,G,credit_card,3100,5.4,0.093,15,0,1
101269,37,40900,2.8,RENT,C,medical,4100,11.44,0.1,25,0,0
101270,35,22500,5.4,RENT,C,medical,9900,14.74,0.44,18,0,1
101271,20,45200,0.7,MORTGAGE,G,debt_consolidation,6000,11.33,0.133,2,0,1
101272,26,16000,3.1,MORTGAGE,B,debt_consolidation,9300,7.95,0.581,9,0,0
101273,34,37100,3.6,RENT,B,credit_card,7100,11.37,0.191,17,1,0
101274,34,32700,0.3,RENT,C,home_improvement,8400,14.61,0.257,17,1,1
101275,31,39100,0.6,MORTGAGE,A,debt_consolidation,8200,16.09,0.21,13,0,0
101276,20,33800,0.3,RENT,B,debt_consolidation,12200,7.51,0.361,4,1,0
101277,37,52500,7.6,RENT,B,education,12900,7.26,0.246,18,1,0
101278,39,84000,17.0,RENT,A,credit_card,8000,11.29,0.095,22,0,0
101279,30,62800,1.1,RENT,E,small_business,7200,9.01,0.115,12,0,0
101280,31,105300,1.9,MORTGAGE,C,credit_card,7900,9.42,0.075,13,0,1
101281,33,39200,1.3,RENT,B,credit_card,5300,10.53,0.135,14,0,0
101282,39,61600,1.3,MORTGAGE,C,home_improvement,14700,14.26,0.239,23,1,0
101283,31,63000,0.9,MORTGAGE,C,debt_consolidation,5900,8.46,0.094,16,0,0
101284,28,97100,0.4,RENT,D,debt_consolidation,7400,7.3,0.076,14,0,0
101285,32,34500,2.7,MORTGAGE,F,venture,8900,8.84,0.258,14,0,1
101286,29,79500,5.4,RENT,F,education,9600,6.05,0.121,11,0,1
101287,29,32200,0.5,MORTGAGE,B,small_business,9400,11.69,0.292,12,0,0
101288,20,37700,1.2,MORTGAGE,B,debt_consolidation,7500,11.89,0.199,2,0,1
101289,33,42300,5.8,MORTGAGE,C,debt_consolidation,20000,15.14,0.473,17,0,1
101290,37,66100,1.9,RENT,C,debt_consolidation,8400,7.69,0.127,18,0,0
101291,36,28300,2.1,MORTGAGE,C,education,7100,11.94,0.251,19,0,0
101292,36,30600,2.5,MORTGAGE,D,medical,21800,12.71,0.712,16,0,1
101293,29,36100,7.8,RENT,C,credit_card,5300,5.93,0.147,12,1,0
101294,30,52900,0.7,RENT,B,venture,21700,12.29,0.41,15,0,0
101295,37,30800,0.3,RENT,B,debt_consolidation,2700,12.42,0.088,18,1,0
101296,35,59600,2.0,RENT,B,credit_card,6500,11.04,0.109,16,0,0
101297,39,42300,1.6,RENT,A,debt_consolidation,3200,6.89,0.076,20,1,0
101298,24,74000,5.7,OWN,A,debt_consolidation,3800,11.23,0.051,5,0,0
101299,24,53300,2.7,OTHER,D,venture,10400,5.4,0.195,9,1,0
101300,27,135100,1.2,RENT,B,education,9500,12.67,0.07,9,0,0
101301,22,55100,0.3,OWN,B,debt_consolidation,5800,14.17,0.105,2,0,0
101302,20,26400,13.5,MORTGAGE,C,debt_consolidation,19900,10.71,0.754,2,0,1
101303,32,45800,0.3,MORTGAGE,D,home_improvement,15100,16.11,0.33,10,0,1
101304,32,52100,2.9,OWN,B,debt_consolidation,7900,8.99,0.152,13,0,0
101305,31,31300,0.5,MORTGAGE,E,credit_card,3000,8.88,0.096,11,0,1
101306,31,118700,6.9,MORTGAGE,F,home_improvement,13700,10.5,0.115,11,0,1
101307,20,43500,1.3,RENT,C,debt_consolidation,6200,19.65,0.143,2,1,1
101308,26,36200,0.4,RENT,D,debt_consolidation,9500,10.48,0.262,6,0,1
101309,27,56900,0.3,OWN,A,debt_consolidation,12600,19.22,0.221,9,0,0
101310,29,31300,0.8,RENT,F,education,6500,11.36,0.208,12,0,0
101311,20,87700,8.3,RENT,B,credit_card,16400,8.59,0.187,3,0,0
101312,23,78500,8.1,RENT,F,home_improvement,6600,18.53,0.084,5,0,0
101313,26,55400,1.2,MORTGAGE,C,debt_consolidation,10900,12.16,0.197,3,0,0
101314,36,71400,2.4,RENT,A,small_business,12300,10.44,0.172,17,0,0
101315,31,39200,1.9,OWN,A,debt_consolidation,13400,14.6,0.342,16,0,0
101316,36,22600,5.5,RENT,D,debt_consolidation,21100,15.99,0.9,22,1,1
101317,28,43100,1.9,OWN,C,small_business,5200,9.41,0.121,12,1,0
101318,29,39100,3.9,MORTGAGE,A,small_business,4300,14.75,0.11,11,1,0
101319,32,16800,1.8,MORTGAGE,D,debt_consolidation,6800,10.68,0.405,12,0,0
101320,28,28800,0.1,RENT,E,credit_card,40000,7.97,0.9,13,0,1
101321,25,26200,1.0,RENT,C,venture,17000,8.95,0.649,7,0,1
101322,20,28900,1.9,OWN,C,debt_consolidation,6000,7.28,0.208,2,0,0
101323,25,107300,3.0,MORTGAGE,A,debt_consolidation,6700,11.81,0.062,9,0,0
101324,35,68300,1.5,RENT,E,credit_card,8000,11.83,0.117,11,0,0
101325,38,87600,2.1,OWN,B,debt_consolidation,9400,15.61,0.107,20,0,0
101326,24,68200,2.0,MORTGAGE,E,home_improvement,11500,14.63,0.169,3,0,0
101327,20,93500,0.1,RENT,B,small_business,11800,10.05,0.126,3,0,0
101328,35,52300,2.5,MORTGAGE,C,credit_card,15600,10.81,0.298,20,0,0
101329,29,118600,7.1,MORTGAGE,B,home_improvement,24400,9.16,0.206,12,0,0
101330,20,26200,0.4,MORTGAGE,A,credit_card,7500,11.9,0.286,6,0,0
101331,20,49600,7.4,RENT,D,small_business,7200,10.71,0.145,2,1,0
101332,22,29300,0.8,RENT,C,debt_consolidation,6600,11.68,0.225,7,0,1
101333,26,102000,15.6,RENT,C,debt_consolidation,7000,16.76,0.069,5,0,0
101334,21,64900,8.9,RENT,F,small_business,9900,16.95,0.153,3,0,1
101335,34,99000,0.8,RENT,F,debt_consolidation,11500,9.25,0.116,13,0,0
101336,23,23800,3.4,MORTGAGE,E,debt_consolidation,20900,14.3,0.878,6,0,0
101337,29,37000,2.5,MORTGAGE,B,credit_card,5500,13.85,0.149,10,1,0
101338,46,19300,6.3,RENT,C,small_business,9900,9.52,0.513,28,0,0
101339,30,62900,3.2,MORTGAGE,E,debt_consolidation,5100,16.58,0.081,12,0,1
101340,28,40700,4.9,RENT,B,small_business,10100,6.18,0.248,12,0,0
101341,28,78100,5.3,RENT,A,medical,35200,15.37,0.451,10,0,1
101342,34,52400,12.1,MORTGAGE,E,home_improvement,7500,11.08,0.143,16,1,1
101343,33,16000,3.2,OWN,C,debt_consolidation,31200,7.64,0.9,15,0,0
101344,22,20700,0.1,RENT,C,medical,5100,10.84,0.246,5,0,0
101345,26,53900,5.3,MORTGAGE,G,debt_consolidation,6300,18.26,0.117,8,0,1
101346,24,66600,1.4,OWN,C,education,6700,20.54,0.101,4,0,0
101347,27,15200,1.7,MORTGAGE,C,small_business,8900,8.7,0.586,11,0,0
101348,42,49200,0.6,OTHER,B,debt_consolidation,7400,11.36,0.15,23,0,0
101349,33,29400,2.2,RENT,C,medical,12300,10.83,0.418,16,0,0
101350,28,28000,2.6,RENT,A,credit_card,1800,11.43,0.064,12,0,0
101351,38,35900,0.2,MORTGAGE,E,credit_card,4700,17.35,0.131,18,1,0
101352,30,55200,6.3,MORTGAGE,E,credit_card,23000,10.09,0.417,10,0,0
101353,20,34900,0.4,RENT,B,home_improvement,3700,8.69,0.106,2,0,0
101354,41,17300,1.5,RENT,B,small_business,6700,9.9,0.387,22,0,0
101355,28,54900,4.2,RENT,E,education,11300,10.83,0.206,12,0,0
101356,20,42500,1.8,RENT,A,debt_consolidation,7900,14.27,0.186,2,0,0
101357,20,30800,2.6,RENT,C,home_improvement,5100,11.95,0.166,5,0,0
101358,37,43500,24.3,OWN,C,small_business,10400,13.9,0.239,20,0,0
101359,20,42600,2.0,RENT,D,home_improvement,12800,15.31,0.3,2,0,0
101360,38,52800,4.9,MORTGAGE,A,credit_card,5800,10.49,0.11,19,0,0
101361,30,45000,6.7,RENT,D,credit_card,10100,11.25,0.224,15,0,0
101362,34,56400,2.8,RENT,B,small_business,13000,13.27,0.23,18,1,0
101363,27,50200,8.9,OWN,C,debt_consolidation,14700,9.28,0.293,9,1,0
101364,33,80900,10.5,RENT,A,debt_consolidation,9900,11.66,0.122,15,0,0
101365,31,123200,2.6,RENT,C,credit_card,20700,15.31,0.168,12,0,0
101366,29,51100,5.0,MORTGAGE,C,debt_consolidation,8300,11.94,0.162,6,0,0
101367,22,36600,0.7,RENT,B,debt_consolidation,4700,16.09,0.128,4,1,0
101368,32,23400,9.4,RENT,A,debt_consolidation,7200,8.22,0.308,12,0,0
101369,20,73500,4.0,OWN,B,small_business,15800,12.72,0.215,2,0,0
101370,36,31400,1.9,RENT,B,venture,5000,13.58,0.159,15,0,0
101371,30,187400,2.2,MORTGAGE,A,credit_card,2400,12.64,0.013,12,0,0
101372,32,237600,2.4,RENT,F,debt_consolidation,10400,10.46,0.044,12,0,1
101373,20,45800,2.0,RENT,C,medical,6300,6.25,0.138,2,1,0
101374,21,20600,2.2,RENT,E,debt_consolidation,27900,15.53,0.9,4,0,1
101375,25,73800,1.1,MORTGAGE,G,venture,9400,6.42,0.127,8,0,0
101376,34,163500,3.2,RENT,A,credit_card,16000,6.69,0.098,13,0,0
101377,22,25000,0.8,OWN,D,debt_consolidation,6200,13.59,0.248,2,0,0
101378,47,146400,10.2,MORTGAGE,E,credit_card,11200,10.17,0.077,26,0,0
101379,27,18600,5.2,MORTGAGE,D,debt_consolidation,9900,12.02,0.532,11,1,0
101380,22,23200,3.5,RENT,C,medical,17300,6.88,0.746,8,0,1
101381,28,61100,11.1,MORTGAGE,C,debt_consolidation,9000,12.55,0.147,9,0,0
101382,22,90100,0.2,MORTGAGE,A,medical,6100,14.51,0.068,2,0,0
101383,21,49700,2.4,RENT,C,small_business,14300,5.88,0.288,6,0,0
101384,36,66000,10.5,MORTGAGE,G,education,5500,12.41,0.083,17,0,1
101385,33,94600,2.8,MORTGAGE,F,education,5200,14.75,0.055,15,0,0
101386,33,100800,3.7,OWN,A,debt_consolidation,7900,6.7,0.078,15,0,0
101387,38,36600,0.3,OWN,D,credit_card,6800,12.02,0.186,19,1,1
101388,32,32100,1.8,RENT,B,medical,8200,11.69,0.255,12,0,1
101389,22,92000,0.4,RENT,F,credit_card,5600,12.78,0.061,4,0,1
101390,34,66200,14.1,MORTGAGE,A,debt_consolidation,15000,10.52,0.227,15,0,0
101391,21,71200,5.5,MORTGAGE,F,debt_consolidation,14900,6.26,0.209,2,1,1
101392,26,35800,3.5,MORTGAGE,E,debt_consolidation,12800,10.07,0.358,6,0,1
101393,29,73200,12.2,RENT,A,education,12100,9.5,0.165,11,0,0
101394,28,28200,2.0,MORTGAGE,A,credit_card,2900,11.26,0.103,9,0,0
101395,20,59000,5.9,OWN,E,small_business,8600,15.84,0.146,3,1,0
101396,22,54800,1.0,OTHER,A,venture,13000,6.15,0.237,2,0,0
101397,29,55000,1.4,RENT,C,debt_consolidation,16900,14.96,0.307,15,1,0
101398,25,79200,0.9,OWN,F,small_business,7200,17.87,0.091,7,0,1
101399,37,29400,9.5,RENT,C,debt_consolidation,16600,17.65,0.565,19,0,0
101400,38,74800,8.9,MORTGAGE,B,debt_consolidation,9600,17.95,0.128,19,0,0
101401,21,52100,0.3,RENT,C,debt_consolidation,2000,12.19,0.038,2,0,1
101402,29,33300,6.8,MORTGAGE,A,debt_consolidation,7700,11.76,0.231,7,0,1
101403,40,24900,3.7,RENT,F,credit_card,5100,5.4,0.205,22,0,1
101404,28,145600,2.0,RENT,B,credit_card,5800,10.72,0.04,14,0,0
101405,26,49600,2.6,RENT,B,debt_consolidation,14500,15.58,0.292,10,0,0
101406,35,42400,10.2,OWN,B,debt_consolidation,9500,6.38,0.224,14,0,0
101407,27,27500,4.9,MORTGAGE,F,home_improvement,6100,8.4,0.222,10,1,0
101408,38,93800,2.0,MORTGAGE,A,debt_consolidation,5600,11.89,0.06,21,0,0
101409,25,89900,2.0,MORTGAGE,E,medical,10300,5.55,0.115,10,0,1
101410,26,80800,0.9,RENT,D,education,7300,18.06,0.09,6,0,0
101411,35,49800,3.6,RENT,E,small_business,11900,13.6,0.239,22,1,0
101412,30,77900,1.1,RENT,G,home_improvement,5100,12.74,0.065,12,0,0
101413,30,32800,8.1,RENT,E,home_improvement,6600,14.41,0.201,10,0,0
101414,20,58100,2.3,OWN,F,home_improvement,4400,10.28,0.076,2,1,0
101415,27,50000,5.2,RENT,A,education,6000,12.51,0.12,9,0,0
101416,35,59700,13.6,MORTGAGE,E,venture,26800,7.98,0.449,17,0,0
101417,24,19000,3.5,MORTGAGE,C,credit_card,5400,5.4,0.284,4,0,0
101418,34,144100,0.3,OWN,C,home_improvement,6200,11.38,0.043,17,0,0
101419,31,125500,2.4,RENT,E,medical,5200,17.2,0.041,14,0,1
101420,28,27400,5.8,OWN,G,debt_consolidation,7300,17.53,0.266,10,0,0
101421,39,70800,21.3,MORTGAGE,D,credit_card,7800,10.82,0.11,19,1,0
101422,27,22700,5.3,MORTGAGE,C,home_improvement,15800,10.5,0.696,9,0,1
101423,27,54000,3.4,MORTGAGE,C,small_business,6500,5.9,0.12,13,1,0
101424,28,15400,16.9,RENT,B,credit_card,8600,15.32,0.558,8,0,0
101425,30,43900,1.6,MORTGAGE,B,debt_consolidation,2900,13.02,0.066,8,0,0
101426,34,39400,1.4,MORTGAGE,B,debt_consolidation,5000,10.82,0.127,15,0,0
101427,20,97400,1.8,MORTGAGE,A,credit_card,14700,5.4,0.151,2,0,0
101428,35,129000,1.5,MORTGAGE,A,education,5100,5.4,0.04,13,0,0
101429,29,130600,2.5,MORTGAGE,D,education,12400,11.97,0.095,12,0,1
101430,33,97400,3.2,RENT,C,credit_card,4900,5.95,0.05,12,1,0
101431,46,53900,0.6,RENT,F,debt_consolidation,7400,13.44,0.137,25,0,1
101432,25,63800,7.4,OWN,C,medical,20800,13.61,0.326,9,0,0
101433,20,63600,5.2,MORTGAGE,A,small_business,12200,6.77,0.192,5,1,0
101434,30,26900,5.4,OWN,A,credit_card,2800,11.67,0.104,17,0,0
101435,31,96800,7.1,RENT,B,credit_card,40000,8.12,0.413,10,0,0
101436,35,75300,7.3,MORTGAGE,G,debt_consolidation,4600,14.89,0.061,18,0,0
101437,25,77300,3.0,OWN,B,medical,22600,23.35,0.292,4,0,1
101438,23,14700,7.5,MORTGAGE,C,home_improvement,6300,11.07,0.429,5,0,0
101439,20,66100,1.2,RENT,F,credit_card,4100,16.82,0.062,2,0,1
101440,20,89600,22.4,RENT,G,education,6300,15.2,0.07,2,0,1
101441,26,51100,7.4,OWN,B,home_improvement,5700,11.22,0.112,9,0,0
101442,28,39100,0.6,MORTGAGE,A,education,6000,13.42,0.153,10,0,0
101443,43,24400,0.9,RENT,A,credit_card,8400,6.94,0.344,26,0,0
101444,20,23400,4.5,MORTGAGE,A,credit_card,10500,12.0,0.449,2,0,0
101445,31,56100,1.2,RENT,B,education,17700,10.42,0.316,17,0,0
101446,24,45300,3.9,RENT,C,venture,9100,16.39,0.201,7,1,1
101447,31,44900,3.6,RENT,F,venture,8500,9.24,0.189,14,0,1
101448,25,119500,1.6,RENT,C,medical,5400,7.7,0.045,10,0,0
101449,36,25800,0.1,MORTGAGE,D,credit_card,6900,7.84,0.267,18,1,0
101450,36,42600,0.3,RENT,B,debt_consolidation,6100,14.58,0.143,16,0,0
101451,28,130800,1.8,MORTGAGE,E,credit_card,3800,10.84,0.029,12,0,0
101452,39,43400,0.8,MORTGAGE,C,education,33000,5.44,0.76,21,0,1
101453,34,53400,3.1,RENT,E,credit_card,9300,15.15,0.174,18,1,1
101454,39,46800,6.9,RENT,F,small_business,9300,6.06,0.199,21,0,1
101455,29,76000,0.8,RENT,B,education,15800,9.53,0.208,15,0,0
101456,36,16600,3.7,MORTGAGE,A,venture,2000,10.74,0.12,18,0,0
101457,24,46100,1.4,OWN,B,venture,27800,7.56,0.603,5,0,1
101458,23,53100,2.2,MORTGAGE,C,credit_card,5100,5.4,0.096,6,0,1
101459,44,29800,1.7,MORTGAGE,F,credit_card,5000,14.43,0.168,25,0,1
101460,21,62300,8.6,OWN,B,venture,6000,13.85,0.096,2,1,1
101461,26,79400,2.6,MORTGAGE,D,debt_consolidation,13900,11.69,0.175,11,0,0
101462,20,66100,1.0,MORTGAGE,C,debt_consolidation,26400,12.82,0.399,2,1,0
101463,23,137100,12.4,MORTGAGE,B,venture,20000,5.4,0.146,7,0,0
101464,22,40600,0.1,RENT,B,small_business,6200,13.38,0.153,7,0,0
101465,24,67800,1.5,RENT,D,credit_card,3000,12.99,0.044,5,0,0
101466,31,67000,7.5,MORTGAGE,D,debt_consolidation,6500,13.09,0.097,14,0,0
101467,33,45300,5.4,MORTGAGE,C,credit_card,5700,13.08,0.126,13,0,0
101468,22,96100,8.6,RENT,B,venture,3300,15.08,0.034,6,1,0
101469,23,60400,5.6,OWN,D,home_improvement,11200,11.08,0.185,2,0,0
101470,37,26600,2.4,RENT,A,credit_card,8100,11.73,0.305,21,0,0
101471,41,77900,11.3,MORTGAGE,F,credit_card,10700,6.69,0.137,23,1,1
101472,38,39200,1.4,OWN,B,education,12100,13.97,0.309,18,0,0
101473,20,43200,4.7,RENT,A,education,11800,9.09,0.273,2,0,1
101474,37,44900,8.7,OWN,C,credit_card,7800,9.35,0.174,20,0,0
101475,42,77200,1.2,MORTGAGE,C,home_improvement,20000,10.03,0.259,22,0,0
101476,20,93300,1.6,MORTGAGE,C,debt_consolidation,6200,7.64,0.066,3,0,0
101477,37,47200,4.7,OWN,C,credit_card,5700,11.12,0.121,19,0,0
101478,31,45700,0.8,MORTGAGE,G,debt_consolidation,7100,14.47,0.155,12,0,0
101479,27,16700,2.7,MORTGAGE,C,credit_card,10900,7.5,0.653,10,0,1
101480,30,34900,0.1,MORTGAGE,C,home_improvement,11800,11.44,0.338,10,1,1
101481,32,30600,5.1,RENT,C,debt_consolidation,6700,13.9,0.219,13,0,0
101482,37,61200,5.4,RENT,A,debt_consolidation,6800,5.4,0.111,18,0,0
101483,37,48600,11.8,RENT,C,debt_consolidation,16600,18.18,0.342,16,0,0
101484,20,31300,0.1,RENT,B,debt_consolidation,3900,9.84,0.125,2,0,1
101485,24,56000,10.6,MORTGAGE,D,small_business,36700,8.13,0.655,3,0,0
101486,30,49700,4.0,OWN,A,debt_consolidation,6900,11.79,0.139,11,0,0
101487,40,12700,0.9,OWN,G,debt_consolidation,7200,9.07,0.567,18,0,1
101488,20,94800,6.4,RENT,C,venture,9900,11.25,0.104,2,0,1
101489,25,89900,12.9,MORTGAGE,E,debt_consolidation,10900,8.8,0.121,5,0,0
101490,20,45200,3.5,MORTGAGE,C,education,5700,15.56,0.126,3,0,0
101491,20,62600,1.8,RENT,A,home_improvement,9800,21.16,0.157,2,0,0
101492,36,43100,5.4,MORTGAGE,E,small_business,4800,14.1,0.111,15,0,1
101493,25,21300,4.4,RENT,D,credit_card,5800,12.22,0.272,6,0,0
101494,20,169400,1.4,OWN,E,debt_consolidation,3400,9.51,0.02,6,1,0
101495,28,77800,0.4,RENT,C,medical,8800,15.32,0.113,7,0,0
101496,43,86500,5.0,MORTGAGE,D,medical,7400,8.73,0.086,26,0,0
101497,20,44100,4.5,OWN,E,credit_card,2700,12.65,0.061,3,0,0
101498,33,95700,4.6,MORTGAGE,D,small_business,5600,9.63,0.059,19,0,0
101499,40,24300,6.3,RENT,B,credit_card,8000,6.98,0.329,23,0,0
101500,29,45000,6.4,RENT,D,education,13000,10.73,0.289,11,1,0
101501,42,77400,1.9,OWN,D,medical,4000,7.95,0.052,24,0,0
101502,24,36500,3.2,RENT,F,debt_consolidation,6900,16.81,0.189,6,0,1
101503,39,85000,1.6,RENT,B,education,4400,8.79,0.052,22,0,0
101504,37,60900,2.7,OWN,C,venture,12100,11.03,0.199,18,0,0
101505,29,57800,2.5,MORTGAGE,E,small_business,5600,9.16,0.097,17,0,1
101506,20,34700,0.2,MORTGAGE,C,debt_consolidation,10800,7.05,0.311,4,0,0
101507,22,64400,19.3,RENT,D,medical,6700,13.96,0.104,4,0,1
101508,20,149200,6.6,MORTGAGE,C,home_improvement,3200,11.16,0.021,2,0,0
101509,33,56700,2.4,MORTGAGE,B,debt_consolidation,7800,19.94,0.138,15,0,0
101510,32,70000,1.3,RENT,D,education,4200,15.27,0.06,14,0,1
101511,30,75900,3.7,RENT,A,credit_card,15000,11.75,0.198,13,0,1
101512,28,27500,4.3,RENT,B,medical,22000,12.82,0.8,11,0,0
101513,39,47900,5.0,MORTGAGE,D,home_improvement,11500,11.18,0.24,24,0,1
101514,31,47100,7.3,RENT,D,debt_consolidation,5700,7.8,0.121,11,0,0
101515,25,16000,0.8,OWN,E,venture,8200,6.33,0.512,7,0,0
101516,30,79500,1.0,RENT,B,home_improvement,9500,7.7,0.119,10,0,0
101517,43,30900,2.0,RENT,A,credit_card,14700,16.31,0.476,24,0,0
101518,33,74900,0.0,OWN,F,credit_card,7300,12.43,0.097,14,1,0
101519,26,34000,0.7,OWN,A,debt_consolidation,10100,13.43,0.297,10,0,0
101520,29,158400,0.1,MORTGAGE,B,small_business,3200,14.33,0.02,10,0,0
101521,32,44200,3.4,OWN,B,credit_card,9300,10.78,0.21,17,0,1
101522,26,148200,5.0,RENT,C,education,5000,9.32,0.034,11,1,0
101523,25,46900,0.4,MORTGAGE,E,venture,8300,18.77,0.177,8,0,1
101524,29,50000,3.6,RENT,D,small_business,4600,13.41,0.092,9,1,0
101525,40,122000,1.5,MORTGAGE,D,debt_consolidation,10200,5.51,0.084,25,0,0
101526,35,31100,1.8,MORTGAGE,A,small_business,11500,5.4,0.37,16,0,0
101527,26,53000,1.1,MORTGAGE,B,debt_consolidation,7100,14.2,0.134,7,0,0
101528,35,69300,3.0,RENT,C,medical,5000,8.32,0.072,18,0,0
101529,29,64300,0.2,RENT,A,credit_card,11100,11.03,0.173,9,1,1
101530,31,52800,8.0,OTHER,B,education,19100,5.4,0.362,15,0,0
101531,31,48900,12.7,MORTGAGE,B,credit_card,23300,9.83,0.476,15,0,0
101532,20,82100,0.7,RENT,A,debt_consolidation,10100,14.78,0.123,8,0,0
101533,20,56800,3.6,RENT,C,venture,9400,9.57,0.165,3,0,0
101534,31,87700,0.6,RENT,D,credit_card,3900,7.29,0.044,13,0,0
101535,23,63900,1.5,RENT,A,education,16700,10.62,0.261,9,1,0
101536,20,73700,3.8,RENT,C,education,2300,11.63,0.031,2,0,0
101537,23,96100,8.1,MORTGAGE,E,credit_card,15600,10.23,0.162,5,1,0
101538,35,43500,1.0,MORTGAGE,D,credit_card,8200,5.82,0.189,17,0,0
101539,32,94700,1.5,MORTGAGE,E,credit_card,2100,12.92,0.022,16,0,0
101540,34,47300,0.9,RENT,C,medical,9800,9.43,0.207,22,0,1
101541,32,23900,8.1,RENT,E,venture,7400,12.13,0.31,13,0,1
101542,23,43000,4.7,RENT,B,debt_consolidation,6300,7.98,0.147,7,1,0
101543,34,34600,0.3,OWN,B,small_business,7000,15.99,0.202,19,0,0
101544,33,63400,8.1,MORTGAGE,A,debt_consolidation,8000,14.07,0.126,18,0,0
101545,28,44000,12.6,RENT,C,home_improvement,8000,10.21,0.182,10,1,0
101546,29,55300,0.4,MORTGAGE,B,medical,3600,12.6,0.065,12,0,0
101547,35,90000,2.1,MORTGAGE,B,education,10100,17.39,0.112,15,0,0
101548,24,116700,1.6,MORTGAGE,D,credit_card,6600,15.73,0.057,10,0,0
101549,37,60500,1.4,MORTGAGE,B,credit_card,19400,16.93,0.321,17,0,1
101550,33,93600,3.6,OTHER,B,debt_consolidation,13000,13.68,0.139,13,0,0
101551,29,46800,10.7,RENT,A,debt_consolidation,13800,9.55,0.295,10,1,0
101552,40,21800,8.4,MORTGAGE,C,credit_card,22600,13.62,0.9,21,0,0
101553,20,26900,1.4,MORTGAGE,B,education,12100,17.62,0.45,3,0,1
101554,26,46300,8.7,MORTGAGE,B,credit_card,7500,13.68,0.162,7,0,0
101555,24,79800,0.6,RENT,B,debt_consolidation,2000,8.52,0.025,4,0,0
101556,32,46300,12.8,MORTGAGE,D,small_business,9300,11.74,0.201,12,0,0
101557,37,98900,3.2,RENT,F,debt_consolidation,21000,14.24,0.212,21,0,1
101558,22,141100,9.4,MORTGAGE,C,debt_consolidation,13300,12.12,0.094,5,0,0
101559,52,31600,4.9,MORTGAGE,D,education,6100,14.25,0.193,31,0,0
101560,24,165800,3.9,RENT,E,debt_consolidation,8400,9.27,0.051,7,1,0
101561,32,21000,12.4,OTHER,G,credit_card,6000,10.73,0.286,13,0,1
101562,29,142500,2.6,MORTGAGE,C,home_improvement,9600,12.73,0.067,8,0,0
101563,29,50600,7.6,MORTGAGE,E,debt_consolidation,6100,12.9,0.121,9,0,0
101564,23,45300,1.7,OTHER,F,debt_consolidation,17900,9.22,0.395,7,1,0
101565,36,51300,4.9,MORTGAGE,E,debt_consolidation,8700,5.4,0.17,21,0,0
101566,23,33200,3.9,RENT,C,credit_card,9300,5.4,0.28,6,0,0
101567,20,117700,0.3,MORTGAGE,A,education,5100,11.33,0.043,2,0,0
101568,21,35200,2.5,MORTGAGE,A,credit_card,6400,12.16,0.182,4,0,0
101569,39,37800,2.2,MORTGAGE,C,credit_card,4300,10.75,0.114,22,0,0
101570,38,24100,1.8,OWN,C,credit_card,17700,11.63,0.734,15,0,1
101571,20,34500,6.0,MORTGAGE,C,venture,6100,17.26,0.177,3,0,0
101572,35,35100,2.3,RENT,C,debt_consolidation,8800,9.71,0.251,17,1,0
101573,20,33800,0.2,MORTGAGE,C,education,3500,12.81,0.104,7,0,0
101574,29,46800,4.4,MORTGAGE,E,debt_consolidation,4100,17.56,0.088,15,1,1
101575,21,27900,8.4,RENT,A,venture,7100,7.77,0.254,3,0,0
101576,35,123900,0.9,RENT,B,debt_consolidation,6800,17.87,0.055,18,1,0
101577,33,47400,2.7,RENT,E,debt_consolidation,9300,15.0,0.196,15,0,0
101578,36,63300,2.9,MORTGAGE,E,credit_card,24500,10.38,0.387,17,0,1
101579,27,82800,1.0,RENT,G,debt_consolidation,2700,5.4,0.033,6,1,1
101580,28,157000,6.8,RENT,E,small_business,13900,16.51,0.089,9,0,1
101581,20,85000,1.2,RENT,E,home_improvement,10700,17.87,0.126,2,0,0
101582,22,45000,4.8,MORTGAGE,B,small_business,5800,9.0,0.129,6,0,0
101583,36,28600,1.1,RENT,C,debt_consolidation,6400,18.1,0.224,18,0,0
101584,32,62100,4.3,RENT,B,small_business,15000,5.41,0.242,13,0,0
101585,30,92400,6.1,MORTGAGE,C,debt_consolidation,7800,12.55,0.084,11,1,1
101586,38,55700,6.7,RENT,F,venture,6800,10.86,0.122,21,0,0
101587,20,53400,2.7,RENT,B,small_business,4600,6.69,0.086,2,1,0
101588,34,58000,0.8,MORTGAGE,C,home_improvement,5100,10.6,0.088,14,1,0
101589,21,18400,2.8,RENT,B,education,4200,11.39,0.228,2,0,0
101590,39,55900,11.3,RENT,A,home_improvement,13200,7.22,0.236,25,0,0
101591,33,77100,7.2,RENT,B,credit_card,5300,13.93,0.069,15,0,0
101592,36,50300,2.6,RENT,A,debt_consolidation,4200,9.05,0.083,20,0,0
101593,24,95600,3.6,MORTGAGE,F,home_improvement,8900,10.21,0.093,2,1,1
101594,44,97400,2.4,OTHER,C,credit_card,5200,16.71,0.053,28,0,0
101595,43,39100,0.1,RENT,E,debt_consolidation,19000,9.14,0.486,27,0,0
101596,32,65700,15.5,MORTGAGE,D,medical,8300,5.4,0.126,16,0,0
101597,37,52800,4.1,OWN,B,debt_consolidation,9100,10.59,0.172,16,0,0
101598,27,16900,3.6,MORTGAGE,A,home_improvement,9100,11.89,0.538,9,0,1
101599,20,46500,3.2,MORTGAGE,E,debt_consolidation,11100,10.63,0.239,2,1,1
101600,35,29200,3.9,MORTGAGE,B,credit_card,12000,14.6,0.411,15,0,0
101601,23,55500,5.4,MORTGAGE,F,medical,8200,12.94,0.148,2,0,1
101602,38,75000,1.7,OWN,A,debt_consolidation,4600,9.34,0.061,18,0,0
101603,36,45700,1.3,RENT,D,home_improvement,7400,14.01,0.162,16,0,1
101604,31,31400,4.4,OWN,E,home_improvement,8400,13.17,0.268,15,0,1
101605,30,58600,6.4,MORTGAGE,B,education,3300,13.06,0.056,11,1,0
101606,36,197600,0.2,MORTGAGE,B,debt_consolidation,2500,10.92,0.013,18,0,0
101607,31,15600,2.2,RENT,F,medical,4200,12.53,0.269,15,0,1
101608,26,58600,2.8,RENT,B,credit_card,2800,11.89,0.048,8,0,0
101609,20,38200,12.2,RENT,C,credit_card,6200,10.42,0.162,2,1,1
101610,36,40800,4.9,OWN,C,credit_card,5300,13.23,0.13,18,0,0
101611,32,48700,2.6,MORTGAGE,B,credit_card,8500,13.5,0.175,12,0,0
101612,48,42600,9.9,OWN,D,credit_card,12000,13.51,0.282,26,0,1
101613,28,71800,12.9,RENT,D,debt_consolidation,9500,13.72,0.132,11,0,0
101614,31,45100,1.0,RENT,B,credit_card,10300,5.4,0.228,14,0,0
101615,31,15700,1.9,RENT,E,home_improvement,13600,14.76,0.866,13,0,1
101616,34,104200,1.7,RENT,B,credit_card,6800,8.03,0.065,16,0,0
101617,22,95900,0.3,MORTGAGE,A,debt_consolidation,1900,15.53,0.02,3,1,0
101618,28,36900,4.0,OWN,C,credit_card,3100,6.6,0.084,13,1,0
101619,35,53000,3.5,OWN,G,credit_card,10700,17.19,0.202,18,0,1
101620,27,100700,0.6,MORTGAGE,A,home_improvement,9000,5.4,0.089,9,1,1
101621,35,91000,25.0,RENT,B,education,11900,12.66,0.131,19,0,0
101622,30,108700,6.1,MORTGAGE,C,credit_card,38700,10.18,0.356,14,0,1
101623,32,63300,0.3,MORTGAGE,E,home_improvement,9100,13.17,0.144,15,0,0
101624,37,78700,1.6,MORTGAGE,A,debt_consolidation,7700,17.71,0.098,21,0,0
101625,27,111800,9.9,MORTGAGE,B,venture,9800,12.35,0.088,10,0,0
101626,20,42700,2.2,RENT,D,debt_consolidation,4200,14.88,0.098,2,0,0
101627,27,65700,0.2,RENT,B,credit_card,12300,17.02,0.187,11,0,0
101628,23,15800,0.9,OWN,B,debt_consolidation,7400,9.27,0.468,3,1,1
101629,20,21600,6.9,MORTGAGE,B,debt_consolidation,20400,12.8,0.9,2,0,0
101630,28,67800,1.6,OWN,C,medical,3400,16.43,0.05,11,1,1
101631,30,73800,3.8,RENT,C,debt_consolidation,8100,12.77,0.11,11,0,0
101632,36,41600,1.2,MORTGAGE,E,debt_consolidation,5700,9.39,0.137,20,1,1
101633,21,36900,2.3,RENT,D,debt_consolidation,4500,13.35,0.122,4,1,1
101634,30,42400,4.5,OWN,D,venture,11400,11.91,0.269,16,0,1
101635,37,57300,6.2,RENT,G,medical,6800,13.33,0.119,17,0,1
101636,25,14400,6.8,MORTGAGE,C,education,16800,9.6,0.9,9,0,1
101637,33,66600,1.3,RENT,C,education,6100,12.37,0.092,14,0,0
101638,40,52500,5.3,RENT,F,education,6500,11.0,0.124,23,0,0
101639,20,59000,6.6,RENT,B,credit_card,24500,9.72,0.415,3,1,0
101640,31,48100,1.3,MORTGAGE,D,debt_consolidation,3900,16.22,0.081,14,0,0
101641,37,24100,1.9,MORTGAGE,D,debt_consolidation,5300,9.65,0.22,20,0,0
101642,27,28200,9.9,OTHER,A,debt_consolidation,1500,8.78,0.053,10,0,0
101643,39,119100,0.9,MORTGAGE,C,small_business,6300,7.23,0.053,21,1,0
101644,33,36200,8.1,MORTGAGE,B,debt_consolidation,11800,11.27,0.326,17,0,0
101645,41,80400,9.1,MORTGAGE,B,debt_consolidation,10200,10.95,0.127,25,0,0
101646,33,28400,7.9,RENT,C,small_business,8800,14.1,0.31,14,1,0
101647,42,51100,9.9,MORTGAGE,B,debt_consolidation,5000,7.07,0.098,22,0,0
101648,31,40400,8.2,MORTGAGE,E,debt_consolidation,7300,5.44,0.181,14,1,0
101649,20,44000,0.9,MORTGAGE,F,debt_consolidation,6500,5.4,0.148,2,0,0
101650,25,42700,2.9,RENT,E,small_business,8100,13.14,0.19,4,0,0
101651,36,114000,4.7,RENT,B,debt_consolidation,8900,15.22,0.078,18,0,0
101652,36,148800,4.4,RENT,B,debt_consolidation,6700,14.93,0.045,16,0,0
101653,27,58700,7.9,OWN,B,debt_consolidation,8200,9.69,0.14,5,1,0
101654,42,41100,1.8,MORTGAGE,A,small_business,7700,11.97,0.187,25,0,0
101655,27,24800,4.9,MORTGAGE,F,debt_consolidation,5600,5.4,0.226,7,0,0
101656,32,23900,8.2,MORTGAGE,C,debt_consolidation,8500,17.32,0.356,17,0,0
101657,32,114400,9.3,MORTGAGE,B,education,4000,15.66,0.035,16,1,0
101658,20,23000,1.2,RENT,E,education,9000,14.75,0.391,2,0,1
101659,28,40400,2.5,RENT,B,debt_consolidation,4400,8.27,0.109,13,0,0
101660,46,56100,1.7,MORTGAGE,A,debt_consolidation,8000,10.19,0.143,30,0,0
101661,23,12300,5.1,RENT,A,debt_consolidation,10500,10.82,0.854,3,0,0
101662,33,25900,3.3,RENT,D,small_business,4900,17.62,0.189,17,0,0
101663,21,24700,8.8,RENT,E,debt_consolidation,14300,15.1,0.579,2,0,1
101664,22,35700,3.9,RENT,B,education,21700,10.83,0.608,6,0,0
101665,20,59400,3.2,OWN,F,medical,5700,13.6,0.096,2,0,1
101666,36,90700,4.7,MORTGAGE,E,home_improvement,7500,8.22,0.083,15,0,0
101667,23,35800,2.2,OTHER,E,debt_consolidation,15800,6.51,0.441,6,0,1
101668,38,40000,1.6,OWN,B,education,3000,11.25,0.075,19,1,0
101669,25,48300,7.0,RENT,A,small_business,8300,7.41,0.172,9,1,0
101670,30,33100,9.7,RENT,E,medical,6900,5.41,0.208,15,0,1
101671,32,64800,1.0,MORTGAGE,B,debt_consolidation,13300,11.62,0.205,11,0,1
101672,20,66000,1.2,RENT,C,small_business,7100,10.55,0.108,2,0,0
101673,30,12000,0.2,OTHER,D,medical,10400,7.87,0.867,13,0,1
101674,31,73300,10.7,RENT,A,venture,5200,10.06,0.071,13,0,0
101675,37,55300,1.5,MORTGAGE,E,home_improvement,13700,12.86,0.248,19,0,1
101676,22,59400,1.1,MORTGAGE,F,credit_card,4400,10.69,0.074,5,0,1
101677,23,98600,2.0,OWN,D,credit_card,13100,12.0,0.133,2,0,0
101678,34,19300,2.2,MORTGAGE,C,small_business,8400,10.89,0.435,19,0,1
101679,39,25800,0.2,MORTGAGE,E,education,2200,17.73,0.085,22,1,0
101680,25,49600,0.1,RENT,C,home_improvement,8400,16.29,0.169,6,0,1
101681,20,14400,1.2,MORTGAGE,D,debt_consolidation,11300,11.92,0.785,2,0,1
101682,27,45900,10.3,MORTGAGE,E,debt_consolidation,4100,8.55,0.089,11,0,0
101683,22,82100,1.7,MORTGAGE,D,home_improvement,5100,9.48,0.062,5,0,0
101684,32,64100,3.4,MORTGAGE,B,education,8500,6.85,0.133,15,1,0
101685,21,53800,6.3,RENT,A,debt_consolidation,6100,8.63,0.113,4,0,0
101686,36,45300,6.8,RENT,B,credit_card,9700,13.9,0.214,18,0,0
101687,30,40700,4.9,OWN,C,venture,7200,9.36,0.177,8,1,1
101688,36,39500,0.6,RENT,C,credit_card,3900,10.87,0.099,17,0,1
101689,20,58400,8.2,MORTGAGE,C,debt_consolidation,29200,15.75,0.5,3,0,0
101690,20,22000,4.6,MORTGAGE,B,credit_card,6700,13.49,0.305,3,0,0
101691,38,115200,3.2,OWN,E,credit_card,8700,11.75,0.076,19,0,0
101692,24,34300,0.8,RENT,F,debt_consolidation,21500,11.09,0.627,6,0,1
101693,20,70000,2.4,RENT,B,home_improvement,13000,10.79,0.186,4,0,1
101694,28,53900,8.7,OWN,D,home_improvement,11000,14.85,0.204,13,0,0
101695,31,27300,0.7,MORTGAGE,D,home_improvement,14500,12.57,0.531,14,0,1
101696,28,104900,0.5,MORTGAGE,C,home_improvement,11000,10.58,0.105,12,0,0
101697,32,93400,3.5,RENT,B,debt_consolidation,11000,6.91,0.118,15,0,0
101698,31,21700,6.2,RENT,E,debt_consolidation,11100,13.24,0.512,14,1,1
101699,31,49500,7.9,OWN,F,debt_consolidation,7400,12.73,0.149,13,0,0
101700,38,57800,4.3,MORTGAGE,D,debt_consolidation,14600,5.8,0.253,19,0,0
101701,29,16500,1.4,OWN,F,small_business,11700,10.94,0.709,15,0,1
101702,29,16100,0.1,OWN,G,debt_consolidation,2300,12.71,0.143,15,0,1
101703,35,32600,0.2,MORTGAGE,B,home_improvement,12900,10.56,0.396,17,0,0
101704,33,25000,9.5,MORTGAGE,D,debt_consolidation,5200,18.03,0.208,16,0,0
101705,23,29000,11.5,MORTGAGE,C,debt_consolidation,9300,17.0,0.321,5,0,0
101706,28,25000,0.4,MORTGAGE,G,debt_consolidation,3200,6.96,0.128,10,1,1
101707,32,48200,8.3,MORTGAGE,A,credit_card,5900,10.61,0.122,14,0,0
101708,25,31500,5.1,RENT,C,home_improvement,6600,14.99,0.21,9,0,0
101709,25,95100,4.7,OWN,E,medical,10900,11.2,0.115,5,0,0
101710,20,56900,6.1,MORTGAGE,B,debt_consolidation,5900,14.15,0.104,2,0,1
101711,20,79800,2.8,OWN,E,home_improvement,2500,9.17,0.031,4,0,0
101712,26,20400,0.0,RENT,B,medical,6200,5.85,0.304,8,1,0
101713,30,36500,9.0,MORTGAGE,G,debt_consolidation,6600,14.0,0.181,15,0,0
101714,21,55500,0.8,MORTGAGE,E,debt_consolidation,11500,10.3,0.207,3,0,1
101715,39,66100,5.7,MORTGAGE,B,debt_consolidation,8800,20.78,0.133,22,0,0
101716,22,36100,2.8,RENT,D,debt_consolidation,5300,14.88,0.147,4,0,1
101717,35,39100,1.1,RENT,B,education,9400,7.68,0.24,20,0,0
101718,32,41600,2.3,MORTGAGE,C,credit_card,22200,13.92,0.534,16,0,0
101719,44,43700,2.8,OTHER,D,credit_card,15400,11.25,0.352,24,1,1
101720,33,169400,6.0,RENT,E,small_business,2800,13.39,0.017,16,0,1
101721,20,61200,7.0,RENT,A,credit_card,31600,8.9,0.516,4,0,0
101722,36,52700,1.6,MORTGAGE,B,home_improvement,15500,12.62,0.294,18,0,0
101723,41,25800,10.3,RENT,D,debt_consolidation,19400,15.31,0.752,24,0,1
101724,20,26100,2.2,RENT,C,credit_card,3500,14.46,0.134,5,0,0
101725,33,45800,4.9,MORTGAGE,C,debt_consolidation,6500,15.44,0.142,15,0,0
101726,35,96000,4.9,MORTGAGE,A,debt_consolidation,11200,22.72,0.117,18,0,0
101727,28,46200,3.6,RENT,B,debt_consolidation,4400,9.82,0.095,9,0,0
101728,20,47300,10.4,RENT,E,small_business,10800,18.0,0.228,3,0,0
101729,27,34200,2.3,OTHER,A,home_improvement,19900,12.56,0.582,7,0,0
101730,25,19800,18.0,MORTGAGE,B,small_business,6700,10.11,0.338,8,0,0
101731,40,65500,4.9,MORTGAGE,F,debt_consolidation,20700,11.47,0.316,25,0,0
101732,28,44800,2.2,RENT,A,venture,11900,14.75,0.266,8,0,0
101733,26,65900,10.3,MORTGAGE,D,debt_consolidation,2900,10.17,0.044,11,0,0
101734,25,56100,8.9,MORTGAGE,B,medical,5000,5.4,0.089,7,0,0
101735,31,30300,7.2,RENT,E,small_business,14900,14.52,0.492,12,0,1
101736,29,58300,0.5,MORTGAGE,D,home_improvement,4600,12.32,0.079,11,0,0
101737,23,25300,1.1,MORTGAGE,E,credit_card,14700,9.63,0.581,5,0,0
101738,31,58100,5.9,RENT,B,small_business,11300,6.96,0.194,12,0,0
101739,25,49800,14.3,MORTGAGE,C,small_business,9600,12.96,0.193,9,0,0
101740,20,120300,5.0,RENT,D,debt_consolidation,5900,16.15,0.049,2,0,1
101741,34,32000,2.4,MORTGAGE,B,medical,9600,8.27,0.3,17,0,0
101742,33,24800,7.1,OTHER,B,debt_consolidation,20400,12.52,0.823,19,0,1
101743,30,41100,0.2,RENT,A,credit_card,6500,19.47,0.158,12,0,0
101744,26,72000,4.4,RENT,F,home_improvement,11300,14.92,0.157,7,0,1
101745,28,12000,0.7,RENT,D,medical,24400,11.52,0.9,9,0,0
101746,35,83400,1.6,OTHER,D,credit_card,9400,11.15,0.113,19,0,0
101747,25,45900,1.7,RENT,D,debt_consolidation,6200,9.82,0.135,7,0,0
101748,35,27500,1.0,RENT,C,credit_card,6100,11.8,0.222,18,0,0
101749,20,42100,11.9,MORTGAGE,C,debt_consolidation,2600,10.04,0.062,2,0,0
101750,30,34300,3.6,MORTGAGE,C,credit_card,4200,10.57,0.122,12,0,0
101751,29,26300,13.8,MORTGAGE,D,credit_card,9800,11.12,0.373,13,1,0
101752,36,17700,10.3,OTHER,B,medical,13800,5.76,0.78,15,0,1
101753,23,77000,6.0,RENT,E,debt_consolidation,6400,11.04,0.083,2,0,1
101754,23,37900,9.9,MORTGAGE,E,debt_consolidation,13700,21.34,0.361,4,0,0
101755,20,41600,2.4,MORTGAGE,B,credit_card,13200,6.64,0.317,2,0,0
101756,25,82000,0.5,RENT,C,debt_consolidation,5300,17.17,0.065,7,0,1
101757,31,53100,3.4,OWN,A,debt_consolidation,5800,15.45,0.109,13,0,0
101758,20,21900,2.2,MORTGAGE,G,credit_card,3900,14.01,0.178,2,0,0
101759,26,74600,11.2,RENT,F,credit_card,12200,9.79,0.164,7,0,0
101760,33,116600,4.1,RENT,F,debt_consolidation,8100,15.04,0.069,18,0,0
101761,28,68000,3.8,RENT,B,credit_card,13200,18.36,0.194,12,1,0
101762,30,32000,5.1,OWN,A,education,7800,15.68,0.244,12,0,0
101763,20,22900,0.3,RENT,B,credit_card,4800,12.71,0.21,4,0,1
101764,28,31400,3.4,OWN,A,debt_consolidation,12400,11.89,0.395,5,0,0
101765,29,54500,3.0,RENT,A,debt_consolidation,2700,9.53,0.05,12,0,0
101766,28,112900,0.2,OTHER,A,debt_consolidation,6700,12.22,0.059,12,0,0
101767,30,33900,1.8,MORTGAGE,G,credit_card,5300,13.81,0.156,11,1,1
101768,27,36100,6.6,RENT,A,small_business,18800,12.01,0.521,10,1,1
101769,26,90400,2.3,RENT,A,debt_consolidation,21200,11.58,0.235,7,0,0
101770,22,40600,2.9,MORTGAGE,E,debt_consolidation,10200,11.63,0.251,5,1,0
101771,36,132300,0.9,RENT,C,debt_consolidation,5900,18.47,0.045,15,0,0
101772,20,47500,0.2,RENT,D,debt_consolidation,20900,12.51,0.44,4,0,1
101773,30,98000,0.3,MORTGAGE,D,venture,5500,12.64,0.056,12,0,0
101774,42,63600,3.9,OWN,E,debt_consolidation,3800,5.4,0.06,25,0,1
101775,37,76000,0.6,MORTGAGE,D,debt_consolidation,2700,15.35,0.036,19,0,1
101776,33,46800,6.2,OWN,C,credit_card,8600,13.99,0.184,17,0,0
101777,31,48500,9.5,MORTGAGE,D,debt_consolidation,3200,13.82,0.066,14,0,0
101778,28,64900,3.2,MORTGAGE,C,debt_consolidation,17700,14.06,0.273,12,0,1
101779,23,79900,3.1,RENT,B,credit_card,5900,8.46,0.074,4,0,0
101780,27,68800,0.4,MORTGAGE,C,debt_consolidation,4000,10.83,0.058,10,0,0
101781,33,19500,7.0,MORTGAGE,A,debt_consolidation,15000,18.22,0.769,18,0,1
101782,32,59400,0.9,MORTGAGE,E,home_improvement,13100,6.83,0.221,17,0,1
101783,35,35900,2.5,OTHER,B,credit_card,20200,7.05,0.563,12,0,0
101784,38,38200,1.1,MORTGAGE,A,debt_consolidation,3200,6.58,0.084,20,1,0
101785,28,66300,0.5,MORTGAGE,B,education,2800,11.21,0.042,7,0,0
101786,30,131100,10.3,MORTGAGE,E,debt_consolidation,19100,17.61,0.146,11,0,1
101787,20,45400,6.7,RENT,B,venture,1700,12.87,0.037,2,0,0
101788,45,152500,0.3,RENT,D,education,4200,15.78,0.028,28,0,1
101789,26,28200,3.6,OWN,E,credit_card,8400,5.4,0.298,8,0,0
101790,34,101500,0.8,RENT,A,debt_consolidation,3900,8.84,0.038,15,0,0
101791,26,65300,0.4,MORTGAGE,D,medical,9100,9.42,0.139,9,0,1
101792,26,57800,0.2,MORTGAGE,B,credit_card,4300,17.64,0.074,6,0,0
101793,27,110300,1.9,OWN,B,debt_consolidation,16500,12.39,0.15,8,1,0
101794,20,36300,7.6,MORTGAGE,D,credit_card,12000,11.69,0.331,2,0,0
101795,20,104100,8.9,RENT,F,credit_card,9400,12.57,0.09,2,0,1
101796,37,46000,9.4,RENT,B,medical,6700,11.02,0.146,19,0,0
101797,33,36200,3.4,MORTGAGE,C,small_business,4600,19.03,0.127,15,1,0
101798,23,24800,5.0,RENT,B,education,7500,18.89,0.302,4,0,0
101799,32,123200,0.4,MORTGAGE,C,small_business,4100,15.91,0.033,15,1,0
101800,35,96500,2.5,RENT,D,home_improvement,23300,15.5,0.241,17,0,1
101801,24,39600,3.8,RENT,C,credit_card,9700,10.03,0.245,6,0,0
101802,32,69600,0.4,OTHER,D,venture,5000,13.56,0.072,11,1,0
101803,36,55300,3.1,OWN,A,venture,19200,5.4,0.347,19,1,0
101804,20,42400,13.8,MORTGAGE,D,medical,7900,10.33,0.186,3,1,0
101805,33,87600,3.6,RENT,D,medical,17500,6.28,0.2,17,0,0
101806,32,36500,7.5,OTHER,D,home_improvement,17200,13.68,0.471,14,1,1
101807,42,15400,1.0,MORTGAGE,A,debt_consolidation,10300,11.51,0.669,26,0,0
101808,33,59500,2.8,OWN,C,education,4000,14.64,0.067,16,0,0
101809,26,53500,3.2,RENT,C,debt_consolidation,5900,14.23,0.11,7,0,0
101810,27,37200,0.5,RENT,A,debt_consolidation,40000,15.92,0.9,9,0,0
101811,43,31500,5.4,MORTGAGE,B,credit_card,6000,9.12,0.19,24,0,0
101812,27,21900,7.4,OWN,C,home_improvement,7000,5.4,0.32,7,1,1
101813,33,42200,2.9,RENT,D,credit_card,6300,18.87,0.149,16,0,0
101814,27,31800,0.6,RENT,B,debt_consolidation,4800,9.92,0.151,9,0,0
101815,37,87600,1.5,MORTGAGE,E,debt_consolidation,11900,11.71,0.136,20,0,0
101816,37,68500,1.7,OTHER,C,debt_consolidation,3900,15.73,0.057,23,0,0
101817,29,39500,4.4,MORTGAGE,D,credit_card,5100,10.82,0.129,13,0,0
101818,26,68700,0.4,OWN,C,debt_consolidation,9600,7.76,0.14,6,0,1
101819,26,48600,1.8,MORTGAGE,C,small_business,7100,19.5,0.146,7,0,0
101820,20,44400,1.8,OWN,C,debt_consolidation,8900,9.9,0.2,3,0,0
101821,30,50000,0.6,MORTGAGE,F,credit_card,8000,18.53,0.16,13,0,0
101822,30,136500,0.1,RENT,C,debt_consolidation,4300,13.21,0.032,15,0,0
101823,23,73400,7.8,MORTGAGE,C,credit_card,18100,15.52,0.247,4,0,0
101824,20,43700,1.0,MORTGAGE,C,medical,15200,15.45,0.348,2,0,1
101825,30,84300,1.2,MORTGAGE,D,debt_consolidation,4800,10.42,0.057,10,1,0
101826,31,82600,1.8,RENT,A,credit_card,10500,14.06,0.127,15,0,0
101827,32,59400,0.4,MORTGAGE,C,small_business,6200,19.01,0.104,14,0,0
101828,22,43000,6.0,MORTGAGE,C,debt_consolidation,14700,16.66,0.342,6,0,1
101829,32,41500,0.6,RENT,F,medical,13000,16.07,0.313,13,0,1
101830,28,28500,3.0,OWN,C,venture,16200,14.39,0.568,9,1,1
101831,35,56900,1.6,RENT,C,home_improvement,4800,11.56,0.084,18,1,0
101832,22,36800,1.9,RENT,F,venture,3800,8.84,0.103,2,0,0
101833,37,40500,1.6,RENT,C,credit_card,2900,17.66,0.072,20,0,0
101834,40,72600,0.4,MORTGAGE,B,credit_card,35300,9.87,0.486,25,0,0
101835,30,130300,3.5,RENT,B,debt_consolidation,13300,10.17,0.102,8,0,0
101836,32,63300,2.4,MORTGAGE,A,debt_consolidation,16100,11.99,0.254,12,0,0
101837,34,48600,7.6,MORTGAGE,A,debt_consolidation,3700,6.65,0.076,16,0,0
101838,22,51000,1.8,MORTGAGE,C,credit_card,11500,10.59,0.225,3,0,0
101839,26,96400,8.5,OWN,D,credit_card,3100,9.21,0.032,8,0,0
101840,30,63800,1.1,OWN,D,debt_consolidation,10400,6.76,0.163,16,0,0
101841,43,57300,2.0,RENT,A,home_improvement,8200,7.41,0.143,24,0,0
101842,21,59600,0.8,RENT,C,debt_consolidation,6900,11.8,0.116,3,1,1
101843,40,23500,0.8,RENT,A,debt_consolidation,6000,15.58,0.255,20,0,1
101844,28,63900,4.6,MORTGAGE,F,debt_consolidation,15500,11.56,0.243,7,1,1
101845,29,31800,2.5,RENT,A,small_business,6100,7.95,0.192,12,1,0
101846,38,64000,1.4,MORTGAGE,D,credit_card,17100,9.52,0.267,17,0,1
101847,43,34400,11.9,MORTGAGE,B,small_business,7900,13.12,0.23,22,0,0
101848,32,71300,3.4,MORTGAGE,D,debt_consolidation,10000,16.02,0.14,14,1,1
101849,37,47400,9.4,RENT,C,credit_card,11000,15.34,0.232,20,0,0
101850,23,27400,12.6,RENT,D,venture,10400,12.76,0.38,3,0,0
101851,25,43900,4.0,RENT,B,debt_consolidation,9200,17.35,0.21,6,0,0
101852,20,173400,0.2,MORTGAGE,F,credit_card,26500,9.99,0.153,2,0,1
101853,25,14800,6.4,MORTGAGE,C,debt_consolidation,15100,7.66,0.9,8,0,0
101854,33,56500,11.8,MORTGAGE,D,debt_consolidation,2000,10.86,0.035,15,0,0
101855,30,29600,4.3,MORTGAGE,E,credit_card,7200,16.43,0.243,12,1,1
101856,41,109900,0.3,MORTGAGE,G,debt_consolidation,18300,14.41,0.167,20,0,1
101857,43,80700,6.4,RENT,B,credit_card,5200,15.82,0.064,27,0,0
101858,28,57100,5.4,RENT,B,education,8100,11.58,0.142,9,1,1
101859,24,85400,0.8,RENT,B,debt_consolidation,8500,12.42,0.1,8,0,0
101860,37,59000,1.1,RENT,B,debt_consolidation,19500,11.14,0.331,18,0,1
101861,38,51700,2.5,RENT,C,medical,4600,8.81,0.089,21,1,0
101862,32,37100,0.3,MORTGAGE,G,credit_card,4900,12.04,0.132,12,1,1
101863,34,42300,1.5,RENT,G,education,10700,11.12,0.253,18,1,1
101864,33,39900,7.7,RENT,C,debt_consolidation,9800,10.18,0.246,13,1,1
101865,22,51800,5.1,RENT,D,home_improvement,10800,14.1,0.208,5,0,0
101866,20,18200,7.4,RENT,E,education,9700,12.39,0.533,2,1,1
101867,29,90800,3.7,RENT,F,debt_consolidation,7600,16.79,0.084,10,0,1
101868,28,150400,0.1,RENT,B,medical,11000,8.81,0.073,11,0,0
101869,31,40600,2.0,RENT,C,home_improvement,9100,10.46,0.224,11,1,0
101870,28,98300,2.2,OTHER,E,medical,7100,5.55,0.072,11,0,0
101871,20,47900,8.8,RENT,B,debt_consolidation,7800,8.36,0.163,4,0,0
101872,20,37000,0.9,RENT,C,credit_card,6000,14.19,0.162,2,0,1
101873,34,41800,2.2,MORTGAGE,G,debt_consolidation,5500,14.86,0.132,17,0,0
101874,24,54000,0.1,RENT,G,venture,11000,14.42,0.204,8,0,1
101875,27,34700,2.8,MORTGAGE,F,debt_consolidation,3900,16.6,0.112,8,0,1
101876,25,71900,15.6,RENT,E,debt_consolidation,11800,13.89,0.164,5,1,1
101877,23,38700,1.0,OWN,B,education,7000,12.16,0.181,2,1,0
101878,22,28600,2.4,OWN,B,debt_consolidation,7700,14.35,0.269,2,0,1
101879,36,51000,0.1,MORTGAGE,C,home_improvement,7400,9.22,0.145,20,0,0
101880,27,35200,4.4,RENT,C,debt_consolidation,10700,6.04,0.304,8,1,0
101881,33,43000,1.9,MORTGAGE,C,home_improvement,18300,10.54,0.426,16,0,0
101882,34,50000,3.4,RENT,D,debt_consolidation,21800,10.97,0.436,15,0,0
101883,31,24700,2.4,MORTGAGE,C,credit_card,14400,12.36,0.583,13,0,0
101884,35,115000,3.8,RENT,D,credit_card,8500,9.09,0.074,19,0,0
101885,29,80600,1.3,MORTGAGE,B,debt_consolidation,12600,9.8,0.156,14,0,0
101886,39,36400,1.7,RENT,B,debt_consolidation,2700,14.8,0.074,21,1,0
101887,35,51000,0.6,MORTGAGE,A,debt_consolidation,11300,7.58,0.222,17,0,0
101888,36,73100,2.7,RENT,B,small_business,10000,11.62,0.137,16,0,0
101889,22,57800,24.1,RENT,E,debt_consolidation,3500,9.75,0.061,6,0,0
101890,31,144900,7.1,MORTGAGE,C,debt_consolidation,5900,5.9,0.041,13,0,0
101891,20,45200,1.7,MORTGAGE,B,debt_consolidation,9400,10.52,0.208,5,0,0
101892,39,99100,3.3,RENT,D,credit_card,10000,8.76,0.101,18,0,0
101893,25,24700,1.1,RENT,C,small_business,13700,10.47,0.555,6,0,0
101894,26,26900,9.2,MORTGAGE,A,credit_card,20300,12.28,0.755,8,0,1
101895,20,130200,0.5,MORTGAGE,B,education,7500,5.4,0.058,3,0,0
101896,29,40600,3.3,MORTGAGE,A,home_improvement,4300,15.7,0.106,8,1,0
101897,27,27100,1.5,MORTGAGE,D,medical,12700,22.81,0.469,9,1,1
101898,42,50200,4.5,MORTGAGE,B,small_business,16500,8.59,0.329,26,0,1
101899,35,103300,1.7,MORTGAGE,A,debt_consolidation,16300,9.87,0.158,18,0,0
101900,25,33900,3.1,RENT,A,venture,10500,9.03,0.31,8,1,0
101901,20,50400,0.8,MORTGAGE,C,medical,24300,8.09,0.482,2,0,0
101902,20,18600,1.9,MORTGAGE,A,home_improvement,7000,19.16,0.376,2,0,0
101903,22,39800,8.0,RENT,E,debt_consolidation,19500,10.87,0.49,2,0,1
101904,20,89200,1.2,MORTGAGE,A,debt_consolidation,4300,14.49,0.048,4,0,0
101905,31,33500,4.3,RENT,C,home_improvement,2300,16.22,0.069,14,0,0
101906,28,25600,5.8,RENT,C,credit_card,4200,15.75,0.164,10,0,0
101907,29,33600,24.1,MORTGAGE,C,home_improvement,5900,16.02,0.176,11,1,0
101908,22,36900,3.5,OWN,A,credit_card,8100,7.25,0.22,6,0,0
101909,30,78500,8.1,RENT,E,credit_card,4900,15.27,0.062,16,0,0
101910,20,63500,1.6,MORTGAGE,E,debt_consolidation,8700,10.6,0.137,2,0,1
101911,28,70600,6.5,RENT,A,debt_consolidation,11600,17.9,0.164,10,0,0
101912,35,52300,2.7,MORTGAGE,A,debt_consolidation,9800,8.81,0.187,18,0,0
101913,26,36600,0.6,MORTGAGE,F,medical,7500,7.68,0.205,11,0,1
101914,32,33600,6.6,MORTGAGE,C,credit_card,15700,11.79,0.467,16,0,0
101915,20,65400,0.4,RENT,A,venture,5200,14.1,0.08,3,0,1
101916,20,123500,8.2,RENT,B,small_business,7100,5.4,0.057,4,0,0
101917,31,30700,1.0,MORTGAGE,D,small_business,6000,10.31,0.195,14,0,0
101918,36,29400,9.3,RENT,D,credit_card,11600,7.82,0.395,15,0,0
101919,27,27600,11.5,RENT,C,medical,6400,15.1,0.232,11,0,0
101920,44,81400,1.5,RENT,F,venture,10100,9.73,0.124,24,0,1
101921,20,50400,2.6,MORTGAGE,C,small_business,12700,15.83,0.252,2,0,1
101922,24,69900,0.1,RENT,B,debt_consolidation,6100,9.19,0.087,4,1,0
101923,30,39000,1.3,MORTGAGE,C,home_improvement,3400,12.86,0.087,11,0,1
101924,32,72400,3.1,RENT,B,debt_consolidation,7200,6.8,0.099,14,0,0
101925,25,44000,1.0,MORTGAGE,B,debt_consolidation,5200,11.38,0.118,10,0,0
101926,22,22000,1.9,OWN,A,small_business,5700,7.83,0.259,3,0,0
101927,33,85600,6.3,RENT,B,medical,2100,17.27,0.025,18,0,0
101928,30,50500,0.5,MORTGAGE,D,debt_consolidation,3300,15.63,0.065,9,0,0
101929,27,43400,15.6,MORTGAGE,A,debt_consolidation,12600,12.55,0.29,7,1,0
101930,32,60200,8.4,RENT,C,education,4800,15.45,0.08,12,0,0
101931,28,23300,0.1,MORTGAGE,D,debt_consolidation,15300,9.97,0.657,12,0,0
101932,28,65300,9.8,OWN,C,debt_consolidation,5500,13.97,0.084,8,1,0
101933,28,37100,1.4,MORTGAGE,D,small_business,10600,11.48,0.286,8,1,0
101934,23,47300,3.5,OWN,E,medical,7000,13.62,0.148,9,0,0
101935,23,96400,6.7,MORTGAGE,D,credit_card,11600,12.21,0.12,5,0,1
101936,25,73400,1.2,MORTGAGE,A,credit_card,7000,11.57,0.095,10,0,0
101937,29,46800,3.1,RENT,C,debt_consolidation,9100,5.4,0.194,13,0,0
101938,20,48700,6.2,OWN,C,debt_consolidation,15900,9.45,0.326,4,0,1
101939,36,12600,0.7,MORTGAGE,B,small_business,10500,18.3,0.833,21,0,0
101940,29,32800,5.6,RENT,A,medical,5500,11.36,0.168,10,0,0
101941,22,56500,1.0,MORTGAGE,B,debt_consolidation,2900,9.2,0.051,2,0,0
101942,40,33900,0.4,MORTGAGE,C,debt_consolidation,7600,11.95,0.224,23,0,0
101943,29,24800,9.4,OWN,C,debt_consolidation,10300,6.29,0.415,10,0,1
101944,20,67100,1.0,MORTGAGE,A,debt_consolidation,8800,10.08,0.131,3,1,0
101945,40,105700,0.5,OWN,E,debt_consolidation,5000,12.45,0.047,24,0,1
101946,38,34700,0.1,MORTGAGE,F,debt_consolidation,8800,13.56,0.254,18,0,1
101947,23,83400,17.8,MORTGAGE,B,medical,11600,13.03,0.139,4,1,0
101948,27,76800,1.1,MORTGAGE,F,debt_consolidation,17400,17.23,0.227,9,0,1
101949,26,30100,4.1,RENT,A,small_business,7200,9.36,0.239,11,1,0
101950,20,34500,5.3,RENT,F,credit_card,31300,6.37,0.9,2,1,1
101951,31,138900,4.0,OTHER,F,medical,18000,10.49,0.13,17,0,1
101952,35,27900,1.2,OWN,A,venture,8900,9.75,0.319,14,0,0
101953,34,36900,0.7,OWN,D,credit_card,9400,12.45,0.255,19,0,0
101954,29,151900,2.9,RENT,G,debt_consolidation,17400,10.74,0.115,11,0,1
101955,36,37700,3.3,RENT,F,small_business,4800,12.3,0.127,19,0,0
101956,21,108500,10.7,OWN,G,debt_consolidation,5200,12.15,0.048,4,0,0
101957,42,29400,0.0,RENT,C,debt_consolidation,4000,14.96,0.136,19,0,0
101958,24,55600,0.2,RENT,A,debt_consolidation,7000,11.73,0.126,5,0,0
101959,24,93600,2.2,RENT,E,education,5000,12.51,0.053,6,0,0
101960,25,39900,3.4,OWN,C,debt_consolidation,6700,18.19,0.168,9,0,0
101961,24,54400,5.6,MORTGAGE,C,credit_card,7900,5.88,0.145,6,0,0
101962,28,77600,2.7,RENT,C,credit_card,3800,12.43,0.049,13,0,0
101963,27,31400,5.7,MORTGAGE,C,home_improvement,17200,11.36,0.548,13,0,1
101964,30,176700,0.7,RENT,A,debt_consolidation,15600,11.94,0.088,13,1,1
101965,23,91200,0.3,MORTGAGE,D,education,6300,13.86,0.069,5,1,0
101966,30,42300,1.3,MORTGAGE,A,small_business,18300,8.77,0.433,10,0,0
101967,21,45300,8.3,MORTGAGE,D,credit_card,10000,9.72,0.221,4,1,1
101968,34,147500,0.4,RENT,E,credit_card,14800,14.41,0.1,15,0,0
101969,34,42400,7.4,RENT,C,medical,3800,11.21,0.09,19,0,0
101970,29,39700,6.3,RENT,C,small_business,6700,8.31,0.169,8,0,0
101971,24,96800,4.5,OWN,B,credit_card,11400,14.6,0.118,5,0,0
101972,31,23900,0.2,RENT,F,credit_card,7400,14.05,0.31,15,0,1
101973,23,49400,4.7,MORTGAGE,D,debt_consolidation,7400,12.33,0.15,8,0,1
101974,29,54000,1.0,RENT,B,debt_consolidation,7600,13.23,0.141,12,0,0
101975,28,35000,2.6,OTHER,A,debt_consolidation,10000,13.78,0.286,13,0,1
101976,47,21800,3.0,MORTGAGE,B,debt_consolidation,8600,11.42,0.394,29,1,1
101977,20,53500,0.5,RENT,C,debt_consolidation,19100,12.86,0.357,5,0,1
101978,20,75200,24.0,MORTGAGE,F,medical,4700,7.45,0.062,3,0,0
101979,25,35500,5.0,MORTGAGE,D,medical,8500,11.0,0.239,8,1,0
101980,20,26900,0.6,MORTGAGE,B,medical,11900,15.21,0.442,3,0,1
101981,24,102800,1.0,OTHER,E,home_improvement,4100,19.65,0.04,6,0,0
101982,20,68900,7.2,MORTGAGE,B,home_improvement,6700,12.18,0.097,3,0,0
101983,23,42200,15.5,OWN,E,debt_consolidation,8900,8.49,0.211,6,0,0
101984,22,85500,4.4,MORTGAGE,B,small_business,18500,10.46,0.216,5,0,0
101985,36,58900,3.3,RENT,C,debt_consolidation,8700,6.51,0.148,14,0,0
101986,29,137900,0.4,MORTGAGE,F,credit_card,12300,14.16,0.089,9,1,1
101987,37,74300,2.1,MORTGAGE,B,venture,12700,11.91,0.171,18,1,1
101988,29,24000,3.3,RENT,D,education,1800,8.3,0.075,8,0,0
101989,36,35900,2.5,MORTGAGE,G,debt_consolidation,8500,11.05,0.237,16,0,0
101990,27,36800,7.0,RENT,A,small_business,6400,14.28,0.174,11,0,0
101991,40,61100,2.3,RENT,A,debt_consolidation,18500,11.92,0.303,23,0,0
101992,32,43600,13.2,OWN,D,debt_consolidation,11900,9.26,0.273,16,0,0
101993,24,27700,3.7,RENT,B,debt_consolidation,13100,15.42,0.473,8,0,0
101994,33,71300,2.9,MORTGAGE,A,debt_consolidation,10800,12.98,0.151,17,0,0
101995,29,89300,0.2,RENT,C,small_business,8600,8.99,0.096,11,0,0
101996,28,48700,4.9,MORTGAGE,D,credit_card,12800,11.83,0.263,13,0,0
101997,30,57800,3.3,OWN,B,debt_consolidation,8000,5.4,0.138,11,0,0
101998,34,30300,5.1,MORTGAGE,B,venture,16400,12.68,0.541,19,0,1
101999,20,38700,3.1,MORTGAGE,E,credit_card,4500,21.8,0.116,4,1,1
102000,27,39500,8.0,RENT,C,credit_card,14300,15.67,0.362,10,0,1
102001,34,70100,0.2,RENT,E,credit_card,6600,11.12,0.094,16,0,1
102002,31,59300,4.3,MORTGAGE,C,credit_card,11800,12.62,0.199,12,1,0
102003,21,43000,6.0,MORTGAGE,F,credit_card,3400,13.69,0.079,3,0,1
102004,20,42100,1.5,MORTGAGE,D,home_improvement,9400,13.92,0.223,2,0,0
102005,41,17500,0.3,MORTGAGE,A,education,7500,11.3,0.429,25,0,0
102006,28,124600,9.9,RENT,E,debt_consolidation,7900,5.4,0.063,9,0,1
102007,40,16400,2.4,RENT,C,credit_card,3100,10.46,0.189,21,0,0
102008,35,65000,8.8,OWN,A,debt_consolidation,8300,9.57,0.128,13,1,0
102009,23,52600,2.3,MORTGAGE,A,medical,8700,11.36,0.165,3,1,1
102010,20,44500,2.3,MORTGAGE,D,debt_consolidation,3000,9.02,0.067,7,0,0
102011,26,51300,6.0,MORTGAGE,A,debt_consolidation,4300,13.9,0.084,7,1,0
102012,29,35800,2.0,OWN,B,venture,8800,19.01,0.246,13,0,0
102013,32,73800,1.7,OWN,A,home_improvement,10100,15.23,0.137,11,0,0
102014,21,25000,16.6,RENT,C,debt_consolidation,7900,11.46,0.316,2,0,1
102015,30,61700,0.0,OWN,C,debt_consolidation,8300,17.16,0.135,12,0,1
102016,30,35500,1.3,RENT,C,credit_card,8200,15.11,0.231,12,0,0
102017,36,40700,4.1,RENT,B,venture,6000,14.34,0.147,17,0,0
102018,27,41400,5.4,MORTGAGE,A,credit_card,7300,9.65,0.176,9,0,0
102019,32,47100,6.1,RENT,C,debt_consolidation,3700,11.19,0.079,12,0,0
102020,31,67900,2.8,RENT,B,credit_card,5900,13.81,0.087,15,1,0
102021,35,50500,2.4,MORTGAGE,D,credit_card,7900,19.47,0.156,21,0,1
102022,23,86100,0.3,OTHER,A,debt_consolidation,16000,16.88,0.186,7,0,0
102023,20,91600,0.5,RENT,A,education,7600,13.84,0.083,2,0,0
102024,27,61100,10.3,MORTGAGE,B,debt_consolidation,25200,12.29,0.412,10,1,0
102025,27,75000,3.1,MORTGAGE,C,education,23400,14.45,0.312,8,0,0
102026,21,157000,0.6,RENT,B,medical,8400,13.63,0.054,2,0,0
102027,20,23700,11.2,MORTGAGE,E,debt_consolidation,6500,17.22,0.274,3,0,1
102028,25,93100,1.1,MORTGAGE,B,small_business,28200,7.77,0.303,7,0,0
102029,28,120500,4.2,MORTGAGE,C,medical,12200,11.83,0.101,10,0,0
102030,30,65400,4.9,MORTGAGE,C,home_improvement,10300,14.44,0.157,12,0,0
102031,20,146900,18.5,OTHER,A,home_improvement,5400,16.84,0.037,2,0,0
102032,20,136700,1.0,MORTGAGE,C,debt_consolidation,6400,18.74,0.047,2,0,0
102033,37,42800,1.8,RENT,B,debt_consolidation,4700,6.47,0.11,18,0,0
102034,28,44700,2.3,MORTGAGE,C,small_business,18400,9.13,0.412,10,0,1
102035,29,69000,4.4,MORTGAGE,A,debt_consolidation,10700,11.47,0.155,12,0,0
102036,20,36600,3.1,RENT,E,debt_consolidation,6800,7.26,0.186,4,0,0
102037,29,228900,1.7,MORTGAGE,F,credit_card,6200,17.72,0.027,11,0,0
102038,26,79500,5.1,MORTGAGE,A,debt_consolidation,4700,12.17,0.059,8,1,0
102039,25,52900,4.4,RENT,C,medical,7800,15.95,0.147,9,0,1
102040,20,23700,3.0,RENT,D,medical,8900,11.08,0.376,2,0,0
102041,23,59200,1.9,MORTGAGE,B,medical,2300,13.19,0.039,6,0,0
102042,43,26800,0.6,RENT,E,debt_consolidation,4800,6.81,0.179,25,0,0
102043,27,78300,1.4,OWN,D,credit_card,5600,7.91,0.072,8,0,0
102044,35,13000,2.0,RENT,F,medical,14700,7.98,0.9,14,0,1
102045,28,110300,1.2,MORTGAGE,G,credit_card,6000,5.56,0.054,8,0,1
102046,27,40800,8.4,MORTGAGE,A,small_business,3000,15.42,0.074,11,0,0
102047,25,20300,1.8,RENT,C,home_improvement,4400,11.67,0.217,4,0,0
102048,38,51100,8.7,MORTGAGE,C,credit_card,20900,15.53,0.409,24,0,0
102049,32,52000,3.4,RENT,A,debt_consolidation,6600,11.3,0.127,13,0,0
102050,23,49700,1.4,RENT,B,home_improvement,4600,15.78,0.093,2,0,0
102051,26,110100,0.3,MORTGAGE,G,debt_consolidation,3200,15.15,0.029,7,0,0
102052,37,63500,0.1,RENT,A,education,8200,11.28,0.129,14,0,0
102053,20,79800,0.5,MORTGAGE,C,home_improvement,8700,12.43,0.109,2,0,0
102054,31,44900,6.6,MORTGAGE,E,debt_consolidation,10300,12.99,0.229,13,0,1
102055,33,65200,0.9,RENT,B,small_business,36300,15.74,0.557,12,0,1
102056,24,25100,8.5,RENT,C,credit_card,4100,11.6,0.163,3,1,1
102057,30,59400,7.2,MORTGAGE,G,debt_consolidation,6600,13.01,0.111,12,0,0
102058,33,34000,1.7,RENT,C,venture,9500,6.41,0.279,15,0,0
102059,20,106500,0.0,MORTGAGE,A,small_business,6400,8.55,0.06,3,0,0
102060,35,53700,0.3,RENT,A,home_improvement,2600,9.08,0.048,17,1,0
102061,31,74200,4.8,OWN,F,medical,10700,13.58,0.144,13,0,0
102062,28,59500,6.5,RENT,B,credit_card,5700,9.18,0.096,11,0,1
102063,30,139200,4.3,MORTGAGE,C,credit_card,4500,12.13,0.032,14,1,1
102064,34,21800,1.3,MORTGAGE,A,debt_consolidation,5000,11.13,0.229,16,0,0
102065,45,48400,17.9,RENT,C,debt_consolidation,19000,11.73,0.393,28,0,1
102066,33,30400,2.5,MORTGAGE,F,credit_card,16600,14.84,0.546,10,1,1
102067,35,16700,1.1,RENT,C,credit_card,4400,12.31,0.263,16,0,1
102068,30,29300,1.4,RENT,G,small_business,3100,10.81,0.106,15,0,1
102069,42,98200,0.1,RENT,B,credit_card,13300,13.17,0.135,23,0,0
102070,20,50700,9.4,MORTGAGE,C,home_improvement,25100,17.53,0.495,3,0,0
102071,20,45700,3.7,OWN,E,medical,29200,11.9,0.639,2,1,1
102072,30,78900,0.6,RENT,C,venture,3700,7.09,0.047,11,0,0
102073,34,54900,0.7,MORTGAGE,B,debt_consolidation,17100,6.76,0.311,17,0,0
102074,20,72200,2.1,MORTGAGE,E,education,8100,10.49,0.112,2,0,1
102075,29,61500,8.2,RENT,B,medical,2800,7.39,0.046,10,1,0
102076,28,69500,12.5,RENT,C,debt_consolidation,5100,5.4,0.073,9,0,0
102077,34,40200,0.6,RENT,G,debt_consolidation,5300,10.45,0.132,14,0,0
102078,32,91700,4.4,RENT,B,debt_consolidation,10500,12.87,0.115,12,0,0
102079,20,26500,2.1,MORTGAGE,B,home_improvement,3800,16.48,0.143,2,0,0
102080,21,49200,5.8,MORTGAGE,A,credit_card,13600,11.44,0.276,3,0,0
102081,23,94200,0.5,RENT,B,credit_card,10500,12.62,0.111,4,0,0
102082,34,47300,7.4,MORTGAGE,B,small_business,14200,13.36,0.3,15,1,1
102083,32,40700,0.4,RENT,D,debt_consolidation,5600,11.8,0.138,19,0,0
102084,25,181400,15.8,OWN,B,credit_card,10100,9.1,0.056,8,0,0
102085,30,112400,7.2,MORTGAGE,D,education,4600,19.32,0.041,9,0,0
102086,22,55700,1.8,RENT,B,venture,11800,7.94,0.212,5,0,0
102087,43,30200,7.1,MORTGAGE,B,medical,7100,13.0,0.235,26,0,0
102088,33,16800,5.1,RENT,B,debt_consolidation,7500,8.69,0.446,22,0,0
102089,35,76100,5.3,OTHER,D,debt_consolidation,8000,11.91,0.105,18,0,0
102090,39,103400,4.8,RENT,C,debt_consolidation,3100,12.97,0.03,25,0,0
102091,36,64100,5.8,OWN,B,credit_card,15600,10.77,0.243,17,1,0
102092,29,20100,1.4,OWN,E,debt_consolidation,8500,7.13,0.423,9,1,1
102093,28,56300,1.9,MORTGAGE,C,education,15600,10.25,0.277,8,0,1
102094,38,39400,10.3,MORTGAGE,B,home_improvement,15000,15.55,0.381,22,0,0
102095,29,56300,4.8,MORTGAGE,F,credit_card,5200,6.09,0.092,9,0,1
102096,24,150100,5.5,RENT,B,debt_consolidation,7000,17.37,0.047,5,0,0
102097,43,79600,5.7,OWN,A,credit_card,3500,11.84,0.044,26,0,0
102098,22,70700,0.8,RENT,C,credit_card,15900,14.07,0.225,3,0,0
102099,20,50300,0.8,OWN,A,small_business,9700,7.71,0.193,2,1,0
102100,36,64700,8.6,MORTGAGE,B,debt_consolidation,9100,10.96,0.141,15,0,0
102101,24,34600,13.1,RENT,D,medical,7000,9.1,0.202,2,1,1
102102,32,69900,2.9,RENT,A,debt_consolidation,4800,12.56,0.069,17,0,0
102103,42,46300,3.1,RENT,E,debt_consolidation,16400,7.57,0.354,26,0,1
102104,20,32800,0.8,RENT,F,venture,24400,9.27,0.744,2,0,1
102105,29,80700,8.0,MORTGAGE,C,debt_consolidation,16800,18.94,0.208,11,1,0
102106,39,15100,1.3,RENT,D,debt_consolidation,7400,13.83,0.49,19,1,1
102107,34,38200,3.0,OWN,D,home_improvement,10000,12.87,0.262,15,0,0
102108,28,72200,6.6,RENT,G,credit_card,14600,12.81,0.202,15,0,1
102109,46,101100,0.4,MORTGAGE,B,debt_consolidation,8500,16.75,0.084,32,0,0
102110,28,66800,9.4,RENT,A,debt_consolidation,23600,11.04,0.353,11,0,0
102111,32,35600,2.1,RENT,C,debt_consolidation,16100,14.87,0.452,10,1,1
102112,41,50100,2.8,MORTGAGE,C,credit_card,37500,5.4,0.749,24,0,1
102113,36,60500,2.8,RENT,A,debt_consolidation,9000,11.07,0.149,17,0,0
102114,38,121600,3.5,MORTGAGE,C,medical,2100,10.39,0.017,19,0,0
102115,23,85500,8.3,MORTGAGE,A,medical,8400,9.61,0.098,5,0,0
102116,38,85900,1.1,RENT,F,debt_consolidation,6600,14.16,0.077,24,1,1
102117,30,53400,1.2,MORTGAGE,B,debt_consolidation,8900,11.02,0.167,12,0,0
102118,24,28600,8.9,RENT,A,debt_consolidation,21600,10.92,0.755,8,0,0
102119,31,23800,5.3,RENT,A,debt_consolidation,6000,8.68,0.252,14,0,0
102120,30,43700,1.8,MORTGAGE,B,debt_consolidation,5100,10.08,0.117,13,1,0
102121,42,75700,2.5,RENT,B,medical,5700,5.4,0.075,25,0,0
102122,32,39100,9.9,RENT,A,credit_card,26500,10.36,0.678,13,1,0
102123,24,70600,2.4,MORTGAGE,B,credit_card,6300,6.41,0.089,3,0,0
102124,22,33300,5.3,MORTGAGE,B,home_improvement,9300,17.06,0.279,7,0,0
102125,29,36200,7.8,OWN,B,medical,22400,14.14,0.619,8,1,0
102126,20,111800,2.4,MORTGAGE,B,debt_consolidation,11700,14.79,0.105,3,0,0
102127,24,78600,12.2,MORTGAGE,B,debt_consolidation,2300,6.74,0.029,10,0,0
102128,27,43500,2.3,MORTGAGE,B,venture,6200,14.52,0.143,10,0,0
102129,26,32600,11.1,RENT,A,debt_consolidation,5700,9.1,0.175,9,0,0
102130,34,86800,1.1,RENT,A,home_improvement,3100,12.5,0.036,17,0,0
102131,24,83500,1.4,MORTGAGE,B,home_improvement,6200,10.83,0.074,8,0,1
102132,20,73200,4.2,RENT,D,credit_card,1800,6.54,0.025,5,0,0
102133,20,46700,18.2,RENT,G,debt_consolidation,9700,7.76,0.208,2,0,0
102134,29,28200,0.2,MORTGAGE,F,debt_consolidation,8100,13.87,0.287,14,0,1
102135,25,51100,2.5,MORTGAGE,C,credit_card,5500,13.76,0.108,7,0,0
102136,20,111800,0.7,MORTGAGE,C,credit_card,3000,6.56,0.027,2,0,1
102137,43,31300,4.5,RENT,B,medical,17400,15.59,0.556,23,0,0
102138,35,52900,9.4,OWN,D,small_business,5900,10.13,0.112,18,1,1
102139,29,126700,7.4,RENT,D,education,14800,6.88,0.117,10,0,0
102140,31,43600,4.4,OWN,E,venture,7600,9.52,0.174,13,0,0
102141,27,48000,5.9,RENT,E,small_business,18100,6.62,0.377,9,1,1
102142,20,24500,1.3,OWN,C,debt_consolidation,11200,8.89,0.457,3,0,0
102143,36,72600,13.0,OWN,D,credit_card,8600,9.78,0.118,20,0,0
102144,35,34300,0.6,RENT,E,home_improvement,5100,13.36,0.149,19,0,0
102145,20,21900,4.3,MORTGAGE,B,home_improvement,16600,14.43,0.758,4,0,0
102146,31,30500,2.1,RENT,F,debt_consolidation,7200,15.33,0.236,16,0,1
102147,31,57800,9.2,RENT,A,home_improvement,5200,14.33,0.09,12,0,0
102148,27,21600,16.8,RENT,G,credit_card,7400,5.4,0.343,8,1,1
102149,44,24000,0.6,MORTGAGE,D,debt_consolidation,7900,6.3,0.329,26,0,1
102150,43,70100,2.5,RENT,A,medical,13100,15.45,0.187,24,1,0
102151,26,49500,0.2,MORTGAGE,D,credit_card,2900,9.82,0.059,5,0,0
102152,27,31200,0.5,OWN,A,credit_card,30100,11.0,0.9,8,0,1
102153,27,43200,0.2,MORTGAGE,D,credit_card,10500,13.78,0.243,10,1,1
102154,25,134100,10.0,RENT,E,credit_card,8000,16.15,0.06,9,0,1
102155,23,104300,0.9,MORTGAGE,C,debt_consolidation,10300,13.19,0.099,5,0,1
102156,33,48600,4.9,RENT,E,home_improvement,3500,8.4,0.072,17,0,0
102157,43,80700,5.3,RENT,A,debt_consolidation,8700,7.11,0.108,25,0,0
102158,40,55100,2.8,OWN,B,home_improvement,11600,7.65,0.211,17,1,1
102159,35,19400,10.7,OTHER,C,debt_consolidation,6900,15.91,0.356,14,0,0
102160,20,17600,0.2,RENT,A,venture,10800,14.6,0.614,3,0,0
102161,20,31300,7.7,RENT,C,medical,12500,11.67,0.399,2,0,0
102162,36,21700,2.5,RENT,B,credit_card,5400,6.37,0.249,15,0,0
102163,40,59800,6.9,RENT,B,debt_consolidation,16100,14.71,0.269,19,0,0
102164,33,38100,7.2,RENT,C,credit_card,7800,12.18,0.205,15,0,0
102165,27,65100,0.2,RENT,E,small_business,23100,8.74,0.355,9,0,0
102166,38,65700,4.3,RENT,B,home_improvement,16700,11.3,0.254,17,0,0
102167,34,75300,0.6,RENT,E,small_business,10100,13.33,0.134,18,0,0
102168,37,30900,1.0,MORTGAGE,C,education,5200,9.9,0.168,19,0,0
102169,20,68400,3.1,MORTGAGE,B,credit_card,7600,7.77,0.111,2,0,1
102170,31,30500,1.4,MORTGAGE,C,home_improvement,14100,12.18,0.462,13,0,0
102171,41,76200,1.1,RENT,C,credit_card,6000,12.41,0.079,21,0,0
102172,33,101000,1.1,MORTGAGE,B,home_improvement,10300,5.4,0.102,13,0,0
102173,36,76700,0.8,RENT,C,credit_card,10900,11.24,0.142,15,0,0
102174,29,46800,8.2,OWN,A,medical,7600,8.47,0.162,11,0,0
102175,30,70400,3.5,RENT,B,debt_consolidation,5200,13.22,0.074,11,0,0
102176,39,22200,11.5,OWN,C,debt_consolidation,19500,5.4,0.878,20,0,1
102177,24,19600,1.1,RENT,C,debt_consolidation,10500,6.91,0.536,6,0,0
102178,24,66600,2.3,MORTGAGE,E,venture,6900,5.4,0.104,6,0,1
102179,26,105800,3.0,RENT,B,credit_card,5200,12.99,0.049,8,0,0
102180,29,26200,3.5,MORTGAGE,F,credit_card,13300,6.1,0.508,7,0,1
102181,20,52000,0.1,MORTGAGE,E,credit_card,7800,6.73,0.15,2,1,0
102182,34,65600,5.9,RENT,F,credit_card,13900,11.17,0.212,14,0,1
102183,28,36800,0.9,MORTGAGE,E,education,4900,10.93,0.133,12,0,0
102184,35,42800,1.0,RENT,A,venture,9600,13.79,0.224,18,0,1
102185,20,72200,4.2,MORTGAGE,C,medical,6200,14.16,0.086,4,0,0
102186,35,54700,5.4,RENT,A,medical,21100,15.57,0.386,16,0,0
102187,38,54800,8.6,MORTGAGE,E,debt_consolidation,9900,17.31,0.181,22,0,0
102188,32,30000,1.0,MORTGAGE,C,debt_consolidation,4700,15.25,0.157,12,0,0
102189,29,50700,5.5,MORTGAGE,B,home_improvement,13600,12.7,0.268,11,0,1
102190,35,41400,1.0,MORTGAGE,F,home_improvement,16000,12.28,0.386,15,0,1
102191,38,42600,2.7,OWN,A,debt_consolidation,6700,13.72,0.157,21,0,0
102192,33,38300,2.5,MORTGAGE,C,small_business,5200,5.4,0.136,18,0,0
102193,33,50800,1.8,RENT,D,debt_consolidation,2400,10.94,0.047,16,0,0
102194,41,32000,1.0,MORTGAGE,A,debt_consolidation,14800,5.4,0.462,20,0,0
102195,34,51900,7.7,RENT,C,debt_consolidation,3100,8.85,0.06,15,1,1
102196,23,42200,7.5,RENT,E,medical,7900,6.19,0.187,11,0,1
102197,38,30900,6.7,RENT,A,small_business,3100,12.9,0.1,22,0,0
102198,28,17600,2.2,MORTGAGE,C,credit_card,21800,13.66,0.9,8,0,1
102199,29,86800,2.9,MORTGAGE,B,medical,16900,15.88,0.195,13,0,0
102200,30,77700,14.1,MORTGAGE,D,medical,9600,8.02,0.124,12,0,0
102201,36,33100,1.6,RENT,A,credit_card,14400,9.13,0.435,23,1,0
102202,41,75000,7.1,RENT,F,medical,7500,15.4,0.1,23,0,0
102203,29,29300,3.1,MORTGAGE,E,debt_consolidation,5100,9.66,0.174,10,1,0
102204,41,43500,0.6,MORTGAGE,B,credit_card,3200,8.91,0.074,23,0,1
102205,30,38500,1.9,OWN,B,debt_consolidation,12500,14.07,0.325,11,0,0
102206,39,44200,3.1,MORTGAGE,C,credit_card,4700,13.37,0.106,20,0,0
102207,30,73500,0.5,RENT,D,credit_card,32500,14.95,0.442,10,1,1
102208,26,41300,1.2,MORTGAGE,C,debt_consolidation,4400,13.24,0.107,7,0,1
102209,42,42800,0.3,MORTGAGE,A,credit_card,14100,10.08,0.329,26,1,0
102210,25,77600,9.8,RENT,A,home_improvement,16300,16.45,0.21,6,0,0
102211,24,53300,7.2,MORTGAGE,G,home_improvement,3900,14.68,0.073,5,0,1
102212,20,37200,1.6,RENT,C,debt_consolidation,6300,11.44,0.169,2,0,0
102213,38,58800,5.9,RENT,E,debt_consolidation,7100,14.69,0.121,21,0,1
102214,40,89000,1.9,RENT,C,credit_card,40000,11.45,0.449,25,0,1
102215,32,92100,4.7,MORTGAGE,F,medical,7100,8.16,0.077,12,1,0
102216,22,24900,7.2,MORTGAGE,A,education,4300,11.9,0.173,3,0,0
102217,29,25600,1.6,RENT,A,debt_consolidation,10600,18.43,0.414,9,1,0
102218,27,89300,2.1,MORTGAGE,F,small_business,4600,15.25,0.052,11,0,1
102219,22,44000,9.6,MORTGAGE,F,home_improvement,7800,13.0,0.177,6,0,0
102220,26,15400,1.9,RENT,B,venture,6300,8.27,0.409,8,0,1
102221,33,34500,3.7,RENT,B,debt_consolidation,10800,7.24,0.313,13,0,0
102222,25,40500,0.2,RENT,C,credit_card,6000,10.62,0.148,8,1,1
102223,31,43400,5.5,RENT,C,home_improvement,5500,9.31,0.127,13,0,0
102224,20,78500,4.2,OWN,B,debt_consolidation,14700,11.56,0.187,3,1,0
102225,41,30900,0.9,MORTGAGE,E,debt_consolidation,9500,12.04,0.307,21,0,1
102226,26,86200,6.5,RENT,B,debt_consolidation,8200,6.38,0.095,6,0,0
102227,35,60300,5.7,MORTGAGE,D,credit_card,2800,8.48,0.046,14,1,0
102228,30,25400,4.0,RENT,A,small_business,11400,10.22,0.449,14,0,0
102229,32,43200,6.3,RENT,A,small_business,6300,13.07,0.146,16,0,0
102230,21,67600,1.5,RENT,D,debt_consolidation,9400,13.21,0.139,2,0,1
102231,24,52700,0.4,RENT,B,medical,2900,7.78,0.055,4,0,1
102232,24,63500,9.7,RENT,D,credit_card,9400,7.09,0.148,4,0,1
102233,29,37300,13.7,RENT,A,venture,9000,8.09,0.241,13,0,0
102234,38,69900,2.0,RENT,F,debt_consolidation,7100,14.37,0.102,20,0,0
102235,32,41400,4.4,MORTGAGE,D,medical,5000,9.79,0.121,17,0,0
102236,23,209100,2.0,MORTGAGE,E,education,15400,11.88,0.074,4,0,0
102237,30,24900,2.4,RENT,A,medical,5400,13.0,0.217,9,0,0
102238,28,227300,1.5,MORTGAGE,B,medical,13400,15.92,0.059,9,0,0
102239,27,30500,4.4,RENT,B,credit_card,14400,7.11,0.472,7,0,0
102240,29,103700,3.4,OWN,C,small_business,5100,15.87,0.049,13,0,1
102241,34,81200,0.4,RENT,B,home_improvement,12200,13.58,0.15,20,0,0
102242,24,31200,7.8,MORTGAGE,A,credit_card,6400,17.5,0.205,7,0,0
102243,27,71700,0.1,RENT,B,venture,11500,16.56,0.16,8,0,0
102244,36,39200,3.4,RENT,B,debt_consolidation,4800,11.89,0.122,19,0,0
102245,32,59900,0.1,MORTGAGE,B,credit_card,7600,8.81,0.127,11,1,0
102246,38,55900,6.0,MORTGAGE,B,education,8500,13.88,0.152,20,1,0
102247,39,42500,4.4,OWN,B,debt_consolidation,8000,7.47,0.188,18,0,1
102248,20,40600,13.5,MORTGAGE,D,debt_consolidation,10000,12.28,0.246,3,0,0
102249,31,62200,2.1,RENT,B,debt_consolidation,5200,8.82,0.084,13,1,0
102250,25,31300,7.5,MORTGAGE,B,small_business,6000,10.63,0.192,9,0,0
102251,21,32000,4.4,RENT,C,medical,12000,5.4,0.375,4,0,1
102252,23,87100,6.2,MORTGAGE,D,debt_consolidation,6500,11.2,0.075,4,0,1
102253,27,65200,6.4,MORTGAGE,B,home_improvement,6200,11.93,0.095,11,1,0
102254,27,25100,7.5,RENT,C,credit_card,5100,9.58,0.203,7,0,0
102255,25,29700,11.3,MORTGAGE,F,home_improvement,6300,11.2,0.212,12,0,0
102256,29,15900,0.5,RENT,C,home_improvement,4600,7.6,0.289,8,0,0
102257,46,85000,5.3,RENT,F,venture,12100,14.31,0.142,29,1,1
102258,20,75300,0.3,OTHER,E,credit_card,6300,11.59,0.084,4,0,0
102259,37,28300,0.3,RENT,A,debt_consolidation,4500,19.56,0.159,19,0,1
102260,29,73700,13.9,RENT,C,home_improvement,7200,12.55,0.098,9,0,1
102261,26,153600,4.3,MORTGAGE,D,credit_card,3800,12.88,0.025,6,1,1
102262,20,22100,0.0,RENT,G,credit_card,5100,9.81,0.231,2,1,0
102263,34,36700,1.3,RENT,C,debt_consolidation,17100,15.79,0.466,16,0,0
102264,20,21800,3.5,RENT,A,debt_consolidation,4500,9.96,0.206,4,0,0
102265,35,86800,1.8,MORTGAGE,C,education,7500,17.72,0.086,18,0,0
102266,41,48900,4.5,RENT,A,debt_consolidation,27300,17.62,0.558,23,0,0
102267,20,41400,0.7,MORTGAGE,D,home_improvement,9300,9.66,0.225,2,0,0
102268,37,58400,1.3,RENT,C,small_business,6100,10.5,0.104,22,0,0
102269,29,37900,1.3,OWN,D,debt_consolidation,2700,8.89,0.071,11,0,0
102270,20,41300,12.6,RENT,E,debt_consolidation,8900,6.69,0.215,2,0,0
102271,21,59900,0.2,RENT,D,credit_card,5300,12.56,0.088,3,0,0
102272,30,36800,1.0,OWN,C,credit_card,11000,11.52,0.299,9,0,0
102273,32,39800,4.5,MORTGAGE,D,credit_card,5600,13.88,0.141,14,0,0
102274,20,47300,4.8,RENT,E,home_improvement,9400,11.32,0.199,2,0,0
102275,29,54200,0.1,RENT,E,debt_consolidation,18000,14.64,0.332,11,0,0
102276,35,71700,4.5,MORTGAGE,A,debt_consolidation,11700,11.33,0.163,19,0,0
102277,36,71000,5.3,RENT,C,debt_consolidation,3900,10.8,0.055,15,0,0
102278,26,22600,3.2,RENT,B,credit_card,8500,11.81,0.376,8,0,0
102279,32,111800,0.5,MORTGAGE,E,credit_card,13800,14.24,0.123,13,0,1
102280,37,53200,3.9,MORTGAGE,D,venture,3500,10.17,0.066,19,0,0
102281,35,42900,0.4,MORTGAGE,C,debt_consolidation,20500,14.77,0.478,19,0,0
102282,35,31400,2.0,MORTGAGE,B,credit_card,8800,8.85,0.28,17,0,0
102283,30,153900,3.0,OWN,B,home_improvement,11100,10.37,0.072,11,0,0
102284,28,188700,4.9,RENT,D,small_business,6700,5.4,0.036,5,1,0
102285,31,143800,1.9,MORTGAGE,B,home_improvement,8300,10.27,0.058,15,0,0
102286,24,55100,2.8,RENT,A,debt_consolidation,5000,7.46,0.091,3,0,0
102287,37,62300,6.9,MORTGAGE,E,home_improvement,19000,13.5,0.305,18,1,0
102288,20,117000,0.5,MORTGAGE,D,debt_consolidation,21700,13.33,0.185,2,0,0
102289,25,45100,13.1,RENT,B,medical,26400,15.88,0.585,2,0,1
102290,29,69400,9.3,MORTGAGE,B,debt_consolidation,3100,17.48,0.045,11,0,0
102291,32,58400,12.4,OWN,G,small_business,9700,10.91,0.166,13,0,1
102292,34,148100,2.3,MORTGAGE,D,home_improvement,10300,8.84,0.07,17,0,1
102293,39,113500,1.0,RENT,C,home_improvement,5500,13.19,0.048,22,0,0
102294,30,47800,6.1,RENT,B,debt_consolidation,9900,10.1,0.207,13,1,0
102295,24,119200,3.3,MORTGAGE,B,home_improvement,3700,9.32,0.031,7,0,0
102296,28,51400,5.0,MORTGAGE,A,small_business,18200,11.44,0.354,11,0,0
102297,27,38200,8.6,RENT,D,credit_card,3500,9.38,0.092,11,0,0
102298,33,44000,2.2,RENT,A,credit_card,9300,18.91,0.211,16,1,0
102299,22,55900,4.1,MORTGAGE,A,debt_consolidation,12500,10.55,0.224,4,0,0
102300,28,33500,1.8,RENT,D,debt_consolidation,5800,11.39,0.173,10,1,0
102301,40,38800,3.0,RENT,F,small_business,17200,14.41,0.443,23,0,1
102302,30,23300,11.2,RENT,D,credit_card,3000,19.38,0.129,13,0,0
102303,22,32800,0.1,MORTGAGE,C,small_business,8000,10.69,0.244,5,0,0
102304,27,58600,0.2,OWN,C,small_business,3200,5.4,0.055,9,0,0
102305,20,91400,7.2,MORTGAGE,C,home_improvement,5300,11.22,0.058,6,0,0
102306,29,85200,6.0,RENT,B,home_improvement,6200,5.4,0.073,14,1,0
102307,41,65300,4.0,MORTGAGE,C,home_improvement,6000,9.64,0.092,21,0,0
102308,21,22200,1.1,RENT,C,credit_card,16300,16.89,0.734,3,1,1
102309,20,32100,0.7,OWN,C,debt_consolidation,4300,8.61,0.134,5,1,0
102310,24,46200,1.2,RENT,E,medical,3400,7.73,0.074,4,0,0
102311,35,87500,5.2,OWN,G,venture,6400,14.59,0.073,15,0,1
102312,41,37900,2.0,OWN,A,credit_card,8600,10.71,0.227,28,0,0
102313,32,26300,1.9,OWN,B,education,10700,15.86,0.407,13,1,0
102314,20,114300,3.3,RENT,B,venture,15300,10.49,0.134,2,0,0
102315,29,34400,3.3,MORTGAGE,B,credit_card,2500,13.82,0.073,9,0,0
102316,42,27700,4.4,MORTGAGE,B,small_business,20500,5.95,0.74,23,0,1
102317,27,58400,5.5,RENT,A,home_improvement,5200,8.13,0.089,11,0,0
102318,30,50100,12.3,MORTGAGE,D,debt_consolidation,7000,10.83,0.14,12,0,0
102319,31,39100,0.8,MORTGAGE,C,debt_consolidation,8200,10.05,0.21,10,0,1
102320,20,51500,2.4,OWN,F,credit_card,2500,20.49,0.049,2,0,1
102321,36,31000,1.2,MORTGAGE,A,medical,6400,15.16,0.206,19,0,0
102322,35,38900,4.6,RENT,A,debt_consolidation,14000,15.06,0.36,17,0,0
102323,20,50500,1.8,MORTGAGE,C,medical,11500,10.89,0.228,4,0,0
102324,20,16800,5.6,RENT,A,home_improvement,6200,6.49,0.369,2,0,0
102325,22,87100,6.7,RENT,B,small_business,9100,17.52,0.104,3,0,1
102326,34,24200,0.4,MORTGAGE,G,debt_consolidation,10400,5.67,0.43,15,0,1
102327,24,30700,6.9,MORTGAGE,B,credit_card,7000,9.52,0.228,5,0,1
102328,32,89300,1.4,MORTGAGE,B,debt_consolidation,10600,13.56,0.119,15,0,0
102329,28,70500,1.2,MORTGAGE,C,debt_consolidation,5200,20.89,0.074,9,0,0
102330,29,54100,2.0,RENT,C,debt_consolidation,4800,17.77,0.089,8,0,0
102331,32,20100,2.3,MORTGAGE,C,debt_consolidation,6900,13.74,0.343,17,0,0
102332,31,36900,1.2,RENT,B,debt_consolidation,2100,19.24,0.057,13,0,0
102333,29,45800,0.0,OWN,E,home_improvement,11900,9.72,0.26,12,1,1
102334,31,47600,1.6,OWN,A,credit_card,8500,13.12,0.179,16,0,0
102335,31,96500,8.3,OWN,C,debt_consolidation,7200,16.75,0.075,13,0,0
102336,28,154300,0.2,OWN,D,education,12600,6.45,0.082,10,0,0
102337,26,72300,1.3,MORTGAGE,E,credit_card,10000,12.85,0.138,6,1,0
102338,42,38400,4.4,MORTGAGE,B,education,14500,13.09,0.378,26,0,0
102339,26,100500,0.9,MORTGAGE,C,home_improvement,19300,12.98,0.192,5,0,0
102340,39,37300,0.8,RENT,A,debt_consolidation,9700,7.74,0.26,21,0,0
102341,24,12200,1.1,MORTGAGE,A,education,5500,13.07,0.451,7,0,1
102342,35,25900,3.4,RENT,A,medical,12100,12.56,0.467,14,0,0
102343,41,14000,4.4,OWN,D,home_improvement,5500,9.52,0.393,25,0,0
102344,27,41700,8.0,MORTGAGE,B,credit_card,5300,14.31,0.127,5,1,0
102345,24,46700,2.8,MORTGAGE,D,credit_card,6900,16.36,0.148,3,0,0
102346,26,21500,5.3,MORTGAGE,A,credit_card,15300,8.97,0.712,8,0,0
102347,29,32200,6.8,MORTGAGE,E,small_business,12200,13.28,0.379,12,1,1
102348,31,23500,0.1,OWN,E,credit_card,13200,16.47,0.562,10,0,1
102349,29,48100,1.1,RENT,A,debt_consolidation,8700,16.54,0.181,12,0,0
102350,26,32200,0.9,RENT,A,debt_consolidation,11100,10.94,0.345,10,0,0
102351,43,89800,3.3,RENT,A,debt_consolidation,11300,15.36,0.126,24,0,0
102352,28,56600,2.3,MORTGAGE,E,debt_consolidation,5500,10.63,0.097,10,0,1
102353,25,124600,2.4,MORTGAGE,B,credit_card,11200,14.44,0.09,9,1,0
102354,35,40100,0.9,MORTGAGE,C,education,8100,8.84,0.202,20,1,0
102355,35,167600,3.6,RENT,C,debt_consolidation,6500,6.02,0.039,16,0,0
102356,39,51600,11.5,RENT,E,debt_consolidation,6700,13.42,0.13,19,0,1
102357,42,38500,4.9,OWN,C,debt_consolidation,6000,14.67,0.156,24,0,0
102358,31,193800,3.8,MORTGAGE,C,credit_card,6900,14.04,0.036,11,1,0
102359,27,18900,2.1,RENT,G,home_improvement,8100,8.56,0.429,12,1,1
102360,20,38000,7.1,RENT,A,credit_card,11700,5.4,0.308,3,0,0
102361,22,20600,2.4,RENT,E,venture,18600,14.64,0.9,4,0,1
102362,30,18700,5.8,MORTGAGE,A,venture,11100,16.75,0.594,14,0,0
102363,21,16500,11.8,MORTGAGE,C,medical,8600,5.4,0.521,5,0,0
102364,20,72300,1.8,MORTGAGE,E,medical,2700,10.4,0.037,4,0,0
102365,29,24800,1.5,MORTGAGE,D,credit_card,30700,8.13,0.9,12,0,1
102366,34,44800,8.6,MORTGAGE,D,home_improvement,5500,12.39,0.123,19,0,0
102367,27,84200,16.8,RENT,B,credit_card,5600,16.31,0.067,6,0,0
102368,35,66500,0.2,RENT,C,medical,16200,10.66,0.244,18,0,0
102369,33,64700,6.7,RENT,B,debt_consolidation,4400,9.68,0.068,18,1,0
102370,37,100500,4.0,OTHER,C,debt_consolidation,9900,12.91,0.099,18,0,0
102371,44,124900,3.0,MORTGAGE,C,debt_consolidation,6300,5.4,0.05,25,0,0
102372,47,25900,1.7,MORTGAGE,B,home_improvement,7100,14.52,0.274,28,0,0
102373,34,67200,5.2,MORTGAGE,B,small_business,8300,15.31,0.124,16,0,0
102374,26,44400,4.6,RENT,B,debt_consolidation,4200,11.52,0.095,10,0,0
102375,29,47500,0.5,RENT,B,credit_card,7600,9.92,0.16,11,1,1
102376,40,22400,6.0,MORTGAGE,A,credit_card,14200,10.49,0.634,24,0,0
102377,23,38500,6.8,OTHER,E,medical,7800,10.5,0.203,6,0,1
102378,39,40800,5.5,RENT,C,debt_consolidation,40000,11.29,0.9,23,1,1
102379,28,113200,3.0,RENT,A,debt_consolidation,8500,5.88,0.075,10,0,0
102380,31,27300,11.3,OWN,D,home_improvement,4200,12.99,0.154,13,0,0
102381,23,13900,1.8,MORTGAGE,E,home_improvement,6100,10.18,0.439,2,0,0
102382,20,51400,7.5,MORTGAGE,B,medical,2800,11.57,0.054,2,0,0
102383,27,25800,12.4,RENT,A,home_improvement,14700,9.42,0.57,8,1,0
102384,38,47700,3.1,RENT,A,venture,19600,12.87,0.411,15,0,0
102385,24,74100,1.7,RENT,A,debt_consolidation,12900,16.29,0.174,6,1,1
102386,40,48800,3.5,RENT,D,credit_card,5100,12.25,0.105,23,0,0
102387,25,40700,0.7,MORTGAGE,G,venture,5000,5.61,0.123,7,0,1
102388,22,47300,5.0,MORTGAGE,A,debt_consolidation,12200,11.52,0.258,2,0,0
102389,31,82100,3.4,MORTGAGE,D,medical,6100,12.26,0.074,12,1,1
102390,34,27300,1.3,RENT,A,debt_consolidation,5000,11.3,0.183,17,0,1
102391,30,76900,4.1,RENT,C,credit_card,4700,8.74,0.061,14,0,0
102392,30,29700,0.6,MORTGAGE,D,debt_consolidation,22700,11.34,0.764,13,0,1
102393,40,71800,0.1,RENT,B,home_improvement,6300,14.53,0.088,22,1,0
102394,30,22100,8.5,RENT,A,medical,12800,10.43,0.579,13,1,1
102395,26,69500,0.1,RENT,C,debt_consolidation,11000,16.47,0.158,12,0,0
102396,21,48700,1.3,RENT,G,debt_consolidation,5100,9.16,0.105,3,0,0
102397,38,54300,8.0,RENT,B,credit_card,8300,7.79,0.153,17,0,1
102398,26,87300,11.4,RENT,B,debt_consolidation,4700,10.67,0.054,7,1,0
102399,27,32800,0.7,OWN,A,credit_card,18000,5.4,0.549,7,0,0
102400,36,50800,0.7,RENT,C,venture,4900,11.47,0.096,16,0,0
102401,43,60900,14.1,MORTGAGE,C,debt_consolidation,9900,10.3,0.163,24,0,0
102402,31,43700,0.1,MORTGAGE,E,credit_card,6200,13.97,0.142,18,0,0
102403,28,76400,6.5,MORTGAGE,D,credit_card,4900,5.4,0.064,8,0,0
102404,29,61800,15.2,MORTGAGE,E,debt_consolidation,14700,14.26,0.238,10,0,0
102405,26,37500,2.3,RENT,E,debt_consolidation,6100,12.06,0.163,14,0,1
102406,27,103100,1.9,RENT,B,small_business,3000,17.21,0.029,10,0,0
102407,27,70200,0.8,MORTGAGE,C,home_improvement,10200,10.89,0.145,10,0,0
102408,35,32400,10.1,OWN,B,medical,5500,12.73,0.17,18,0,0
102409,28,32200,2.4,RENT,B,credit_card,8800,13.78,0.273,10,1,0
102410,39,45700,18.2,MORTGAGE,F,home_improvement,13000,5.4,0.284,20,0,1
102411,28,65900,4.9,OTHER,D,education,9900,15.5,0.15,11,1,1
102412,26,15300,3.9,MORTGAGE,G,medical,13200,11.04,0.863,9,0,1
102413,38,33200,9.3,MORTGAGE,C,education,4000,6.92,0.12,17,0,0
102414,29,37500,5.8,MORTGAGE,C,debt_consolidation,15700,11.23,0.419,10,0,0
102415,28,23400,2.3,OWN,C,venture,6900,15.72,0.295,7,0,0
102416,29,29400,2.4,MORTGAGE,A,medical,3700,10.27,0.126,9,0,0
102417,39,55600,4.3,MORTGAGE,B,medical,2100,11.87,0.038,22,0,0
102418,31,39400,1.4,MORTGAGE,C,home_improvement,6800,5.4,0.173,12,0,1
102419,38,41100,4.1,RENT,A,venture,5300,8.42,0.129,19,0,0
102420,27,24100,10.0,OWN,F,credit_card,5300,14.05,0.22,3,0,1
102421,37,45800,1.4,OTHER,A,small_business,9700,15.31,0.212,16,1,0
102422,31,22500,0.9,MORTGAGE,B,small_business,20900,12.26,0.9,11,0,0
102423,35,115000,3.2,RENT,D,small_business,4900,13.6,0.043,13,0,0
102424,36,134400,2.1,MORTGAGE,A,small_business,8500,10.06,0.063,18,0,0
102425,22,39700,8.7,RENT,F,debt_consolidation,5900,11.57,0.149,4,0,1
102426,30,27800,5.2,MORTGAGE,D,credit_card,4700,7.68,0.169,14,1,0
102427,36,82500,1.7,RENT,A,credit_card,4600,9.73,0.056,21,0,0
102428,37,71400,1.3,MORTGAGE,D,small_business,20000,11.4,0.28,22,0,0
102429,38,144500,2.5,OWN,D,small_business,8200,5.87,0.057,21,0,0
102430,30,167300,3.9,RENT,D,medical,7300,20.12,0.044,12,0,1
102431,40,16900,4.2,MORTGAGE,E,medical,5600,8.96,0.331,23,0,0
102432,24,97500,5.5,OWN,D,home_improvement,8400,12.26,0.086,4,0,0
102433,20,45600,1.4,RENT,C,debt_consolidation,5700,7.0,0.125,3,1,0
102434,27,69700,1.9,RENT,B,home_improvement,23400,5.4,0.336,8,0,0
102435,37,79000,0.9,RENT,D,education,9300,17.66,0.118,17,1,0
102436,21,77200,0.3,MORTGAGE,F,home_improvement,8700,11.7,0.113,2,0,0
102437,20,89300,4.9,MORTGAGE,C,education,8600,5.4,0.096,2,0,0
102438,20,37900,12.3,RENT,D,venture,16600,7.81,0.438,2,0,0
102439,34,30500,2.2,RENT,C,credit_card,8000,18.95,0.262,15,0,1
102440,20,99000,3.1,MORTGAGE,D,small_business,6200,13.24,0.063,2,0,0
102441,33,31900,4.8,RENT,G,credit_card,8900,5.4,0.279,13,0,0
102442,27,143500,10.9,MORTGAGE,A,credit_card,12500,9.66,0.087,8,0,0
102443,24,33800,0.3,RENT,B,debt_consolidation,15500,10.84,0.459,4,0,0
102444,22,41800,1.6,MORTGAGE,C,debt_consolidation,9100,13.39,0.218,4,0,0
102445,30,46400,5.3,MORTGAGE,C,debt_consolidation,9200,11.47,0.198,13,0,0
102446,24,22100,9.7,OWN,C,home_improvement,14000,5.4,0.633,5,0,0
102447,29,22100,3.6,RENT,A,debt_consolidation,1800,9.22,0.081,13,0,0
102448,32,85100,1.9,MORTGAGE,C,credit_card,8500,8.23,0.1,12,0,0
102449,33,20000,5.4,MORTGAGE,C,credit_card,5900,14.19,0.295,11,1,1
102450,36,206000,2.8,MORTGAGE,C,credit_card,8400,9.55,0.041,21,1,0
102451,30,48900,1.2,RENT,D,medical,9900,9.5,0.202,8,0,0
102452,22,29300,7.3,RENT,D,credit_card,16100,10.56,0.549,3,1,0
102453,32,64900,5.8,MORTGAGE,D,debt_consolidation,3800,8.4,0.059,16,0,0
102454,34,13300,1.4,MORTGAGE,E,venture,5500,16.93,0.414,18,0,0
102455,28,42900,4.8,OWN,D,medical,5000,15.54,0.117,10,0,0
102456,27,46000,4.1,MORTGAGE,C,home_improvement,5800,15.71,0.126,8,0,0
102457,46,25700,0.1,MORTGAGE,C,small_business,3800,7.06,0.148,32,0,0
102458,20,36400,1.2,OTHER,A,debt_consolidation,26300,12.77,0.723,4,0,0
102459,32,119300,0.9,MORTGAGE,B,small_business,13100,14.34,0.11,16,0,0
102460,36,57000,0.9,RENT,C,debt_consolidation,5300,7.81,0.093,19,1,1
102461,27,64200,1.1,RENT,E,credit_card,8200,7.28,0.128,10,0,0
102462,28,33400,7.8,MORTGAGE,D,debt_consolidation,6400,7.93,0.192,11,1,0
102463,26,24900,2.0,RENT,A,small_business,8800,6.24,0.353,8,0,0
102464,29,45100,3.3,OWN,C,debt_consolidation,5300,15.27,0.118,7,0,0
102465,35,13300,7.6,RENT,B,debt_consolidation,3500,14.94,0.263,14,0,0
102466,28,28200,5.8,RENT,D,debt_consolidation,5900,10.33,0.209,11,0,0
102467,51,25900,0.8,MORTGAGE,E,small_business,17300,11.27,0.668,35,0,1
102468,26,16800,2.4,MORTGAGE,C,debt_consolidation,3600,9.05,0.214,8,0,0
102469,39,73600,14.6,OWN,C,credit_card,14800,19.83,0.201,19,0,0
102470,33,48000,2.3,RENT,B,debt_consolidation,11000,9.93,0.229,15,1,0
102471,30,36700,2.1,RENT,C,medical,6500,9.6,0.177,13,0,0
102472,39,74500,6.2,MORTGAGE,E,debt_consolidation,12200,11.04,0.164,17,0,1
102473,20,20900,4.8,OWN,D,venture,9100,6.77,0.435,5,0,1
102474,32,24600,0.9,RENT,C,debt_consolidation,2500,12.46,0.102,16,0,0
102475,24,95300,3.1,MORTGAGE,B,debt_consolidation,6500,16.63,0.068,4,0,1
102476,26,180700,10.4,RENT,A,debt_consolidation,6600,10.87,0.037,8,0,0
102477,26,75100,5.0,MORTGAGE,A,debt_consolidation,17900,14.38,0.238,7,0,0
102478,22,66800,5.3,RENT,B,credit_card,6500,5.4,0.097,7,0,1
102479,20,37400,1.7,OTHER,B,debt_consolidation,7200,8.07,0.193,2,0,0
102480,32,37900,6.1,RENT,F,education,4300,11.85,0.113,12,0,1
102481,29,58400,4.8,MORTGAGE,C,credit_card,7800,5.4,0.134,11,0,0
102482,27,109700,2.8,MORTGAGE,B,debt_consolidation,4200,12.68,0.038,7,0,0
102483,34,65200,13.0,RENT,A,credit_card,14700,10.39,0.225,18,0,0
102484,32,87300,5.6,RENT,B,debt_consolidation,6400,12.57,0.073,14,0,0
102485,27,31100,18.2,MORTGAGE,E,debt_consolidation,4200,10.66,0.135,7,0,0
102486,50,72400,2.7,MORTGAGE,B,debt_consolidation,15900,10.91,0.22,31,0,0
102487,36,35600,2.4,MORTGAGE,D,debt_consolidation,4000,5.4,0.112,17,1,0
102488,46,55700,6.1,MORTGAGE,E,debt_consolidation,9300,7.57,0.167,27,0,0
102489,26,72300,1.7,RENT,A,education,3600,13.33,0.05,5,0,0
102490,31,38500,1.0,OWN,C,home_improvement,9500,6.4,0.247,11,0,0
102491,20,29500,0.3,RENT,F,education,14600,7.97,0.495,3,0,1
102492,27,62900,2.8,MORTGAGE,C,debt_consolidation,5700,9.93,0.091,12,0,0
102493,25,47900,0.0,OWN,A,medical,4200,10.26,0.088,6,0,0
102494,50,55500,2.0,OWN,F,credit_card,4300,14.08,0.077,32,0,1
102495,24,74000,0.6,RENT,E,debt_consolidation,7900,12.33,0.107,11,0,0
102496,27,105800,2.4,RENT,C,medical,23400,9.12,0.221,9,1,0
102497,20,74200,1.2,MORTGAGE,C,debt_consolidation,14600,5.4,0.197,2,1,1
102498,33,69000,5.6,RENT,B,credit_card,15400,22.51,0.223,16,1,1
102499,23,39100,0.4,MORTGAGE,E,medical,4500,11.64,0.115,5,0,1
102500,35,42600,13.0,MORTGAGE,C,home_improvement,14800,14.79,0.347,16,0,0
102501,20,66200,0.4,RENT,A,credit_card,13900,5.4,0.21,2,0,0
102502,28,42200,7.3,RENT,D,credit_card,9600,10.16,0.227,12,0,0
102503,20,66000,0.2,MORTGAGE,F,debt_consolidation,5700,10.03,0.086,2,1,1
102504,26,32900,0.4,MORTGAGE,E,venture,13800,9.83,0.419,7,0,1
102505,27,148900,2.2,RENT,B,debt_consolidation,5600,14.3,0.038,8,0,0
102506,25,57300,1.1,RENT,A,debt_consolidation,11600,10.55,0.202,6,0,0
102507,25,55300,0.6,RENT,F,debt_consolidation,6600,9.95,0.119,7,0,0
102508,36,39500,0.4,MORTGAGE,F,education,4700,11.45,0.119,15,0,1
102509,44,147600,9.5,MORTGAGE,C,small_business,6500,11.59,0.044,27,0,0
102510,31,25900,3.6,OWN,D,credit_card,23900,7.14,0.9,19,0,0
102511,23,35000,2.3,OWN,C,venture,4300,15.06,0.123,3,1,0
102512,29,82400,2.3,MORTGAGE,C,debt_consolidation,14000,9.42,0.17,12,0,0
102513,27,58800,7.0,OWN,A,education,12900,11.13,0.219,9,0,0
102514,35,37500,21.0,RENT,A,debt_consolidation,7300,16.89,0.195,17,0,0
102515,31,38100,5.2,MORTGAGE,B,credit_card,6000,21.96,0.157,12,0,1
102516,20,43900,3.2,MORTGAGE,E,debt_consolidation,4100,13.19,0.093,2,0,0
102517,37,54500,3.6,MORTGAGE,A,venture,16500,5.4,0.303,19,0,0
102518,36,121100,1.6,MORTGAGE,B,education,4200,10.47,0.035,20,1,0
102519,39,71900,3.7,RENT,C,home_improvement,1700,17.68,0.024,22,0,1
102520,25,90500,4.2,OWN,B,debt_consolidation,9600,10.67,0.106,10,0,0
102521,31,40600,0.9,OWN,A,debt_consolidation,3900,14.5,0.096,12,0,0
102522,21,68400,3.4,OWN,C,credit_card,7600,14.45,0.111,3,0,1
102523,29,21900,4.9,RENT,B,debt_consolidation,3900,8.97,0.178,11,0,0
102524,32,57000,6.8,OTHER,D,debt_consolidation,5900,18.31,0.104,16,0,0
102525,25,55000,3.8,MORTGAGE,F,home_improvement,8400,13.04,0.153,4,0,1
102526,31,140300,0.4,MORTGAGE,A,home_improvement,9400,11.4,0.067,15,1,1
102527,30,121400,0.3,RENT,F,education,16900,10.91,0.139,13,0,0
102528,26,44700,0.7,MORTGAGE,F,credit_card,8100,7.28,0.181,10,0,0
102529,39,32900,1.0,MORTGAGE,E,credit_card,8600,8.66,0.261,21,0,0
102530,27,33400,5.5,MORTGAGE,D,credit_card,7100,7.82,0.213,9,0,0
102531,30,43800,4.5,OTHER,D,debt_consolidation,13500,19.69,0.308,11,0,0
102532,20,105400,2.1,RENT,D,home_improvement,4400,15.23,0.042,2,0,1
102533,33,64700,4.8,MORTGAGE,D,medical,6400,7.87,0.099,11,0,0
102534,26,68500,2.1,RENT,A,debt_consolidation,8100,18.14,0.118,8,0,0
102535,36,80500,8.7,RENT,F,debt_consolidation,4900,16.41,0.061,17,0,0
102536,20,29800,2.5,RENT,C,education,17500,9.19,0.587,2,1,1
102537,32,34900,9.8,RENT,E,credit_card,9700,13.41,0.278,13,1,0
102538,20,68600,2.4,RENT,B,credit_card,4100,9.05,0.06,3,0,0
102539,33,33600,10.7,RENT,A,small_business,10100,15.19,0.301,15,0,0
102540,28,22300,2.2,RENT,C,home_improvement,16700,13.27,0.749,6,0,1
102541,32,28400,0.0,MORTGAGE,C,debt_consolidation,5500,9.98,0.194,14,0,0
102542,25,92000,3.8,RENT,C,medical,17100,7.04,0.186,9,0,0
102543,22,42000,0.1,RENT,B,education,9300,11.27,0.221,6,0,0
102544,26,58400,1.2,RENT,B,debt_consolidation,9100,13.27,0.156,6,0,0
102545,30,29200,1.1,RENT,C,debt_consolidation,15700,16.18,0.538,9,0,1
102546,33,63500,4.5,RENT,B,small_business,9100,13.76,0.143,17,0,0
102547,31,44400,5.1,OWN,F,home_improvement,10000,14.83,0.225,14,0,0
102548,22,65900,3.7,MORTGAGE,A,credit_card,8500,8.79,0.129,2,0,0
102549,42,39600,1.5,RENT,B,credit_card,3100,5.4,0.078,22,0,1
102550,31,68000,2.5,MORTGAGE,B,small_business,10200,5.41,0.15,13,0,0
102551,25,38600,1.2,RENT,C,credit_card,9300,10.45,0.241,9,0,0
102552,32,49300,10.7,MORTGAGE,C,debt_consolidation,6600,8.72,0.134,13,0,0
102553,31,44400,10.8,OWN,D,debt_consolidation,2000,11.06,0.045,10,0,1
102554,28,52300,0.7,RENT,F,credit_card,11400,14.14,0.218,6,0,1
102555,27,60100,4.0,RENT,B,education,5000,13.76,0.083,7,0,1
102556,36,39300,3.9,MORTGAGE,D,credit_card,4400,5.4,0.112,16,0,1
102557,41,48300,4.2,RENT,A,credit_card,4100,20.79,0.085,21,0,0
102558,20,57100,8.5,RENT,B,education,2800,12.91,0.049,5,0,0
102559,38,68100,3.3,MORTGAGE,C,credit_card,10400,12.54,0.153,17,0,0
102560,29,49400,11.4,MORTGAGE,A,credit_card,29600,10.97,0.599,10,0,0
102561,31,31600,0.1,RENT,C,debt_consolidation,5900,10.49,0.187,17,0,0
102562,38,54000,5.4,MORTGAGE,D,small_business,12700,15.46,0.235,18,0,0
102563,20,74500,3.8,RENT,D,small_business,7700,8.0,0.103,2,0,0
102564,35,24800,1.4,RENT,C,medical,9400,12.6,0.379,20,0,0
102565,38,24900,0.1,MORTGAGE,C,debt_consolidation,7800,16.96,0.313,20,0,0
102566,24,35800,0.6,MORTGAGE,B,credit_card,12500,12.18,0.349,7,0,0
102567,20,46400,0.7,MORTGAGE,A,debt_consolidation,4200,13.35,0.091,2,1,0
102568,40,15400,12.0,MORTGAGE,A,venture,8600,6.44,0.558,20,0,0
102569,20,70700,5.8,MORTGAGE,D,debt_consolidation,15100,14.48,0.214,2,0,0
102570,32,46600,0.4,OWN,G,home_improvement,11900,12.83,0.255,14,0,0
102571,36,14100,1.1,MORTGAGE,A,small_business,9700,11.14,0.688,19,0,1
102572,32,27900,12.9,RENT,C,debt_consolidation,8500,14.1,0.305,18,1,0
102573,33,43700,2.2,MORTGAGE,D,credit_card,6600,7.38,0.151,14,1,1
102574,27,19400,9.6,RENT,E,debt_consolidation,6700,17.98,0.345,11,0,0
102575,32,87900,0.9,MORTGAGE,C,credit_card,3400,21.91,0.039,16,0,0
102576,24,57100,1.5,RENT,C,venture,10700,9.34,0.187,5,0,0
102577,25,74800,5.3,MORTGAGE,D,credit_card,17200,15.73,0.23,7,1,1
102578,29,29300,1.8,MORTGAGE,E,venture,9500,10.98,0.324,11,0,0
102579,20,64600,3.8,MORTGAGE,A,debt_consolidation,8200,7.07,0.127,2,0,0
102580,33,35800,3.5,RENT,F,credit_card,11300,16.17,0.316,14,0,1
102581,20,46400,2.2,RENT,A,education,2500,10.48,0.054,2,0,0
102582,32,62600,3.7,MORTGAGE,E,education,6100,13.7,0.097,14,0,0
102583,32,49600,5.8,OTHER,A,debt_consolidation,7800,18.38,0.157,14,0,0
102584,23,80400,2.9,MORTGAGE,B,home_improvement,3200,13.4,0.04,5,0,0
102585,20,55600,1.9,RENT,A,education,8900,12.25,0.16,2,0,0
102586,26,39900,8.6,RENT,C,small_business,2900,8.04,0.073,6,0,1
102587,33,81900,2.9,MORTGAGE,B,home_improvement,11900,8.06,0.145,11,1,0
102588,31,92000,0.8,RENT,A,debt_consolidation,9200,11.01,0.1,15,0,0
102589,21,54100,5.7,OWN,C,debt_consolidation,7300,10.14,0.135,3,1,0
102590,30,107500,0.5,MORTGAGE,C,home_improvement,12300,13.95,0.114,14,0,0
102591,31,45300,0.2,RENT,D,credit_card,8800,7.58,0.194,13,0,0
102592,31,48000,0.4,RENT,E,debt_consolidation,10500,8.71,0.219,13,1,1
102593,22,51700,4.7,RENT,D,debt_consolidation,9500,10.95,0.184,3,0,0
102594,30,48000,13.9,MORTGAGE,A,credit_card,5000,11.85,0.104,11,0,0
102595,35,43400,9.6,MORTGAGE,B,credit_card,19200,11.71,0.442,17,0,0
102596,33,34800,15.2,RENT,F,credit_card,16100,10.8,0.463,14,0,0
102597,32,29800,0.8,MORTGAGE,A,credit_card,10300,8.68,0.346,16,0,0
102598,40,54800,4.4,RENT,C,debt_consolidation,8800,13.59,0.161,25,0,0
102599,30,99600,0.5,MORTGAGE,F,education,12200,15.76,0.122,15,0,0
102600,23,80600,2.9,OWN,F,home_improvement,16200,12.62,0.201,8,0,1
102601,23,63800,1.1,RENT,C,debt_consolidation,23100,9.41,0.362,3,0,0
102602,30,102400,2.5,RENT,D,credit_card,6000,5.4,0.059,14,0,0
102603,20,52100,1.1,OWN,C,credit_card,14400,17.48,0.276,2,0,0
102604,27,29900,9.1,RENT,D,home_improvement,7700,10.87,0.258,9,0,0
102605,32,42500,8.7,RENT,A,home_improvement,3300,16.26,0.078,13,0,0
102606,37,49800,2.8,MORTGAGE,A,home_improvement,12800,17.41,0.257,18,0,0
102607,20,38900,17.9,MORTGAGE,C,small_business,18200,14.39,0.468,2,0,0
102608,30,72100,1.2,OWN,B,debt_consolidation,13800,14.94,0.191,13,0,0
102609,29,86200,0.4,MORTGAGE,D,debt_consolidation,7400,14.65,0.086,11,0,0
102610,29,19900,2.2,MORTGAGE,B,debt_consolidation,10000,10.7,0.503,10,0,0
102611,30,47600,3.6,RENT,E,credit_card,11900,7.37,0.25,15,0,0
102612,29,12000,0.1,RENT,E,credit_card,11100,14.37,0.9,11,0,1
102613,39,49000,0.9,MORTGAGE,C,small_business,15900,5.99,0.324,19,0,0
102614,38,48700,3.1,RENT,D,debt_consolidation,13600,10.09,0.279,20,0,0
102615,44,136900,9.9,RENT,B,home_improvement,5900,9.2,0.043,29,0,0
102616,29,116100,6.7,RENT,C,debt_consolidation,8200,13.56,0.071,11,0,0
102617,26,86100,12.6,RENT,B,credit_card,6100,12.34,0.071,10,1,0
102618,22,30400,0.0,MORTGAGE,E,small_business,8900,9.19,0.293,3,1,1
102619,25,29400,7.4,MORTGAGE,E,debt_consolidation,2900,9.98,0.099,8,0,0
102620,34,28200,3.6,RENT,F,credit_card,23400,18.55,0.83,16,0,1
102621,35,119300,1.9,MORTGAGE,E,credit_card,5300,8.68,0.044,17,0,0
102622,34,31200,5.5,RENT,F,small_business,6100,10.84,0.196,15,0,1
102623,24,41700,7.9,RENT,B,debt_consolidation,8500,13.58,0.204,5,0,0
102624,24,31400,1.6,OWN,F,venture,3800,11.75,0.121,2,0,1
102625,43,25800,4.7,OWN,C,venture,6700,13.69,0.26,22,0,0
102626,23,61900,0.2,RENT,C,medical,8900,15.46,0.144,2,0,0
102627,39,56100,0.6,RENT,C,debt_consolidation,20100,16.68,0.358,18,0,1
102628,32,15200,4.9,MORTGAGE,B,home_improvement,8800,11.66,0.579,13,1,1
102629,24,25200,2.4,MORTGAGE,B,debt_consolidation,6500,12.96,0.258,5,0,0
102630,21,59300,0.5,RENT,B,education,4400,12.26,0.074,2,0,0
102631,24,49500,1.9,RENT,A,credit_card,26300,8.28,0.531,8,0,0
102632,32,41300,1.6,RENT,C,debt_consolidation,8500,12.2,0.206,13,0,1
102633,23,71900,5.7,MORTGAGE,E,debt_consolidation,8500,5.57,0.118,7,0,0
102634,40,23300,6.9,MORTGAGE,D,medical,3800,12.85,0.163,19,0,0
102635,28,37200,3.2,RENT,C,education,10800,5.4,0.29,11,0,1
102636,34,68500,2.5,RENT,C,credit_card,5900,7.94,0.086,18,0,1
102637,33,36100,14.3,RENT,C,credit_card,18200,14.58,0.504,16,0,0
102638,40,61200,3.5,MORTGAGE,B,small_business,10500,13.17,0.172,21,1,1
102639,26,27400,3.5,OWN,E,medical,8700,11.44,0.318,7,1,0
102640,30,32800,2.5,MORTGAGE,B,small_business,3900,9.88,0.119,13,0,0
102641,20,19300,1.1,MORTGAGE,D,credit_card,7700,8.39,0.399,2,0,0
102642,30,16600,5.7,RENT,D,home_improvement,7200,9.44,0.434,14,0,0
102643,37,39700,6.7,MORTGAGE,C,medical,8700,13.97,0.219,17,1,1
102644,31,66000,2.0,RENT,E,debt_consolidation,2700,10.59,0.041,15,0,0
102645,45,48400,3.3,RENT,B,credit_card,4900,5.4,0.101,28,0,0
102646,33,97600,2.6,MORTGAGE,E,debt_consolidation,6200,7.07,0.064,15,0,0
102647,25,41500,1.1,MORTGAGE,D,credit_card,10700,8.58,0.258,7,0,0
102648,32,16100,0.3,RENT,E,medical,2800,10.55,0.174,16,1,1
102649,20,62300,1.4,MORTGAGE,D,debt_consolidation,17300,10.44,0.278,2,1,1
102650,23,28500,6.4,OWN,E,credit_card,16000,7.7,0.561,3,0,0
102651,20,55200,0.9,MORTGAGE,G,debt_consolidation,4700,13.71,0.085,2,1,1
102652,29,14700,2.4,MORTGAGE,C,education,31500,5.4,0.9,10,0,0
102653,29,44300,0.4,RENT,E,medical,9200,8.81,0.208,12,1,0
102654,37,75800,0.3,MORTGAGE,D,credit_card,7600,14.32,0.1,23,0,0
102655,28,70900,4.4,RENT,C,small_business,11200,13.44,0.158,10,0,1
102656,22,44900,4.8,RENT,F,debt_consolidation,10200,10.53,0.227,4,0,0
102657,40,50100,9.5,RENT,B,medical,8600,14.88,0.172,25,0,1
102658,20,39200,5.3,RENT,C,small_business,4500,12.44,0.115,3,0,0
102659,29,43700,8.8,MORTGAGE,A,debt_consolidation,6400,11.75,0.146,13,0,0
102660,31,72700,1.6,MORTGAGE,B,venture,9900,13.66,0.136,12,0,0
102661,29,34100,3.4,MORTGAGE,E,debt_consolidation,12800,12.96,0.375,11,0,0
102662,33,36000,7.2,OWN,B,home_improvement,17900,16.29,0.497,14,0,0
102663,30,21600,1.5,MORTGAGE,B,debt_consolidation,6300,10.51,0.292,13,0,0
102664,32,73500,5.8,MORTGAGE,B,small_business,8500,10.63,0.116,15,0,0
102665,25,43200,6.0,RENT,C,debt_consolidation,5600,12.21,0.13,8,0,0
102666,20,25700,0.3,RENT,E,debt_consolidation,14800,11.58,0.576,3,1,1
102667,29,81000,5.2,MORTGAGE,E,credit_card,6800,18.18,0.084,11,0,1
102668,22,48700,15.6,MORTGAGE,A,venture,5900,13.39,0.121,5,1,0
102669,24,33200,0.5,RENT,C,debt_consolidation,8400,8.9,0.253,9,0,0
102670,37,81700,9.1,MORTGAGE,C,home_improvement,3200,6.13,0.039,19,0,0
102671,40,41400,4.1,RENT,C,credit_card,10900,17.16,0.263,19,0,0
102672,37,21100,7.9,RENT,C,medical,6800,10.15,0.322,17,1,0
102673,36,84700,2.7,RENT,B,debt_consolidation,37100,12.69,0.438,18,1,0
102674,29,31500,1.6,RENT,C,credit_card,5800,11.43,0.184,9,0,0
102675,36,263300,9.0,RENT,C,venture,7000,14.4,0.027,17,0,0
102676,31,39100,16.4,OWN,C,debt_consolidation,14200,9.51,0.363,12,1,0
102677,43,16500,3.5,MORTGAGE,C,credit_card,12500,11.93,0.758,26,0,0
102678,23,131300,3.9,RENT,E,education,14300,9.54,0.109,8,0,0
102679,34,48500,4.9,RENT,D,debt_consolidation,6900,21.51,0.142,13,1,0
102680,20,57600,3.8,MORTGAGE,B,credit_card,4300,8.79,0.075,4,0,0
102681,34,61700,3.7,RENT,E,debt_consolidation,35200,13.52,0.571,18,0,0
102682,20,23700,15.0,MORTGAGE,E,medical,10800,21.74,0.456,3,1,0
102683,21,15200,6.7,MORTGAGE,A,education,9200,15.46,0.605,3,0,0
102684,20,146500,7.3,MORTGAGE,C,home_improvement,12600,11.42,0.086,4,0,0
102685,31,21200,3.8,RENT,B,home_improvement,4000,12.1,0.189,13,0,0
102686,31,123100,3.2,OWN,D,credit_card,6300,8.57,0.051,13,0,0
102687,46,66800,6.9,MORTGAGE,B,debt_consolidation,4600,17.55,0.069,24,1,1
102688,28,55100,13.0,MORTGAGE,D,debt_consolidation,8900,10.69,0.162,11,0,0
102689,34,38700,0.3,OWN,B,debt_consolidation,3800,11.24,0.098,19,0,0
102690,30,178100,3.8,MORTGAGE,C,debt_consolidation,11700,8.34,0.066,9,1,0
102691,34,34200,5.2,RENT,F,home_improvement,15500,10.38,0.453,14,0,1
102692,30,34700,8.5,MORTGAGE,B,debt_consolidation,15200,11.74,0.438,11,0,0
102693,37,72400,1.1,MORTGAGE,E,debt_consolidation,10300,15.42,0.142,18,1,0
102694,22,34500,1.5,MORTGAGE,G,credit_card,9000,12.46,0.261,3,0,1
102695,20,28700,0.2,MORTGAGE,E,debt_consolidation,6400,15.44,0.223,5,0,1
102696,32,48500,3.8,MORTGAGE,A,debt_consolidation,10400,5.4,0.214,18,0,0
102697,20,73100,3.5,RENT,E,debt_consolidation,7600,16.54,0.104,2,1,1
102698,38,140700,4.7,RENT,A,debt_consolidation,2900,6.67,0.021,19,0,0
102699,25,157400,1.2,MORTGAGE,B,credit_card,5800,14.27,0.037,7,0,0
102700,22,18700,3.5,RENT,E,small_business,12500,5.4,0.668,2,0,1
102701,48,88800,19.8,RENT,D,medical,4400,11.74,0.05,30,0,1
102702,29,29100,10.5,MORTGAGE,C,small_business,4300,14.91,0.148,12,0,0
102703,28,29900,4.5,MORTGAGE,B,home_improvement,7300,8.47,0.244,11,0,0
102704,34,37200,4.1,MORTGAGE,E,education,2500,11.63,0.067,17,0,0
102705,35,35900,5.3,RENT,D,credit_card,12100,14.83,0.337,16,0,0
102706,37,27800,4.1,RENT,C,home_improvement,11500,14.14,0.414,19,1,1
102707,20,13900,14.0,MORTGAGE,E,credit_card,13600,5.89,0.9,2,0,0
102708,33,111000,7.2,MORTGAGE,B,debt_consolidation,9200,15.1,0.083,17,0,1
102709,27,82100,6.5,RENT,A,debt_consolidation,5100,17.65,0.062,10,0,0
102710,23,49600,2.3,MORTGAGE,D,debt_consolidation,4100,15.87,0.083,8,0,0
102711,29,29400,0.1,MORTGAGE,G,medical,11000,7.07,0.374,12,0,0
102712,20,98800,0.9,MORTGAGE,B,debt_consolidation,12000,7.59,0.121,2,0,0
102713,35,48400,2.2,MORTGAGE,B,home_improvement,4400,11.77,0.091,15,0,0
102714,27,36500,7.1,RENT,A,education,4100,13.61,0.112,9,0,0
102715,26,20300,4.7,MORTGAGE,E,credit_card,8000,14.64,0.394,3,1,1
102716,28,67400,0.9,MORTGAGE,B,debt_consolidation,8700,8.65,0.129,9,0,0
102717,28,41700,4.4,RENT,C,credit_card,13600,11.23,0.326,9,0,1
102718,37,57800,1.3,RENT,G,credit_card,11700,8.55,0.202,17,0,1
102719,21,55000,0.1,RENT,A,venture,7800,7.88,0.142,3,0,0
102720,26,71100,4.7,MORTGAGE,C,small_business,14300,12.96,0.201,6,1,0
102721,27,56500,1.9,OWN,C,small_business,6700,11.24,0.119,6,0,1
102722,22,42400,0.9,RENT,E,credit_card,6800,13.14,0.16,5,0,1
102723,30,68000,2.2,RENT,B,small_business,12900,9.44,0.19,11,0,1
102724,24,84600,1.2,OWN,C,small_business,13700,13.91,0.162,7,1,1
102725,20,117300,1.1,RENT,A,debt_consolidation,13900,7.44,0.118,2,0,0
102726,33,27100,1.5,RENT,D,debt_consolidation,7300,9.86,0.269,16,0,0
102727,40,92400,16.7,MORTGAGE,E,debt_consolidation,8400,7.52,0.091,22,0,0
102728,29,20900,1.1,OWN,A,credit_card,5000,12.52,0.239,12,0,0
102729,28,87600,3.0,MORTGAGE,B,education,13300,18.02,0.152,13,1,0
102730,28,36200,9.5,RENT,E,home_improvement,5900,12.83,0.163,11,1,1
102731,25,79600,4.6,MORTGAGE,A,credit_card,2700,11.13,0.034,8,0,0
102732,37,113900,2.4,MORTGAGE,B,education,6400,10.79,0.056,19,1,1
102733,30,56900,5.5,OWN,C,debt_consolidation,5100,9.41,0.09,8,1,0
102734,20,50200,3.2,RENT,B,debt_consolidation,1800,15.48,0.036,2,0,0
102735,37,48800,0.6,OWN,B,education,5900,12.98,0.121,22,1,0
102736,36,39800,4.4,MORTGAGE,C,education,12500,5.48,0.314,19,0,0
102737,33,95600,3.3,RENT,B,small_business,10200,15.42,0.107,14,0,1
102738,20,48600,14.5,RENT,C,debt_consolidation,10200,8.37,0.21,3,0,1
102739,29,15600,5.6,RENT,D,venture,17700,9.14,0.9,9,0,1
102740,35,83800,9.2,OWN,C,small_business,5900,12.95,0.07,18,1,1
102741,32,81400,4.1,RENT,A,home_improvement,4300,9.35,0.053,13,0,0
102742,30,52800,1.2,MORTGAGE,E,debt_consolidation,10600,19.57,0.201,12,1,0
102743,35,33400,2.8,RENT,A,credit_card,9900,10.64,0.296,15,0,0
102744,30,27200,2.6,MORTGAGE,D,medical,4000,13.78,0.147,12,0,1
102745,37,33500,4.8,MORTGAGE,B,education,7400,5.94,0.221,14,0,0
102746,30,57500,4.1,OWN,E,credit_card,10900,9.28,0.19,11,0,1
102747,30,18700,13.9,MORTGAGE,B,credit_card,9400,11.03,0.503,10,1,0
102748,35,65100,3.1,MORTGAGE,B,small_business,12100,15.09,0.186,16,0,0
102749,26,53600,2.5,MORTGAGE,C,credit_card,5600,7.63,0.104,2,0,0
102750,21,104600,2.6,MORTGAGE,A,credit_card,3700,15.82,0.035,2,0,0
102751,29,75800,10.9,OWN,B,debt_consolidation,4900,11.96,0.065,12,0,0
102752,33,34600,6.6,MORTGAGE,D,debt_consolidation,13000,12.68,0.376,13,1,1
102753,35,20300,0.3,OWN,E,small_business,14300,8.82,0.704,18,0,1
102754,36,32800,0.6,RENT,A,debt_consolidation,7400,8.03,0.226,20,0,0
102755,29,110200,9.2,MORTGAGE,E,debt_consolidation,18600,5.4,0.169,12,0,0
102756,28,60600,0.5,OWN,E,education,7400,12.58,0.122,11,0,1
102757,25,71600,1.1,OWN,E,small_business,6100,13.76,0.085,8,0,0
102758,31,36500,1.1,MORTGAGE,D,debt_consolidation,3700,10.2,0.101,14,0,0
102759,20,67300,2.3,MORTGAGE,D,debt_consolidation,7800,5.8,0.116,2,0,1
102760,29,22300,9.0,MORTGAGE,C,small_business,14500,9.5,0.65,9,0,1
102761,49,86200,2.4,RENT,D,credit_card,16300,12.84,0.189,29,0,0
102762,20,27300,12.4,OWN,F,credit_card,14600,12.16,0.535,3,1,1
102763,30,17400,5.1,RENT,A,credit_card,10700,13.92,0.615,10,0,0
102764,32,178800,2.1,RENT,B,debt_consolidation,19500,5.68,0.109,13,0,0
102765,33,55500,0.3,MORTGAGE,A,small_business,4800,10.04,0.086,14,0,0
102766,22,54700,8.9,RENT,F,debt_consolidation,15500,11.14,0.283,4,0,0
102767,33,18400,4.4,RENT,C,credit_card,9500,13.78,0.516,16,0,1
102768,25,72600,2.3,RENT,D,debt_consolidation,9100,9.33,0.125,8,0,0
102769,20,83900,6.1,OTHER,E,debt_consolidation,3700,13.43,0.044,2,1,0
102770,36,46200,3.3,MORTGAGE,G,debt_consolidation,9800,8.08,0.212,19,0,1
102771,34,84100,1.8,OTHER,A,education,15300,12.28,0.182,16,1,0
102772,22,98100,0.0,RENT,E,debt_consolidation,2500,10.44,0.025,4,0,0
102773,25,68800,1.5,RENT,E,debt_consolidation,12600,10.23,0.183,6,1,0
102774,25,15700,2.7,RENT,A,debt_consolidation,2300,20.19,0.146,5,0,0
102775,20,27400,1.1,RENT,D,small_business,3700,10.3,0.135,4,0,0
102776,34,130300,2.1,RENT,B,credit_card,7700,9.98,0.059,16,1,1
102777,35,53900,1.7,RENT,D,venture,19400,6.37,0.36,19,0,0
102778,27,54100,2.3,RENT,C,home_improvement,7600,15.06,0.14,9,0,0
102779,29,32600,9.6,MORTGAGE,B,credit_card,10500,9.54,0.322,11,0,0
102780,30,36300,7.0,RENT,A,home_improvement,4900,11.38,0.135,11,0,0
102781,31,99300,3.3,MORTGAGE,A,debt_consolidation,7300,8.46,0.074,13,0,0
102782,20,117500,0.0,RENT,A,venture,7900,13.0,0.067,4,1,0
102783,32,79900,2.7,MORTGAGE,D,venture,19900,14.86,0.249,14,0,0
102784,21,69800,0.7,MORTGAGE,B,debt_consolidation,5400,16.21,0.077,3,0,0
102785,34,72700,3.6,MORTGAGE,B,home_improvement,5600,11.08,0.077,19,0,0
102786,22,49600,2.7,MORTGAGE,D,debt_consolidation,14700,9.36,0.296,2,1,0
102787,20,26600,3.3,RENT,D,credit_card,7100,9.13,0.267,2,1,1
102788,29,23600,8.9,RENT,C,medical,8600,11.56,0.364,12,0,1
102789,29,106200,4.3,MORTGAGE,F,education,10300,12.41,0.097,8,0,1
102790,30,50600,7.3,OWN,B,debt_consolidation,5700,13.46,0.113,13,1,0
102791,23,67000,4.1,MORTGAGE,E,small_business,2600,8.45,0.039,3,1,0
102792,30,57900,3.4,MORTGAGE,A,small_business,14600,11.98,0.252,11,0,0
102793,31,59500,4.8,MORTGAGE,D,debt_consolidation,8600,7.83,0.145,15,0,0
102794,37,62300,4.4,OTHER,G,home_improvement,4000,11.03,0.064,16,0,0
102795,30,75600,1.5,RENT,E,home_improvement,12400,16.52,0.164,8,0,0
102796,25,33800,1.2,RENT,C,small_business,24500,10.68,0.725,3,1,1
102797,20,98700,1.1,MORTGAGE,D,venture,15600,8.32,0.158,3,0,1
102798,20,34300,2.6,MORTGAGE,B,debt_consolidation,25500,12.76,0.743,4,0,0
102799,31,58800,0.1,RENT,D,debt_consolidation,4100,14.72,0.07,11,0,0
102800,35,26900,4.0,RENT,D,debt_consolidation,9300,8.73,0.346,19,1,1
102801,23,47000,3.7,MORTGAGE,G,debt_consolidation,9800,6.62,0.209,5,0,0
102802,31,35800,0.1,MORTGAGE,C,credit_card,7600,8.58,0.212,13,0,0
102803,28,52200,4.3,MORTGAGE,A,education,6800,9.92,0.13,12,0,0
102804,34,77200,0.6,RENT,C,credit_card,1600,16.97,0.021,12,1,0
102805,35,53700,6.6,RENT,A,home_improvement,20600,6.45,0.384,18,0,1
102806,20,151500,15.4,MORTGAGE,B,credit_card,3300,5.4,0.022,2,0,0
102807,36,79800,3.5,RENT,B,debt_consolidation,13300,12.48,0.167,15,1,0
102808,31,45400,6.3,MORTGAGE,D,medical,8200,8.94,0.181,10,0,1
102809,25,49200,2.8,MORTGAGE,B,home_improvement,8000,7.93,0.163,8,0,0
102810,25,63400,0.7,RENT,A,credit_card,7200,13.84,0.114,8,0,0
102811,29,75900,7.3,MORTGAGE,A,education,9000,11.83,0.119,13,0,0
102812,25,26100,4.1,RENT,E,credit_card,11500,15.12,0.441,7,0,0
102813,22,73100,1.5,MORTGAGE,D,debt_consolidation,13700,14.14,0.187,3,0,1
102814,24,26500,5.6,MORTGAGE,A,credit_card,7600,7.15,0.287,7,0,0
102815,22,69300,1.0,MORTGAGE,A,home_improvement,4200,5.45,0.061,4,0,0
102816,38,94400,1.0,OWN,C,credit_card,4100,15.53,0.043,20,0,0
102817,29,60800,1.0,RENT,B,medical,14300,11.05,0.235,11,0,0
102818,45,14300,0.0,MORTGAGE,C,credit_card,7000,22.35,0.49,27,1,1
102819,32,19300,3.8,RENT,C,credit_card,4600,14.98,0.238,18,0,1
102820,33,70200,4.7,OTHER,F,medical,5400,16.44,0.077,17,1,1
102821,22,13400,2.7,RENT,B,credit_card,7700,8.1,0.575,5,1,0
102822,27,72100,8.2,MORTGAGE,D,credit_card,4000,11.2,0.055,8,0,1
102823,30,88600,8.9,RENT,A,debt_consolidation,8000,14.41,0.09,12,0,0
102824,25,96200,4.4,RENT,F,credit_card,16100,11.2,0.167,9,1,1
102825,26,45100,3.3,RENT,G,credit_card,7600,11.7,0.169,8,0,0
102826,32,65600,1.4,RENT,D,debt_consolidation,3100,12.38,0.047,13,0,0
102827,32,57800,8.3,RENT,C,home_improvement,13100,8.89,0.227,11,0,0
102828,20,22900,4.5,RENT,B,debt_consolidation,14900,8.32,0.651,2,1,1
102829,31,77600,10.2,MORTGAGE,E,debt_consolidation,15400,10.84,0.198,14,0,0
102830,33,110700,0.1,RENT,D,credit_card,8400,10.01,0.076,12,0,0
102831,25,75300,1.5,RENT,B,debt_consolidation,29200,8.34,0.388,10,0,0
102832,24,39100,1.8,OWN,C,home_improvement,12100,11.04,0.309,6,0,1
102833,32,77400,0.4,MORTGAGE,C,small_business,40000,6.8,0.517,17,1,1
102834,20,105200,1.5,RENT,E,debt_consolidation,17000,14.24,0.162,2,0,0
102835,29,97900,1.4,RENT,D,debt_consolidation,15700,13.62,0.16,6,0,0
102836,40,90700,2.5,MORTGAGE,D,credit_card,5800,13.96,0.064,21,0,0
102837,20,21500,6.9,MORTGAGE,D,debt_consolidation,4800,8.48,0.223,2,0,1
102838,35,64200,3.5,MORTGAGE,B,credit_card,8600,8.02,0.134,15,0,0
102839,33,73500,6.0,MORTGAGE,B,small_business,7300,16.26,0.099,16,0,0
102840,20,91200,11.6,OWN,A,home_improvement,6000,10.8,0.066,2,0,0
102841,33,68400,14.8,MORTGAGE,E,credit_card,7500,13.55,0.11,12,0,0
102842,36,121000,1.9,OTHER,C,venture,7300,7.35,0.06,17,0,0
102843,21,18900,5.1,MORTGAGE,C,debt_consolidation,5700,10.47,0.302,4,1,0
102844,24,70100,1.8,MORTGAGE,B,education,11600,15.79,0.165,5,0,0
102845,29,67100,2.2,MORTGAGE,B,medical,5400,11.98,0.08,9,1,0
102846,36,84700,1.8,MORTGAGE,C,credit_card,7900,10.6,0.093,17,0,1
102847,25,120400,4.2,RENT,B,debt_consolidation,4200,13.54,0.035,9,1,1
102848,29,31600,3.2,RENT,A,debt_consolidation,8600,12.64,0.272,12,0,0
102849,24,118100,0.7,RENT,D,education,9100,19.0,0.077,7,0,0
102850,29,80700,7.4,RENT,B,debt_consolidation,4800,11.65,0.059,12,0,1
102851,36,46500,9.9,OWN,B,education,8400,13.83,0.181,14,0,0
102852,30,31300,6.0,MORTGAGE,C,credit_card,7700,11.01,0.246,12,0,0
102853,26,57400,0.1,RENT,E,credit_card,6300,7.94,0.11,10,0,0
102854,29,60300,11.0,RENT,B,home_improvement,6300,13.02,0.104,6,0,0
102855,23,62200,3.4,RENT,D,debt_consolidation,10400,6.22,0.167,2,0,0
102856,22,36500,2.2,MORTGAGE,F,credit_card,8200,15.05,0.225,2,0,1
102857,37,72100,2.8,OWN,D,education,13700,6.76,0.19,17,0,0
102858,40,41200,2.7,RENT,C,debt_consolidation,4600,8.31,0.112,22,0,0
102859,20,100600,1.5,RENT,D,education,7300,8.01,0.073,2,0,0
102860,33,132000,13.0,OWN,C,venture,5800,13.74,0.044,16,0,0
102861,35,33000,8.1,MORTGAGE,C,debt_consolidation,8400,7.47,0.255,21,0,0
102862,21,53300,1.9,OWN,C,credit_card,9400,13.33,0.176,2,0,0
102863,26,88000,0.2,RENT,B,debt_consolidation,4200,9.07,0.048,5,0,0
102864,25,60000,8.3,RENT,A,home_improvement,11200,11.08,0.187,6,0,0
102865,42,24500,1.5,MORTGAGE,C,venture,26600,9.57,0.9,25,1,0
102866,41,82900,1.2,RENT,A,education,8900,19.88,0.107,23,0,0
102867,23,36900,6.1,MORTGAGE,C,education,5000,5.51,0.136,6,1,0
102868,20,57500,3.4,MORTGAGE,C,debt_consolidation,6900,13.26,0.12,2,0,0
102869,34,29800,6.5,RENT,F,credit_card,6800,11.47,0.228,16,0,1
102870,33,79800,9.4,MORTGAGE,A,debt_consolidation,5600,8.69,0.07,20,0,0
102871,38,40900,2.2,MORTGAGE,D,education,12100,12.92,0.296,19,0,1
102872,22,84600,1.2,OWN,C,debt_consolidation,3000,8.04,0.035,4,0,0
102873,34,45800,3.5,RENT,A,debt_consolidation,9400,7.63,0.205,17,1,0
102874,24,39600,0.3,MORTGAGE,B,debt_consolidation,16500,7.37,0.417,11,0,0
102875,33,64600,5.3,RENT,A,debt_consolidation,15900,11.8,0.246,16,0,0
102876,29,28500,22.4,OWN,B,debt_consolidation,14200,9.34,0.498,11,0,0
102877,42,138600,1.6,MORTGAGE,B,debt_consolidation,5600,8.38,0.04,23,0,0
102878,32,57100,8.8,RENT,C,education,18100,12.73,0.317,16,0,0
102879,27,37700,1.4,MORTGAGE,C,medical,9900,15.38,0.263,9,1,1
102880,30,41400,3.9,MORTGAGE,A,debt_consolidation,17700,6.39,0.428,15,0,0
102881,28,52000,2.8,MORTGAGE,A,medical,14700,12.69,0.283,9,0,1
102882,21,89100,1.5,RENT,A,credit_card,9600,13.39,0.108,2,1,0
102883,42,31500,3.0,MORTGAGE,C,medical,7100,16.09,0.225,21,0,0
102884,40,42100,2.2,MORTGAGE,B,debt_consolidation,29700,10.46,0.705,23,0,0
102885,28,50100,6.4,RENT,C,credit_card,3000,17.06,0.06,6,0,0
102886,34,120400,6.5,RENT,B,credit_card,7400,13.6,0.061,18,0,0
102887,43,89300,4.3,OWN,A,debt_consolidation,3700,5.4,0.041,22,0,0
102888,38,123600,4.3,MORTGAGE,F,home_improvement,8600,12.58,0.07,16,0,0
102889,27,52400,1.1,MORTGAGE,A,small_business,9900,11.44,0.189,9,1,0
102890,28,113300,1.4,OWN,A,small_business,5700,15.04,0.05,12,0,0
102891,20,103500,0.1,RENT,A,credit_card,5900,15.75,0.057,2,0,1
102892,34,75600,1.7,MORTGAGE,G,credit_card,3900,8.0,0.052,17,0,0
102893,38,79000,3.2,MORTGAGE,C,small_business,10400,14.76,0.132,20,0,0
102894,38,37200,5.7,RENT,C,debt_consolidation,6300,11.03,0.169,21,0,0
102895,34,140900,1.0,OWN,G,debt_consolidation,10200,8.95,0.072,19,0,1
102896,31,45000,3.3,MORTGAGE,A,credit_card,6100,16.72,0.136,11,0,0
102897,22,70100,1.2,RENT,G,debt_consolidation,9300,9.79,0.133,4,0,0
102898,31,74800,1.8,OWN,B,credit_card,12200,11.62,0.163,9,1,0
102899,25,24200,6.1,OWN,D,debt_consolidation,10500,11.23,0.434,10,0,0
102900,33,50100,0.9,MORTGAGE,C,home_improvement,9100,13.35,0.182,14,0,0
102901,24,57600,14.1,RENT,B,home_improvement,7700,16.25,0.134,6,0,1
102902,33,48400,3.9,RENT,F,medical,10500,17.29,0.217,14,0,1
102903,38,50400,4.8,MORTGAGE,A,home_improvement,5800,14.76,0.115,18,0,0
102904,32,117100,3.1,OWN,G,credit_card,7300,5.42,0.062,15,0,1
102905,31,32700,0.3,RENT,B,education,9800,16.75,0.3,14,0,0
102906,35,25600,0.8,MORTGAGE,D,small_business,18900,13.66,0.738,16,0,0
102907,41,37300,9.0,RENT,F,credit_card,5800,15.45,0.155,26,0,0
102908,28,77600,0.4,MORTGAGE,A,debt_consolidation,5000,10.42,0.064,11,0,0
102909,33,81900,0.9,MORTGAGE,F,home_improvement,9500,11.46,0.116,18,0,1
102910,40,71900,0.3,RENT,C,home_improvement,15700,14.92,0.218,18,0,0
102911,34,85100,3.1,MORTGAGE,D,small_business,12700,18.74,0.149,15,0,0
102912,20,59300,1.3,MORTGAGE,A,medical,8200,12.2,0.138,4,0,0
102913,24,38800,1.2,RENT,C,education,15900,7.01,0.41,3,0,0
102914,34,30600,0.5,OWN,D,venture,3000,13.65,0.098,15,0,0
102915,26,25700,4.9,RENT,C,home_improvement,14100,10.83,0.549,6,0,0
102916,39,45500,0.1,RENT,A,venture,6800,7.7,0.149,22,0,0
102917,42,79500,0.9,MORTGAGE,B,education,11500,11.03,0.145,23,0,0
102918,25,58700,0.1,MORTGAGE,E,debt_consolidation,14100,13.22,0.24,5,0,0
102919,22,52200,7.6,RENT,A,home_improvement,9000,15.29,0.172,7,0,0
102920,26,28800,3.3,OWN,D,debt_consolidation,8400,9.76,0.292,9,0,0
102921,26,212900,8.5,RENT,G,debt_consolidation,6500,9.92,0.031,9,0,1
102922,40,32700,3.7,RENT,A,debt_consolidation,20500,11.13,0.627,22,0,0
102923,22,55100,5.6,MORTGAGE,A,credit_card,9800,17.82,0.178,6,0,1
102924,34,89500,17.5,OWN,D,debt_consolidation,9200,16.33,0.103,17,0,0
102925,39,52700,17.8,MORTGAGE,A,debt_consolidation,18600,13.53,0.353,17,0,0
102926,35,33100,9.5,RENT,C,debt_consolidation,6100,13.4,0.184,21,1,0
102927,32,80400,0.5,RENT,D,home_improvement,7100,10.37,0.088,17,1,1
102928,28,24700,4.3,RENT,C,education,13600,14.28,0.551,9,0,0
102929,42,134300,13.1,MORTGAGE,B,venture,21500,7.92,0.16,21,0,0
102930,27,60200,1.6,MORTGAGE,D,credit_card,8300,13.22,0.138,7,1,0
102931,36,44800,0.6,RENT,C,debt_consolidation,10000,5.4,0.223,16,0,0
102932,28,23600,1.4,MORTGAGE,B,medical,3400,5.59,0.144,11,0,1
102933,20,27300,0.0,MORTGAGE,C,debt_consolidation,16400,5.4,0.601,2,0,0
102934,27,50100,1.7,RENT,E,venture,4500,18.27,0.09,8,0,1
102935,28,145900,1.8,RENT,D,small_business,6000,10.93,0.041,11,0,0
102936,28,58600,12.9,MORTGAGE,C,credit_card,9000,6.63,0.154,10,0,0
102937,24,62400,2.6,RENT,B,debt_consolidation,5700,20.27,0.091,8,0,0
102938,33,63700,17.2,RENT,A,debt_consolidation,2800,8.71,0.044,15,0,0
102939,34,189100,3.4,RENT,B,credit_card,4100,13.39,0.022,19,0,0
102940,27,40400,0.5,MORTGAGE,A,credit_card,8600,8.68,0.213,13,0,0
102941,27,121900,0.3,MORTGAGE,G,medical,18500,14.36,0.152,9,0,1
102942,22,41400,2.1,MORTGAGE,B,home_improvement,17700,11.45,0.428,3,0,0
102943,31,35000,6.0,RENT,E,credit_card,10000,8.81,0.286,13,0,0
102944,39,49300,0.9,MORTGAGE,A,debt_consolidation,8800,6.69,0.178,23,0,0
102945,39,49200,4.6,RENT,B,credit_card,12600,8.95,0.256,23,0,0
102946,25,70200,16.5,MORTGAGE,C,debt_consolidation,16800,7.88,0.239,3,0,0
102947,43,14400,10.8,OTHER,B,home_improvement,8600,5.4,0.597,26,0,0
102948,26,55900,5.5,MORTGAGE,E,home_improvement,8800,14.14,0.157,7,0,0
102949,22,37100,0.6,RENT,F,medical,9100,15.52,0.245,5,0,0
102950,20,34600,0.3,MORTGAGE,E,credit_card,14100,9.05,0.408,2,1,1
102951,21,25300,0.6,RENT,A,debt_consolidation,3800,5.4,0.15,2,0,0
102952,31,42200,1.8,RENT,D,medical,8200,12.81,0.194,10,0,0
102953,27,38800,4.2,OWN,A,small_business,10100,12.06,0.26,6,0,0
102954,25,40800,2.4,RENT,F,small_business,2900,7.9,0.071,6,1,1
102955,23,20900,3.3,RENT,C,credit_card,13400,11.29,0.641,5,0,1
102956,21,54400,3.1,MORTGAGE,B,education,14600,5.4,0.268,3,1,1
102957,23,33300,4.9,MORTGAGE,A,debt_consolidation,2800,11.53,0.084,5,0,0
102958,36,21000,2.3,MORTGAGE,A,credit_card,6500,10.95,0.31,16,1,0
102959,42,38100,1.6,RENT,B,medical,6600,16.29,0.173,21,0,0
102960,42,33700,15.7,MORTGAGE,F,debt_consolidation,5000,12.41,0.148,26,0,1
102961,34,52700,1.4,RENT,E,medical,5400,11.83,0.102,17,0,1
102962,26,37800,1.0,OWN,F,credit_card,6100,18.57,0.161,7,0,1
102963,24,23200,3.7,RENT,A,debt_consolidation,11300,8.64,0.487,8,0,1
102964,34,31600,0.0,RENT,C,debt_consolidation,16100,6.11,0.509,14,0,0
102965,27,19900,1.0,MORTGAGE,B,medical,11000,14.79,0.553,9,0,1
102966,32,96300,0.8,RENT,C,medical,4900,15.26,0.051,14,0,0
102967,43,105200,4.1,MORTGAGE,B,debt_consolidation,12500,15.35,0.119,24,1,1
102968,31,112500,0.1,RENT,B,debt_consolidation,11300,10.66,0.1,14,0,0
102969,45,37300,0.4,RENT,C,debt_consolidation,1600,8.94,0.043,24,0,0
102970,21,105200,2.3,RENT,B,debt_consolidation,16000,7.02,0.152,3,0,0
102971,32,64500,1.1,RENT,C,small_business,8700,8.31,0.135,14,0,0
102972,31,32800,1.8,RENT,D,debt_consolidation,8900,6.08,0.271,11,0,0
102973,22,36500,2.1,RENT,A,debt_consolidation,3100,9.92,0.085,5,0,1
102974,35,46900,0.6,RENT,F,debt_consolidation,19700,17.47,0.42,19,1,1
102975,40,54500,1.4,MORTGAGE,C,home_improvement,9800,9.54,0.18,22,1,0
102976,44,62900,2.8,MORTGAGE,E,small_business,12400,11.96,0.197,26,0,1
102977,32,51500,1.0,RENT,D,home_improvement,3900,13.47,0.076,13,0,0
102978,20,42500,10.1,RENT,D,credit_card,10700,10.2,0.252,2,0,0
102979,32,108400,0.4,RENT,D,venture,10900,10.17,0.101,13,0,0
102980,34,48400,4.5,RENT,E,credit_card,7400,16.13,0.153,16,0,1
102981,27,46900,6.5,MORTGAGE,C,education,4000,12.17,0.085,8,1,0
102982,31,45700,0.0,RENT,B,home_improvement,7800,15.57,0.171,16,0,0
102983,26,48400,2.2,OWN,A,debt_consolidation,4800,20.1,0.099,8,0,0
102984,28,24400,2.0,MORTGAGE,C,medical,5500,8.37,0.225,8,1,0
102985,36,29700,1.6,RENT,A,home_improvement,15300,10.94,0.515,14,0,1
102986,39,197900,8.3,RENT,B,home_improvement,8500,10.9,0.043,23,0,0
102987,20,20800,5.3,RENT,A,debt_consolidation,7800,9.72,0.375,5,0,0
102988,25,59800,0.1,RENT,C,credit_card,4200,9.95,0.07,5,0,0
102989,20,62200,1.2,MORTGAGE,A,education,7900,16.55,0.127,3,0,0
102990,42,89900,1.7,RENT,C,debt_consolidation,7500,11.86,0.083,25,1,1
102991,35,63100,14.3,RENT,E,debt_consolidation,4700,20.46,0.074,17,0,0
102992,20,145800,5.7,RENT,E,debt_consolidation,14700,10.04,0.101,2,0,1
102993,29,58800,3.8,MORTGAGE,B,credit_card,14300,16.92,0.243,12,0,0
102994,27,108200,1.8,RENT,C,medical,5300,17.83,0.049,12,0,1
102995,24,91300,0.4,OWN,C,home_improvement,10100,11.2,0.111,9,0,0
102996,36,120300,1.0,RENT,C,education,2900,13.11,0.024,19,0,0
102997,36,52200,2.9,RENT,D,credit_card,9700,14.68,0.186,20,0,1
102998,31,64100,11.6,MORTGAGE,B,credit_card,12500,9.5,0.195,9,1,0
102999,25,42100,3.0,MORTGAGE,G,debt_consolidation,4400,17.49,0.105,8,0,1
103000,25,56300,4.6,RENT,A,debt_consolidation,8200,8.58,0.146,8,0,0
103001,29,58000,9.8,MORTGAGE,E,small_business,8700,9.63,0.15,10,1,0
103002,26,16400,2.4,RENT,C,debt_consolidation,39700,9.67,0.9,8,0,1
103003,29,47600,4.2,RENT,B,debt_consolidation,33500,12.31,0.704,10,0,1
103004,33,84100,6.6,RENT,D,education,9700,12.68,0.115,12,0,0
103005,20,24500,8.1,MORTGAGE,A,home_improvement,5600,9.21,0.229,3,0,0
103006,24,30000,5.2,MORTGAGE,D,debt_consolidation,9300,11.09,0.31,10,0,0
103007,29,97300,1.0,MORTGAGE,C,small_business,15100,7.49,0.155,9,0,0
103008,40,107900,2.8,OWN,A,credit_card,3200,15.69,0.03,22,1,0
103009,35,36600,0.5,MORTGAGE,A,medical,2600,14.0,0.071,14,0,0
103010,29,56700,2.0,OWN,D,small_business,4300,10.25,0.076,11,0,0
103011,32,49400,4.9,RENT,B,debt_consolidation,12300,10.81,0.249,13,0,0
103012,28,98500,2.1,MORTGAGE,E,debt_consolidation,12700,9.11,0.129,10,0,0
103013,37,38400,1.5,MORTGAGE,D,debt_consolidation,10300,8.15,0.268,21,0,0
103014,32,41800,2.3,RENT,D,small_business,14900,7.61,0.356,15,0,0
103015,38,107700,0.2,RENT,B,credit_card,7300,8.17,0.068,20,0,0
103016,20,29700,14.0,MORTGAGE,D,small_business,7000,14.95,0.236,2,0,0
103017,23,39200,1.7,RENT,F,credit_card,10000,15.23,0.255,6,0,1
103018,31,55400,1.0,RENT,A,debt_consolidation,20800,6.57,0.375,11,1,0
103019,32,119100,1.7,MORTGAGE,B,debt_consolidation,10200,14.02,0.086,17,1,0
103020,46,26700,0.9,MORTGAGE,B,debt_consolidation,7700,7.1,0.288,28,0,1
103021,20,34900,0.5,RENT,B,credit_card,10100,14.25,0.289,2,1,0
103022,29,71400,4.4,RENT,D,credit_card,17700,11.8,0.248,8,1,0
103023,28,77700,4.8,OWN,C,education,6600,9.63,0.085,9,0,0
103024,31,57900,1.7,OWN,C,debt_consolidation,6300,13.11,0.109,12,0,0
103025,41,48300,0.2,MORTGAGE,B,home_improvement,6200,16.36,0.128,24,0,0
103026,35,55300,11.1,RENT,A,debt_consolidation,12700,5.4,0.23,15,0,0
103027,20,22500,1.5,RENT,B,small_business,5300,15.6,0.236,4,0,0
103028,40,54500,2.9,RENT,E,debt_consolidation,11500,8.64,0.211,17,0,0
103029,40,116400,2.1,MORTGAGE,C,home_improvement,3600,16.63,0.031,22,0,1
103030,31,24900,0.1,MORTGAGE,B,debt_consolidation,7000,14.62,0.281,12,0,0
103031,20,33500,9.2,MORTGAGE,E,debt_consolidation,7800,7.46,0.233,2,0,0
103032,28,41400,0.9,RENT,A,credit_card,21700,9.4,0.524,12,1,0
103033,32,42900,2.3,OWN,B,credit_card,13800,13.23,0.322,16,0,1
103034,36,141900,1.8,RENT,B,credit_card,6700,14.91,0.047,19,0,0
103035,20,30900,4.2,RENT,G,debt_consolidation,6100,13.21,0.197,5,0,0
103036,24,27700,2.8,MORTGAGE,D,venture,5600,12.9,0.202,9,0,0
103037,37,78800,1.9,MORTGAGE,C,debt_consolidation,4400,9.2,0.056,22,0,0
103038,40,36100,1.3,OWN,A,credit_card,19700,11.62,0.546,21,1,0
103039,32,79500,7.7,RENT,B,medical,5300,11.24,0.067,15,0,0
103040,37,46200,0.4,OWN,D,home_improvement,20900,6.1,0.452,21,0,0
103041,32,66300,0.0,RENT,B,debt_consolidation,8600,12.71,0.13,14,0,0
103042,36,21800,0.3,RENT,F,credit_card,7700,10.18,0.353,20,1,1
103043,30,66200,4.1,RENT,D,debt_consolidation,8500,16.45,0.128,12,0,0
103044,32,58100,2.8,RENT,C,credit_card,15800,15.71,0.272,11,1,1
103045,20,44800,0.0,MORTGAGE,D,credit_card,5100,12.16,0.114,5,0,0
103046,34,26200,1.5,RENT,G,small_business,10700,15.48,0.408,15,0,1
103047,20,58100,9.0,RENT,C,medical,7900,13.71,0.136,2,0,0
103048,34,76700,1.8,RENT,D,debt_consolidation,10100,11.42,0.132,22,0,0
103049,26,38500,5.3,MORTGAGE,F,debt_consolidation,7200,6.4,0.187,6,0,0
103050,32,38900,8.3,OWN,B,credit_card,6600,10.93,0.17,15,0,0
103051,22,79700,14.5,MORTGAGE,E,credit_card,10800,10.3,0.136,2,0,0
103052,25,132000,1.0,RENT,A,credit_card,3800,11.1,0.029,6,0,0
103053,32,86400,1.3,RENT,D,home_improvement,17400,10.68,0.201,13,0,0
103054,34,58500,1.5,RENT,E,credit_card,8600,15.47,0.147,14,0,1
103055,37,45100,5.5,OWN,C,education,6000,15.87,0.133,21,1,0
103056,21,50800,1.8,RENT,C,credit_card,9900,9.74,0.195,8,0,1
103057,20,24900,3.3,OWN,C,debt_consolidation,5500,6.73,0.221,2,0,0
103058,22,47300,19.4,MORTGAGE,A,debt_consolidation,8500,8.01,0.18,2,0,0
103059,22,95400,3.9,MORTGAGE,B,home_improvement,8500,15.97,0.089,2,0,0
103060,40,52700,0.5,MORTGAGE,B,debt_consolidation,16200,14.95,0.307,20,1,0
103061,38,36500,0.2,RENT,C,debt_consolidation,9400,7.4,0.258,20,0,0
103062,22,34700,3.3,RENT,C,debt_consolidation,4400,6.22,0.127,3,1,1
103063,41,50600,0.8,RENT,B,small_business,11200,9.37,0.221,27,0,0
103064,38,26100,5.1,RENT,E,venture,12000,17.96,0.46,20,0,0
103065,20,31300,5.9,MORTGAGE,B,credit_card,3300,13.01,0.105,4,0,0
103066,22,119700,2.5,MORTGAGE,C,debt_consolidation,4200,10.65,0.035,4,1,0
103067,20,29100,2.7,OWN,C,credit_card,24500,11.05,0.842,2,0,0
103068,28,33200,2.1,OWN,B,credit_card,6800,5.4,0.205,9,0,0
103069,29,60500,8.1,RENT,D,venture,6800,10.45,0.112,11,1,1
103070,29,40400,0.7,RENT,C,credit_card,7900,15.96,0.196,10,1,1
103071,20,54100,0.3,RENT,A,home_improvement,5700,10.08,0.105,2,0,1
103072,20,82800,1.5,RENT,F,education,3100,10.62,0.037,2,0,1
103073,31,22000,4.8,MORTGAGE,E,home_improvement,4400,12.68,0.2,18,1,1
103074,33,78000,0.8,MORTGAGE,D,debt_consolidation,5700,7.45,0.073,16,0,0
103075,20,37400,1.2,MORTGAGE,E,home_improvement,6100,12.7,0.163,3,1,0
103076,20,44000,1.2,MORTGAGE,F,credit_card,5300,8.52,0.12,2,0,1
103077,36,148300,0.9,MORTGAGE,B,credit_card,3600,9.7,0.024,15,0,0
103078,20,23800,2.6,MORTGAGE,C,venture,6000,10.14,0.252,2,0,0
103079,29,71300,0.9,OTHER,C,debt_consolidation,15000,10.14,0.21,11,0,0
103080,20,95800,1.8,MORTGAGE,B,credit_card,5600,11.87,0.058,2,0,0
103081,35,35400,1.4,MORTGAGE,B,debt_consolidation,7300,11.23,0.206,18,0,0
103082,20,35700,13.4,RENT,A,debt_consolidation,17900,10.84,0.501,2,0,0
103083,27,42100,3.6,MORTGAGE,D,home_improvement,5600,11.94,0.133,8,0,0
103084,36,35300,2.7,RENT,E,small_business,40000,8.23,0.9,23,0,0
103085,33,53500,15.5,RENT,D,home_improvement,13200,5.4,0.247,16,0,0
103086,26,84200,2.4,MORTGAGE,B,debt_consolidation,8500,11.47,0.101,7,0,0
103087,24,42200,14.9,RENT,B,debt_consolidation,7100,9.02,0.168,5,0,0
103088,27,85900,1.7,RENT,C,credit_card,17000,13.14,0.198,10,0,0
103089,20,111400,17.5,RENT,C,credit_card,5500,9.51,0.049,2,0,0
103090,28,65300,2.7,MORTGAGE,F,medical,6400,5.4,0.098,12,0,0
103091,28,68800,0.6,MORTGAGE,E,home_improvement,19600,11.07,0.285,10,0,0
103092,26,37200,7.5,OWN,F,education,6600,15.29,0.177,7,0,0
103093,36,12200,4.6,MORTGAGE,E,medical,6300,12.63,0.516,15,0,0
103094,22,71100,0.6,RENT,F,credit_card,5600,6.39,0.079,6,0,0
103095,20,79900,1.0,MORTGAGE,C,home_improvement,2800,9.25,0.035,2,0,1
103096,25,58900,4.6,MORTGAGE,A,small_business,14200,9.71,0.241,9,0,0
103097,30,85000,3.8,RENT,A,venture,7900,10.84,0.093,11,0,0
103098,28,38100,7.9,OWN,B,credit_card,14600,9.39,0.383,12,0,0
103099,28,68500,5.9,OWN,B,home_improvement,7400,5.4,0.108,13,0,0
103100,21,115800,4.7,RENT,A,credit_card,6400,11.0,0.055,2,1,0
103101,22,74300,1.8,MORTGAGE,F,small_business,5600,16.66,0.075,2,0,1
103102,26,107900,1.3,RENT,B,education,11800,9.15,0.109,12,0,1
103103,25,108200,2.6,OWN,F,education,5200,7.02,0.048,8,0,1
103104,37,26300,7.8,MORTGAGE,D,debt_consolidation,10000,16.63,0.38,20,0,1
103105,31,76500,6.7,RENT,D,debt_consolidation,8300,18.42,0.108,10,0,1
103106,25,36400,1.4,MORTGAGE,D,small_business,4600,10.03,0.126,5,0,0
103107,37,28000,2.5,MORTGAGE,B,home_improvement,6300,12.36,0.225,19,0,0
103108,32,44000,14.0,RENT,D,education,8100,12.29,0.184,13,0,0
103109,20,135200,12.9,MORTGAGE,B,debt_consolidation,6800,14.7,0.05,2,0,0
103110,20,38200,5.9,MORTGAGE,F,medical,23000,7.48,0.602,3,0,1
103111,20,19600,3.7,MORTGAGE,B,small_business,9200,11.39,0.469,2,0,1
103112,33,23300,2.3,MORTGAGE,B,debt_consolidation,7300,7.58,0.313,16,0,0
103113,35,67000,0.9,RENT,D,debt_consolidation,6600,12.74,0.099,15,0,0
103114,20,34000,3.8,RENT,D,small_business,7100,16.95,0.209,3,0,0
103115,34,16800,0.3,MORTGAGE,C,debt_consolidation,5800,12.7,0.345,16,0,0
103116,33,23800,9.1,RENT,D,medical,5200,8.44,0.218,16,0,0
103117,39,56500,10.5,RENT,A,credit_card,11300,15.08,0.2,24,0,0
103118,36,79100,2.9,OWN,D,credit_card,18900,9.3,0.239,17,0,0
103119,38,40300,7.2,MORTGAGE,B,debt_consolidation,6300,13.2,0.156,18,0,0
103120,32,73600,3.0,MORTGAGE,B,venture,10300,8.7,0.14,16,0,0
103121,32,85200,11.1,MORTGAGE,A,small_business,5600,6.72,0.066,17,0,0
103122,27,33500,10.4,OWN,B,medical,8600,8.76,0.257,12,0,0
103123,35,48200,0.7,OWN,B,small_business,3900,5.4,0.081,12,0,0
103124,20,37000,6.0,RENT,C,home_improvement,5100,7.6,0.138,3,1,0
103125,28,69300,2.0,MORTGAGE,B,education,5000,19.21,0.072,8,0,0
103126,33,36800,3.7,RENT,B,home_improvement,7500,5.4,0.204,17,0,0
103127,39,26400,4.2,RENT,C,credit_card,4300,5.85,0.163,20,0,1
103128,26,53000,0.3,RENT,A,debt_consolidation,2400,17.77,0.045,7,0,0
103129,36,94900,2.9,MORTGAGE,D,debt_consolidation,3800,8.05,0.04,17,0,0
103130,28,68200,1.9,MORTGAGE,F,small_business,7400,10.05,0.109,9,0,0
103131,36,89700,11.4,OWN,C,debt_consolidation,5200,11.44,0.058,15,0,0
103132,23,85400,2.9,RENT,F,small_business,5900,5.57,0.069,4,1,0
103133,34,52700,4.1,RENT,A,venture,9400,15.26,0.178,16,0,0
103134,28,37100,3.6,RENT,A,credit_card,5200,11.07,0.14,13,1,1
103135,21,31900,9.1,RENT,D,debt_consolidation,7800,9.21,0.245,4,0,1
103136,28,21500,1.7,RENT,D,home_improvement,26200,14.9,0.9,9,0,1
103137,38,99100,7.6,OWN,E,debt_consolidation,6600,6.71,0.067,19,0,0
103138,22,43000,3.4,RENT,A,medical,7200,11.64,0.167,2,0,0
103139,20,20200,7.2,MORTGAGE,D,credit_card,10000,7.85,0.495,2,0,1
103140,32,101600,3.0,RENT,B,credit_card,5200,6.98,0.051,14,1,0
103141,20,54300,3.0,MORTGAGE,B,credit_card,5900,18.71,0.109,2,0,1
103142,40,87800,8.2,OWN,A,credit_card,7700,11.95,0.088,21,0,0
103143,40,44600,5.8,OWN,G,debt_consolidation,9000,14.91,0.202,17,0,0
103144,36,33300,0.4,RENT,A,debt_consolidation,4900,9.63,0.147,15,0,0
103145,29,65900,0.1,OWN,E,credit_card,11000,7.8,0.167,9,1,1
103146,41,68900,0.9,RENT,D,education,19000,5.4,0.276,22,0,0
103147,38,44200,3.8,MORTGAGE,D,debt_consolidation,2800,10.36,0.063,14,0,0
103148,25,106100,7.3,RENT,D,debt_consolidation,10100,5.53,0.095,7,0,0
103149,39,86700,1.1,MORTGAGE,E,debt_consolidation,7700,11.84,0.089,21,0,1
103150,23,70300,1.8,MORTGAGE,B,credit_card,6900,6.85,0.098,6,0,0
103151,28,28000,0.2,MORTGAGE,A,debt_consolidation,9700,13.18,0.346,9,0,0
103152,20,25900,5.8,MORTGAGE,C,small_business,17300,18.91,0.668,4,0,1
103153,30,99700,1.5,RENT,B,debt_consolidation,9300,21.67,0.093,16,0,0
103154,27,15500,5.2,MORTGAGE,A,home_improvement,13700,12.65,0.884,6,0,1
103155,26,49000,6.2,RENT,B,debt_consolidation,7900,11.46,0.161,6,0,1
103156,28,55900,2.6,RENT,B,credit_card,9900,8.98,0.177,11,0,1
103157,25,39400,10.8,RENT,A,debt_consolidation,6000,8.69,0.152,8,1,0
103158,29,50500,2.6,RENT,A,small_business,8300,8.19,0.164,9,1,0
103159,38,64900,0.7,RENT,F,venture,7000,16.84,0.108,23,0,0
103160,22,37300,0.3,MORTGAGE,B,debt_consolidation,8600,10.09,0.231,2,0,0
103161,35,83700,8.7,RENT,G,venture,3300,19.28,0.039,17,0,1
103162,31,71000,0.9,MORTGAGE,F,debt_consolidation,4400,8.16,0.062,14,0,0
103163,32,46700,2.3,RENT,A,credit_card,15600,10.99,0.334,17,0,0
103164,29,32700,7.0,MORTGAGE,D,small_business,17400,6.93,0.532,9,0,1
103165,24,49000,2.3,RENT,C,debt_consolidation,3100,13.42,0.063,7,0,0
103166,32,164500,1.4,RENT,D,credit_card,5900,10.77,0.036,14,0,0
103167,33,34000,6.9,MORTGAGE,A,debt_consolidation,5400,11.38,0.159,12,0,0
103168,23,119600,17.0,OWN,B,small_business,9300,10.38,0.078,4,0,0
103169,20,19600,2.2,OTHER,A,credit_card,7700,13.5,0.393,2,0,0
103170,30,32100,3.9,RENT,C,education,11800,13.91,0.368,13,0,0
103171,34,38200,6.0,OWN,G,debt_consolidation,3900,14.49,0.102,13,0,1
103172,36,86900,4.2,MORTGAGE,D,education,9800,8.11,0.113,19,0,1
103173,37,53100,3.9,OWN,D,debt_consolidation,6700,12.66,0.126,19,0,0
103174,32,105900,0.9,RENT,G,home_improvement,5400,9.71,0.051,15,0,0
103175,27,42900,0.0,RENT,D,debt_consolidation,10300,16.28,0.24,9,1,1
103176,29,50000,3.5,RENT,A,debt_consolidation,7100,12.39,0.142,9,1,0
103177,20,43000,6.1,MORTGAGE,E,debt_consolidation,7700,12.58,0.179,3,0,0
103178,24,157100,1.1,RENT,B,home_improvement,16900,10.5,0.108,6,0,0
103179,29,27800,1.5,RENT,A,debt_consolidation,8400,8.57,0.302,10,0,0
103180,27,39000,3.3,MORTGAGE,C,home_improvement,23600,11.76,0.605,14,0,1
103181,30,30100,1.6,OWN,F,venture,2200,15.91,0.073,10,0,0
103182,20,70600,4.5,MORTGAGE,B,debt_consolidation,8100,8.73,0.115,3,0,0
103183,21,27500,0.2,MORTGAGE,C,debt_consolidation,4400,16.25,0.16,4,0,1
103184,34,140400,1.4,RENT,A,debt_consolidation,4900,13.55,0.035,15,0,0
103185,23,53900,3.5,OWN,A,debt_consolidation,5700,5.4,0.106,5,0,0
103186,24,64700,5.9,RENT,A,credit_card,13500,8.2,0.209,7,1,0
103187,30,66500,9.0,RENT,D,small_business,6500,19.74,0.098,12,0,0
103188,22,51000,2.2,RENT,E,debt_consolidation,4300,11.06,0.084,3,0,1
103189,37,55100,8.4,RENT,A,debt_consolidation,11600,8.25,0.211,19,0,0
103190,20,54000,2.5,MORTGAGE,B,home_improvement,4200,8.36,0.078,2,0,0
103191,29,68600,16.8,MORTGAGE,B,debt_consolidation,20300,11.01,0.296,14,0,0
103192,24,32800,5.1,RENT,A,home_improvement,4000,14.81,0.122,8,0,0
103193,30,29900,5.4,RENT,C,education,6900,10.28,0.231,12,0,1
103194,26,80900,1.3,RENT,D,debt_consolidation,23400,8.71,0.289,7,1,1
103195,29,51500,8.0,RENT,D,credit_card,6800,5.4,0.132,10,0,0
103196,38,17100,17.5,OWN,B,medical,10200,8.22,0.596,19,0,1
103197,24,39700,3.7,MORTGAGE,C,small_business,7600,8.99,0.191,6,0,0
103198,24,119500,2.5,RENT,A,small_business,8100,12.66,0.068,3,0,0
103199,27,47200,0.4,RENT,A,medical,5200,12.96,0.11,8,1,1
103200,39,38500,3.5,MORTGAGE,F,credit_card,10400,16.68,0.27,19,0,1
103201,28,22600,2.2,MORTGAGE,D,credit_card,16800,7.21,0.743,9,1,1
103202,38,37700,9.4,OWN,F,small_business,2800,11.98,0.074,24,0,1
103203,28,27200,4.7,RENT,F,small_business,4900,12.08,0.18,9,1,0
103204,37,65300,3.6,MORTGAGE,D,home_improvement,6000,7.9,0.092,19,0,0
103205,32,53000,6.1,RENT,F,credit_card,5000,14.79,0.094,14,1,0
103206,33,42200,4.2,MORTGAGE,C,medical,11500,17.64,0.273,16,0,0
103207,20,33900,0.2,RENT,A,debt_consolidation,5800,11.59,0.171,2,1,0
103208,20,119300,1.5,MORTGAGE,A,debt_consolidation,8500,9.78,0.071,2,0,0
103209,36,35000,1.4,RENT,A,credit_card,18400,16.88,0.526,17,0,1
103210,36,35000,9.1,MORTGAGE,A,debt_consolidation,3000,13.07,0.086,17,0,0
103211,46,45100,5.6,RENT,B,home_improvement,9600,7.13,0.213,31,0,0
103212,20,48700,10.5,MORTGAGE,D,debt_consolidation,7600,10.8,0.156,3,1,0
103213,32,67200,3.4,RENT,E,home_improvement,7600,10.2,0.113,13,0,0
103214,22,86000,4.6,MORTGAGE,C,credit_card,4900,8.46,0.057,6,1,0
103215,24,82500,0.4,RENT,A,debt_consolidation,6600,8.62,0.08,8,0,0
103216,25,196100,7.7,MORTGAGE,D,debt_consolidation,8100,9.09,0.041,6,0,1
103217,32,20300,5.2,MORTGAGE,B,credit_card,7300,14.42,0.36,13,0,0
103218,24,58500,14.2,RENT,A,small_business,11900,10.44,0.203,6,0,0
103219,29,38700,1.1,RENT,B,credit_card,4400,11.81,0.114,9,0,0
103220,35,155700,5.5,RENT,B,debt_consolidation,3800,14.98,0.024,16,0,0
103221,37,56800,3.9,RENT,B,debt_consolidation,2700,10.42,0.048,18,0,0
103222,34,16900,5.6,MORTGAGE,E,debt_consolidation,8800,7.17,0.521,16,0,1
103223,32,65400,2.2,RENT,D,debt_consolidation,12300,14.9,0.188,20,0,0
103224,28,59700,0.6,RENT,D,venture,4200,10.13,0.07,8,0,0
103225,25,78200,1.2,RENT,A,debt_consolidation,4000,17.91,0.051,4,0,0
103226,33,34600,9.7,RENT,E,debt_consolidation,22900,15.13,0.662,17,0,1
103227,22,61700,11.2,RENT,D,education,16400,13.41,0.266,4,0,0
103228,30,44400,0.9,MORTGAGE,B,home_improvement,16900,12.31,0.381,11,0,0
103229,21,35600,7.8,RENT,D,credit_card,9800,15.54,0.275,5,1,1
103230,29,62200,2.2,OWN,C,home_improvement,11900,12.4,0.191,9,0,0
103231,22,56100,1.1,MORTGAGE,C,education,6900,5.4,0.123,5,0,0
103232,26,91800,9.6,RENT,A,debt_consolidation,3700,11.13,0.04,8,1,1
103233,24,52300,5.5,MORTGAGE,C,debt_consolidation,3800,13.56,0.073,6,0,0
103234,23,71800,6.7,MORTGAGE,A,education,8100,7.89,0.113,5,0,0
103235,28,26500,2.2,MORTGAGE,A,medical,13500,20.83,0.509,15,0,1
103236,20,111000,5.0,RENT,A,venture,7400,10.97,0.067,2,1,0
103237,20,33600,2.4,MORTGAGE,F,debt_consolidation,11300,13.52,0.336,2,0,0
103238,35,84700,13.0,RENT,B,venture,7700,15.72,0.091,18,1,0
103239,30,59600,3.6,MORTGAGE,B,credit_card,9600,13.68,0.161,14,1,0
103240,24,55500,0.4,RENT,B,small_business,12400,11.12,0.223,3,0,0
103241,36,78300,0.4,RENT,E,education,16800,12.94,0.215,19,0,0
103242,25,15900,0.6,MORTGAGE,C,debt_consolidation,9500,10.8,0.597,5,0,0
103243,25,37600,4.8,RENT,F,debt_consolidation,23500,11.16,0.625,4,1,1
103244,24,77700,1.7,RENT,B,home_improvement,7100,7.37,0.091,6,0,0
103245,42,148300,2.4,MORTGAGE,A,medical,16800,10.56,0.113,23,0,0
103246,31,50800,4.1,RENT,C,debt_consolidation,11200,7.17,0.22,10,0,0
103247,30,13500,2.7,RENT,B,medical,3000,11.48,0.222,10,0,0
103248,32,43300,6.7,RENT,E,credit_card,17600,10.03,0.406,13,0,1
103249,20,49900,9.6,OWN,E,credit_card,4900,13.31,0.098,3,0,1
103250,25,94900,9.2,MORTGAGE,C,debt_consolidation,7100,6.12,0.075,5,1,0
103251,32,52900,7.6,MORTGAGE,G,education,13100,8.16,0.248,14,0,1
103252,29,25500,5.5,MORTGAGE,C,debt_consolidation,5400,8.19,0.212,7,0,1
103253,44,87500,8.3,MORTGAGE,B,home_improvement,7800,11.45,0.089,26,1,0
103254,25,70400,3.0,MORTGAGE,C,debt_consolidation,11600,10.62,0.165,8,0,0
103255,36,35100,2.6,MORTGAGE,A,education,5200,15.45,0.148,17,0,0
103256,35,76600,5.5,OWN,E,medical,7100,11.65,0.093,18,1,1
103257,30,38200,14.1,MORTGAGE,A,debt_consolidation,6700,11.5,0.175,8,0,0
103258,31,43700,7.1,RENT,B,debt_consolidation,13800,7.7,0.316,11,0,0
103259,27,38500,6.9,RENT,C,credit_card,19200,10.46,0.499,10,0,0
103260,20,43500,3.4,RENT,A,credit_card,4400,6.7,0.101,3,0,0
103261,31,84900,2.3,MORTGAGE,A,medical,8500,13.28,0.1,17,0,0
103262,32,19300,1.6,OWN,D,credit_card,6100,14.49,0.316,15,0,1
103263,33,94600,0.4,MORTGAGE,A,credit_card,8200,6.07,0.087,17,0,0
103264,29,56800,1.7,MORTGAGE,C,small_business,21400,11.66,0.377,9,1,1
103265,36,41600,0.5,MORTGAGE,B,credit_card,10000,11.12,0.24,18,0,0
103266,23,52100,0.4,OWN,B,debt_consolidation,5900,15.84,0.113,2,0,0
103267,39,31300,1.0,MORTGAGE,B,debt_consolidation,3800,7.9,0.121,23,0,0
103268,22,21000,5.0,RENT,D,debt_consolidation,14000,8.76,0.667,3,0,1
103269,28,31700,8.4,MORTGAGE,F,home_improvement,6300,12.45,0.199,11,0,0
103270,34,18200,16.1,RENT,A,debt_consolidation,5300,9.74,0.291,11,1,0
103271,25,24500,0.2,RENT,F,credit_card,9600,9.93,0.392,2,0,1
103272,34,21100,3.5,RENT,C,debt_consolidation,11100,9.87,0.526,20,0,0
103273,27,101000,0.9,RENT,D,small_business,6600,13.38,0.065,16,0,0
103274,30,25400,4.5,RENT,D,debt_consolidation,4800,15.59,0.189,13,0,0
103275,28,50400,2.2,RENT,D,credit_card,17200,11.2,0.341,13,0,1
103276,25,95200,8.3,OWN,E,debt_consolidation,11800,10.53,0.124,6,0,1
103277,45,82300,0.3,RENT,C,debt_consolidation,13900,13.89,0.169,24,1,1
103278,23,43800,12.1,MORTGAGE,C,debt_consolidation,6700,12.24,0.153,8,1,0
103279,20,43900,8.2,RENT,B,credit_card,5100,12.07,0.116,2,0,0
103280,23,56900,4.3,OTHER,A,small_business,6000,15.58,0.105,5,0,0
103281,30,164700,0.5,MORTGAGE,D,debt_consolidation,3500,7.66,0.021,15,0,0
103282,26,64700,8.4,OWN,A,small_business,6700,10.55,0.104,7,1,0
103283,36,74400,2.3,MORTGAGE,B,home_improvement,5600,7.97,0.075,16,0,0
103284,36,179200,4.2,MORTGAGE,A,credit_card,7800,9.57,0.044,15,0,0
103285,27,60000,9.6,RENT,B,home_improvement,8300,6.91,0.138,9,0,0
103286,20,96900,10.8,RENT,D,debt_consolidation,8500,10.14,0.088,4,0,1
103287,20,67000,1.2,MORTGAGE,D,small_business,5900,12.83,0.088,2,0,1
103288,29,66500,11.9,RENT,C,medical,4200,5.4,0.063,11,0,0
103289,20,30300,2.4,RENT,A,medical,3700,10.32,0.122,2,0,0
103290,26,27700,0.3,OWN,C,debt_consolidation,9000,11.18,0.325,7,0,0
103291,39,38900,1.4,RENT,B,home_improvement,8700,10.51,0.224,24,0,0
103292,31,83700,13.1,MORTGAGE,D,debt_consolidation,3800,5.47,0.045,13,1,0
103293,29,81500,1.4,RENT,C,credit_card,17800,14.94,0.218,9,0,0
103294,22,107300,4.1,RENT,C,debt_consolidation,12800,14.89,0.119,7,0,0
103295,30,51200,2.4,RENT,C,debt_consolidation,4600,15.62,0.09,11,0,0
103296,27,69300,8.9,MORTGAGE,F,home_improvement,9400,9.49,0.136,9,0,1
103297,31,69400,2.9,MORTGAGE,D,education,7500,12.12,0.108,12,0,1
103298,34,48600,2.6,OWN,C,debt_consolidation,9400,8.87,0.193,13,1,0
103299,35,43200,10.4,RENT,C,credit_card,8900,7.64,0.206,16,0,0
103300,30,22800,7.3,RENT,A,home_improvement,11700,7.45,0.513,12,0,0
103301,33,47400,0.7,MORTGAGE,F,education,18300,12.22,0.386,14,1,1
103302,25,48700,5.5,RENT,B,home_improvement,9600,14.51,0.197,9,0,1
103303,37,96200,2.2,RENT,B,debt_consolidation,10900,16.13,0.113,17,0,0
103304,23,101500,0.5,MORTGAGE,G,debt_consolidation,18100,11.32,0.178,6,1,0
103305,28,55800,2.6,MORTGAGE,D,home_improvement,6000,9.04,0.108,9,1,1
103306,38,160300,3.2,RENT,A,debt_consolidation,4900,11.15,0.031,22,0,0
103307,26,57200,1.7,RENT,A,education,11700,15.0,0.205,11,0,0
103308,20,91000,0.3,OWN,A,education,4100,17.34,0.045,4,0,0
103309,26,48800,3.4,OWN,C,venture,5200,15.74,0.107,8,0,0
103310,39,27500,2.5,MORTGAGE,A,debt_consolidation,18500,15.38,0.673,21,0,0
103311,20,40800,0.5,MORTGAGE,F,small_business,3200,16.4,0.078,2,0,1
103312,30,115900,3.8,OWN,F,home_improvement,9600,11.76,0.083,10,1,1
103313,25,44600,9.8,MORTGAGE,C,debt_consolidation,3700,12.51,0.083,9,1,1
103314,28,39900,11.5,MORTGAGE,C,debt_consolidation,10200,15.32,0.256,6,1,1
103315,27,51400,0.8,MORTGAGE,B,debt_consolidation,22200,13.35,0.432,8,0,1
103316,36,41600,3.3,RENT,A,credit_card,4600,14.62,0.111,21,0,0
103317,29,99400,0.8,MORTGAGE,D,venture,2500,9.31,0.025,8,0,0
103318,36,145400,7.1,MORTGAGE,A,medical,9900,16.53,0.068,19,0,0
103319,38,51700,0.0,RENT,A,debt_consolidation,5700,9.7,0.11,21,0,0
103320,29,69400,2.7,MORTGAGE,B,credit_card,7300,15.5,0.105,10,0,0
103321,26,88000,1.2,MORTGAGE,A,debt_consolidation,9900,11.18,0.112,6,0,0
103322,32,54700,2.1,RENT,C,debt_consolidation,11000,9.58,0.201,11,0,0
103323,33,31800,5.4,MORTGAGE,D,debt_consolidation,11100,5.4,0.349,14,0,0
103324,21,41100,0.3,RENT,E,home_improvement,8000,10.72,0.195,2,0,0
103325,31,64600,1.5,MORTGAGE,C,home_improvement,10300,7.01,0.159,10,1,1
103326,27,64000,3.9,OTHER,E,medical,7300,8.18,0.114,11,0,1
103327,26,19200,0.7,OWN,C,education,6800,13.33,0.354,6,0,0
103328,24,40500,7.6,OWN,E,debt_consolidation,8000,6.03,0.198,7,0,0
103329,25,34400,3.9,MORTGAGE,C,small_business,11100,15.93,0.323,5,0,0
103330,38,83700,1.1,MORTGAGE,B,debt_consolidation,5700,20.57,0.068,21,0,0
103331,26,35100,0.6,MORTGAGE,F,credit_card,9100,9.76,0.259,8,0,1
103332,37,40000,1.9,RENT,B,credit_card,6300,15.84,0.158,21,0,0
103333,30,39200,3.1,MORTGAGE,A,debt_consolidation,5400,6.47,0.138,9,0,0
103334,21,79600,1.1,MORTGAGE,B,debt_consolidation,14400,12.94,0.181,2,0,0
103335,30,87800,2.0,MORTGAGE,B,debt_consolidation,9900,12.78,0.113,14,0,0
103336,21,67600,13.1,RENT,B,debt_consolidation,10000,22.57,0.148,2,0,0
103337,33,94700,0.3,RENT,C,education,4800,10.16,0.051,14,0,0
103338,28,101700,0.8,RENT,E,debt_consolidation,7100,13.16,0.07,11,0,0
103339,35,19000,1.7,RENT,B,credit_card,11300,10.84,0.595,16,0,1
103340,39,71400,1.5,RENT,C,venture,9900,10.16,0.139,21,0,0
103341,20,42000,1.1,RENT,B,credit_card,33200,11.0,0.79,2,0,1
103342,26,25800,1.2,OWN,E,credit_card,9100,10.82,0.353,7,0,0
103343,21,43200,8.5,RENT,A,education,5600,9.22,0.13,2,1,0
103344,44,77000,6.8,MORTGAGE,A,debt_consolidation,6400,12.46,0.083,25,0,0
103345,26,114700,1.6,RENT,C,debt_consolidation,5100,8.28,0.044,9,0,0
103346,20,24600,2.4,MORTGAGE,D,credit_card,5700,10.06,0.232,2,0,0
103347,45,72400,5.4,MORTGAGE,E,credit_card,8600,18.42,0.119,28,0,0
103348,24,151900,1.1,OWN,C,medical,6300,11.08,0.041,5,0,0
103349,20,141100,1.6,OWN,D,debt_consolidation,16900,14.69,0.12,3,0,1
103350,21,12000,3.1,MORTGAGE,B,home_improvement,13200,11.23,0.9,2,0,1
103351,30,170800,0.7,RENT,A,small_business,13000,14.27,0.076,10,0,0
103352,29,87400,1.1,MORTGAGE,A,venture,7100,10.87,0.081,13,0,0
103353,23,14500,4.4,RENT,A,debt_consolidation,13400,5.4,0.9,3,0,0
103354,26,33800,2.7,OWN,B,debt_consolidation,14200,11.39,0.42,7,0,0
103355,29,102900,2.1,OWN,C,education,19500,7.89,0.19,11,0,0
103356,38,62800,6.8,RENT,B,home_improvement,6000,10.42,0.096,16,0,0
103357,31,37600,1.9,MORTGAGE,C,debt_consolidation,8200,13.98,0.218,12,1,0
103358,25,53500,3.4,RENT,C,debt_consolidation,5400,18.04,0.101,6,0,0
103359,27,69600,12.6,MORTGAGE,D,medical,34600,6.43,0.497,8,0,0
103360,34,37500,3.7,MORTGAGE,D,credit_card,7300,10.64,0.195,15,0,0
103361,41,48100,1.9,MORTGAGE,B,credit_card,16300,11.56,0.339,22,0,0
103362,21,84400,0.5,OWN,B,education,8800,11.68,0.104,3,0,0
103363,37,35100,2.3,RENT,C,debt_consolidation,13100,11.7,0.373,22,0,1
103364,27,24400,1.3,MORTGAGE,C,debt_consolidation,8000,13.53,0.328,14,0,0
103365,20,36300,2.5,MORTGAGE,B,home_improvement,13500,9.92,0.372,3,1,0
103366,20,31600,1.2,RENT,B,education,9400,10.79,0.297,2,1,0
103367,38,37000,0.1,RENT,D,debt_consolidation,20700,12.92,0.559,18,0,1
103368,39,19900,0.7,RENT,D,small_business,9600,8.98,0.482,19,1,1
103369,25,58700,0.1,MORTGAGE,A,debt_consolidation,5400,9.37,0.092,6,0,0
103370,28,83000,0.4,OWN,C,debt_consolidation,10800,11.26,0.13,12,0,0
103371,20,33000,2.3,RENT,E,education,8100,9.37,0.245,2,1,1
103372,34,36000,11.7,RENT,A,debt_consolidation,4700,7.98,0.131,17,1,0
103373,29,46500,4.4,MORTGAGE,E,debt_consolidation,10000,7.56,0.215,10,0,0
103374,20,31200,0.3,RENT,A,medical,5800,11.34,0.186,4,1,1
103375,30,88500,1.7,RENT,C,credit_card,7100,16.43,0.08,11,0,0
103376,20,31600,9.3,MORTGAGE,C,credit_card,8300,12.91,0.263,2,0,0
103377,33,38600,1.3,RENT,A,medical,2700,8.07,0.07,14,0,0
103378,21,33900,2.4,MORTGAGE,F,debt_consolidation,6400,17.07,0.189,6,0,1
103379,31,89700,7.6,RENT,C,home_improvement,13500,9.7,0.151,13,0,0
103380,24,45400,2.4,MORTGAGE,F,debt_consolidation,7300,17.21,0.161,8,0,1
103381,20,154200,0.3,RENT,B,debt_consolidation,2800,11.23,0.018,3,0,0
103382,36,62600,1.7,RENT,E,small_business,7700,12.46,0.123,19,0,0
103383,36,97500,10.7,MORTGAGE,F,debt_consolidation,10600,10.18,0.109,17,0,0
103384,25,43100,25.0,MORTGAGE,C,education,6900,10.42,0.16,7,0,0
103385,31,30700,21.7,OWN,B,education,7000,16.48,0.228,11,1,0
103386,32,50600,2.7,RENT,D,medical,6300,10.85,0.125,12,0,0
103387,32,35500,2.3,MORTGAGE,C,debt_consolidation,11400,14.89,0.321,13,0,0
103388,41,17200,4.4,MORTGAGE,F,debt_consolidation,5200,11.67,0.302,22,0,1
103389,32,90000,3.1,RENT,C,education,10900,11.08,0.121,14,0,0
103390,26,52500,7.7,MORTGAGE,B,credit_card,7000,13.75,0.133,9,0,0
103391,32,35100,0.4,RENT,A,small_business,16100,11.07,0.459,18,0,0
103392,26,63400,2.3,OWN,D,medical,6200,8.66,0.098,6,0,0
103393,22,52900,2.2,MORTGAGE,G,debt_consolidation,4400,8.77,0.083,5,0,0
103394,38,111900,0.0,RENT,A,debt_consolidation,11400,13.58,0.102,19,0,0
103395,33,65400,0.5,MORTGAGE,D,home_improvement,10600,5.4,0.162,12,0,0
103396,20,47300,8.7,RENT,F,home_improvement,10200,12.85,0.216,7,0,1
103397,24,75500,2.3,MORTGAGE,A,debt_consolidation,12900,6.32,0.171,6,0,0
103398,34,50500,0.2,MORTGAGE,A,home_improvement,4700,12.13,0.093,15,0,0
103399,20,57000,7.0,MORTGAGE,D,medical,5300,16.32,0.093,4,0,0
103400,24,101200,5.8,RENT,D,credit_card,16700,8.32,0.165,11,0,0
103401,48,27100,6.8,RENT,A,debt_consolidation,10300,13.39,0.38,31,0,0
103402,27,32100,2.0,MORTGAGE,E,small_business,6300,15.55,0.196,14,0,0
103403,37,40900,1.6,MORTGAGE,C,medical,3100,9.43,0.076,19,1,1
103404,40,44300,3.8,MORTGAGE,F,venture,4100,9.17,0.093,24,0,1
103405,23,97400,0.5,RENT,E,debt_consolidation,4800,12.85,0.049,3,0,1
103406,31,23700,0.5,MORTGAGE,E,education,6000,16.0,0.253,11,0,0
103407,43,50700,2.5,MORTGAGE,C,small_business,9600,19.72,0.189,26,0,0
103408,32,38100,5.7,MORTGAGE,B,small_business,3800,8.83,0.1,17,0,0
103409,46,131300,1.8,RENT,C,debt_consolidation,6100,13.83,0.046,27,0,0
103410,25,83800,15.1,MORTGAGE,A,debt_consolidation,4000,9.77,0.048,9,0,0
103411,42,58800,4.3,RENT,D,credit_card,6400,7.44,0.109,25,0,1
103412,29,87800,16.4,MORTGAGE,A,debt_consolidation,30100,10.66,0.343,10,0,0
103413,27,24900,3.6,MORTGAGE,C,debt_consolidation,15600,10.67,0.627,10,0,1
103414,33,157200,4.3,OWN,A,education,11100,11.81,0.071,13,0,0
103415,28,32400,5.0,RENT,B,debt_consolidation,6100,13.01,0.188,12,1,0
103416,28,102900,25.0,MORTGAGE,B,education,4500,12.34,0.044,10,0,0
103417,32,69800,1.3,OWN,D,credit_card,7700,15.87,0.11,15,0,0
103418,20,59600,1.9,RENT,E,medical,3400,18.26,0.057,2,1,0
103419,23,100500,1.2,RENT,A,debt_consolidation,11600,11.56,0.115,5,1,0
103420,34,89200,2.4,RENT,E,home_improvement,7300,9.73,0.082,9,0,0
103421,36,54700,10.8,MORTGAGE,E,credit_card,8000,10.78,0.146,17,0,0
103422,32,40900,2.6,RENT,B,education,3200,10.67,0.078,12,0,0
103423,31,55100,1.2,RENT,D,debt_consolidation,8300,9.37,0.151,14,1,0
103424,32,48700,1.1,MORTGAGE,C,debt_consolidation,7100,6.1,0.146,14,0,0
103425,36,62600,15.4,MORTGAGE,A,venture,4800,6.65,0.077,15,0,0
103426,20,90300,1.0,MORTGAGE,C,debt_consolidation,9200,13.96,0.102,3,0,0
103427,25,66700,0.1,MORTGAGE,A,home_improvement,6500,14.2,0.097,7,0,0
103428,28,57000,3.6,OWN,E,debt_consolidation,9500,12.67,0.167,10,0,0
103429,30,36000,0.2,MORTGAGE,F,debt_consolidation,11400,10.63,0.317,13,0,0
103430,20,61600,1.8,MORTGAGE,E,home_improvement,4500,9.68,0.073,3,0,0
103431,20,20300,5.4,RENT,C,credit_card,8600,6.56,0.424,6,0,0
103432,29,33200,2.3,MORTGAGE,C,home_improvement,8500,9.15,0.256,13,0,1
103433,36,71900,1.0,OWN,G,credit_card,16100,8.86,0.224,18,0,1
103434,26,83900,1.3,MORTGAGE,B,small_business,12900,6.41,0.154,9,0,0
103435,24,51000,2.4,RENT,A,venture,6700,12.28,0.131,6,1,1
103436,33,57600,0.5,RENT,C,debt_consolidation,6400,8.84,0.111,14,1,1
103437,27,63200,1.1,RENT,B,debt_consolidation,8800,11.65,0.139,11,1,0
103438,35,75000,4.0,RENT,B,debt_consolidation,4400,6.17,0.059,20,0,0
103439,27,46100,0.6,RENT,A,small_business,4700,13.62,0.102,9,0,0
103440,21,30000,10.1,RENT,C,credit_card,6300,13.05,0.21,4,0,0
103441,39,63800,0.1,RENT,B,home_improvement,2200,9.65,0.034,19,1,0
103442,38,151300,0.1,OWN,B,credit_card,4700,16.44,0.031,21,1,0
103443,22,31000,2.5,MORTGAGE,A,home_improvement,6700,11.21,0.216,2,0,0
103444,32,48100,9.9,MORTGAGE,B,medical,36900,11.99,0.767,14,0,1
103445,27,41700,1.0,RENT,E,credit_card,5700,5.88,0.137,10,0,0
103446,33,194300,0.7,RENT,B,credit_card,11700,8.68,0.06,18,0,1
103447,23,30400,0.8,RENT,D,debt_consolidation,7300,9.16,0.24,2,0,0
103448,35,47200,12.6,MORTGAGE,D,credit_card,10300,14.32,0.218,20,0,0
103449,37,42200,0.2,RENT,B,debt_consolidation,4500,14.97,0.107,21,0,0
103450,22,25900,6.8,MORTGAGE,E,medical,3500,9.45,0.135,5,0,1
103451,29,25100,11.0,RENT,D,credit_card,17300,12.11,0.689,10,0,1
103452,38,70400,2.7,RENT,C,debt_consolidation,3900,14.58,0.055,22,0,0
103453,22,76100,1.2,RENT,A,debt_consolidation,18300,10.28,0.24,8,0,0
103454,24,37900,4.3,MORTGAGE,A,credit_card,6600,6.24,0.174,5,0,0
103455,34,111900,0.6,RENT,G,education,5100,14.06,0.046,19,0,1
103456,28,14900,2.6,MORTGAGE,E,debt_consolidation,6100,13.03,0.409,12,0,1
103457,20,25800,1.2,RENT,F,debt_consolidation,19600,12.55,0.76,5,1,1
103458,27,32700,0.7,RENT,F,credit_card,5500,14.95,0.168,11,0,0
103459,41,51300,6.6,RENT,A,venture,6600,15.25,0.129,23,1,0
103460,43,40200,6.3,OTHER,E,medical,13900,13.74,0.346,23,0,0
103461,25,46100,1.6,MORTGAGE,C,debt_consolidation,10500,7.28,0.228,6,0,0
103462,23,67300,3.3,MORTGAGE,E,home_improvement,25400,6.05,0.377,6,0,0
103463,26,114900,3.5,MORTGAGE,A,medical,15400,12.76,0.134,8,0,0
103464,42,80100,0.0,OWN,B,small_business,5500,11.74,0.069,20,0,0
103465,35,53200,3.0,RENT,D,credit_card,16600,12.01,0.312,16,0,1
103466,39,49300,10.5,MORTGAGE,E,small_business,2800,17.59,0.057,19,1,0
103467,36,94400,3.1,MORTGAGE,C,home_improvement,12400,14.8,0.131,19,0,0
103468,20,145300,5.5,RENT,B,debt_consolidation,5700,10.84,0.039,4,0,0
103469,22,73200,6.3,RENT,B,debt_consolidation,11200,8.85,0.153,4,0,0
103470,24,39400,0.8,MORTGAGE,F,credit_card,23900,13.82,0.607,3,0,1
103471,25,59400,0.9,RENT,C,debt_consolidation,3200,13.16,0.054,6,0,0
103472,24,70900,0.7,RENT,C,credit_card,13500,10.73,0.19,4,0,0
103473,25,38000,8.7,RENT,C,medical,12900,5.4,0.339,7,1,0
103474,33,83000,0.7,RENT,C,medical,11700,8.05,0.141,17,0,0
103475,30,59600,2.4,MORTGAGE,C,debt_consolidation,4700,14.55,0.079,12,0,0
103476,38,97800,8.7,MORTGAGE,C,debt_consolidation,7700,6.85,0.079,20,0,0
103477,31,30100,1.9,MORTGAGE,E,home_improvement,4800,13.58,0.159,16,1,0
103478,24,19800,1.2,MORTGAGE,F,credit_card,10300,13.1,0.52,4,0,1
103479,30,41500,3.0,RENT,F,debt_consolidation,4000,7.93,0.096,14,1,1
103480,20,52200,3.3,MORTGAGE,C,medical,6400,14.74,0.123,2,1,1
103481,20,19100,5.8,OWN,C,debt_consolidation,11500,11.21,0.602,7,0,0
103482,34,36900,2.5,RENT,D,debt_consolidation,5400,10.97,0.146,17,0,0
103483,36,104400,0.2,MORTGAGE,E,small_business,6500,7.36,0.062,14,0,0
103484,30,69100,5.6,MORTGAGE,C,home_improvement,4900,16.17,0.071,11,0,0
103485,26,55600,0.1,MORTGAGE,D,credit_card,9300,7.21,0.167,5,1,1
103486,20,28800,8.6,RENT,D,small_business,7500,7.17,0.26,6,0,0
103487,37,102500,4.2,RENT,D,education,5400,12.01,0.053,18,0,0
103488,32,41000,0.4,MORTGAGE,D,debt_consolidation,5700,7.97,0.139,17,0,0
103489,31,54300,3.1,MORTGAGE,B,home_improvement,8800,18.94,0.162,15,0,0
103490,29,64500,5.2,MORTGAGE,C,debt_consolidation,4500,7.94,0.07,9,0,1
103491,26,56600,0.6,MORTGAGE,C,credit_card,7900,14.36,0.14,5,1,0
103492,21,117100,1.5,RENT,A,credit_card,8300,17.41,0.071,5,0,0
103493,31,70700,3.0,MORTGAGE,E,credit_card,8800,14.08,0.124,12,0,1
103494,25,62100,2.6,MORTGAGE,C,debt_consolidation,6100,8.78,0.098,7,0,0
103495,26,49100,4.0,OTHER,A,medical,11300,12.74,0.23,8,0,0
103496,41,65400,0.6,MORTGAGE,E,credit_card,13800,16.38,0.211,17,0,0
103497,29,45900,10.7,RENT,D,education,11600,6.1,0.253,11,0,0
103498,20,57200,4.6,MORTGAGE,D,credit_card,9100,15.45,0.159,4,0,0
103499,25,42700,1.4,MORTGAGE,B,medical,3700,13.27,0.087,3,1,0
103500,22,39200,2.2,RENT,E,credit_card,20400,18.3,0.52,6,0,1
103501,28,31100,0.7,MORTGAGE,C,credit_card,8400,13.04,0.27,10,0,1
103502,20,44400,2.9,RENT,C,small_business,9600,12.05,0.216,2,0,0
103503,32,42800,3.1,RENT,A,medical,5500,13.96,0.129,15,0,0
103504,27,140900,9.2,MORTGAGE,D,credit_card,7200,7.04,0.051,9,1,0
103505,26,88900,3.7,RENT,D,credit_card,15500,8.56,0.174,11,0,0
103506,30,47900,4.3,MORTGAGE,C,home_improvement,12500,11.75,0.261,11,0,0
103507,28,40800,5.5,MORTGAGE,C,home_improvement,6800,9.61,0.167,13,0,1
103508,28,72300,6.7,MORTGAGE,E,credit_card,18800,9.3,0.26,10,0,0
103509,27,150000,6.1,MORTGAGE,D,small_business,4700,18.84,0.031,10,0,0
103510,29,79900,1.2,MORTGAGE,B,credit_card,3200,17.96,0.04,10,0,0
103511,31,20000,2.1,RENT,F,credit_card,2800,5.4,0.14,11,0,1
103512,31,82800,0.4,OWN,D,home_improvement,12500,11.64,0.151,15,0,0
103513,37,91300,1.0,RENT,G,venture,5500,7.21,0.06,19,0,1
103514,25,172700,4.5,MORTGAGE,G,debt_consolidation,7500,15.64,0.043,6,0,1
103515,31,45000,4.0,MORTGAGE,F,debt_consolidation,14800,12.3,0.329,15,0,0
103516,46,55600,0.2,RENT,D,debt_consolidation,9700,16.77,0.174,31,0,0
103517,29,66000,2.8,MORTGAGE,C,small_business,4200,8.4,0.064,10,1,0
103518,29,33900,1.5,MORTGAGE,A,credit_card,19800,8.08,0.584,14,0,0
103519,20,32200,1.0,RENT,C,credit_card,6900,10.71,0.214,2,1,1
103520,24,64200,3.2,RENT,D,debt_consolidation,7800,9.35,0.121,6,0,0
103521,28,22100,0.5,RENT,C,education,5500,11.17,0.249,12,0,0
103522,33,25000,7.4,OTHER,E,credit_card,4400,15.77,0.176,8,0,0
103523,34,80700,1.0,MORTGAGE,A,home_improvement,9200,13.18,0.114,14,0,0
103524,31,67800,4.1,RENT,B,debt_consolidation,3700,10.43,0.055,12,0,0
103525,35,102500,0.6,MORTGAGE,C,debt_consolidation,7700,11.69,0.075,18,0,0
103526,22,66500,0.6,MORTGAGE,C,debt_consolidation,19400,5.8,0.292,4,0,1
103527,32,51800,6.9,MORTGAGE,A,credit_card,12200,5.4,0.236,9,0,0
103528,29,104700,1.6,MORTGAGE,A,credit_card,9100,15.86,0.087,10,1,1
103529,30,40800,0.7,RENT,E,debt_consolidation,4400,8.76,0.108,9,0,0
103530,26,42900,0.4,RENT,C,credit_card,7800,16.66,0.182,7,0,0
103531,22,49700,4.0,MORTGAGE,A,debt_consolidation,5200,10.4,0.105,3,0,0
103532,20,66000,7.6,MORTGAGE,A,credit_card,17900,11.98,0.271,2,0,0
103533,31,49700,7.1,MORTGAGE,C,debt_consolidation,6200,14.49,0.125,12,0,0
103534,32,22800,0.3,RENT,A,debt_consolidation,5300,14.91,0.232,14,0,0
103535,28,44500,0.4,MORTGAGE,D,debt_consolidation,7200,9.65,0.162,9,0,0
103536,29,50600,1.5,RENT,E,small_business,5300,11.76,0.105,12,0,0
103537,24,54900,9.9,MORTGAGE,B,education,9200,11.43,0.168,3,0,1
103538,33,40200,0.5,RENT,C,home_improvement,22100,12.86,0.55,15,1,1
103539,29,68100,1.1,MORTGAGE,A,debt_consolidation,8100,12.2,0.119,9,0,0
103540,26,21300,0.3,OTHER,B,venture,4900,8.87,0.23,7,0,1
103541,35,64800,4.4,RENT,E,venture,7400,12.04,0.114,17,0,0
103542,34,138100,0.7,MORTGAGE,C,credit_card,4000,6.23,0.029,14,1,0
103543,20,36900,2.4,MORTGAGE,E,debt_consolidation,39400,11.51,0.9,2,0,1
103544,29,53200,0.0,RENT,B,small_business,21800,11.93,0.41,10,1,0
103545,22,45000,5.1,RENT,B,venture,16100,7.97,0.358,8,0,1
103546,30,45400,6.8,MORTGAGE,C,medical,12200,10.48,0.269,13,0,1
103547,20,29300,7.6,RENT,C,home_improvement,7400,9.65,0.253,3,0,0
103548,30,154100,0.8,RENT,G,home_improvement,7500,9.72,0.049,10,0,0
103549,34,63700,3.8,OWN,A,venture,7200,14.23,0.113,11,0,0
103550,28,35600,0.6,MORTGAGE,E,debt_consolidation,29900,13.16,0.84,9,0,0
103551,21,33500,8.1,MORTGAGE,E,debt_consolidation,7300,14.96,0.218,2,0,0
103552,43,53300,3.4,MORTGAGE,C,medical,5900,18.98,0.111,25,0,1
103553,37,15600,9.1,MORTGAGE,B,debt_consolidation,7700,15.45,0.494,19,0,1
103554,25,92000,6.4,MORTGAGE,C,credit_card,10800,5.97,0.117,7,1,0
103555,27,38800,4.3,RENT,B,debt_consolidation,1200,9.14,0.031,9,0,0
103556,20,63800,6.9,RENT,E,debt_consolidation,10100,16.33,0.158,2,0,0
103557,32,65500,0.5,MORTGAGE,C,debt_consolidation,2000,10.08,0.031,12,0,0
103558,20,87600,1.5,OWN,F,credit_card,18200,9.84,0.208,3,1,0
103559,34,67600,2.1,RENT,D,credit_card,3100,12.7,0.046,20,1,0
103560,36,77600,3.6,OWN,C,credit_card,5200,10.48,0.067,18,0,0
103561,29,90300,0.1,MORTGAGE,D,debt_consolidation,2800,17.65,0.031,12,1,0
103562,22,43000,2.6,MORTGAGE,C,venture,21800,10.92,0.507,8,1,1
103563,38,168300,7.0,RENT,F,home_improvement,8000,20.18,0.048,20,0,0
103564,29,62600,3.1,RENT,B,venture,27600,9.48,0.441,9,0,0
103565,30,50700,8.7,MORTGAGE,G,credit_card,24200,9.13,0.477,13,0,0
103566,22,32400,1.0,RENT,E,debt_consolidation,16100,8.49,0.497,7,0,0
103567,30,46000,1.7,RENT,E,medical,3700,8.67,0.08,14,0,0
103568,28,64300,6.9,RENT,C,medical,8900,14.1,0.138,10,0,0
103569,20,54300,1.1,OWN,E,debt_consolidation,17200,6.66,0.317,2,0,1
103570,38,140800,3.0,RENT,B,home_improvement,10000,7.88,0.071,17,0,0
103571,41,41600,7.9,MORTGAGE,D,home_improvement,6600,13.37,0.159,24,0,1
103572,36,74900,5.6,RENT,A,debt_consolidation,9800,5.4,0.131,17,1,0
103573,35,27700,2.8,RENT,B,credit_card,10400,6.2,0.375,17,0,0
103574,41,171200,0.2,RENT,C,debt_consolidation,3600,11.31,0.021,25,0,0
103575,22,26700,22.2,MORTGAGE,B,debt_consolidation,5900,12.97,0.221,2,1,0
103576,22,161300,1.7,MORTGAGE,B,education,11600,10.29,0.072,3,1,1
103577,26,47800,3.1,RENT,E,credit_card,13100,13.07,0.274,10,0,0
103578,31,15100,0.1,MORTGAGE,B,medical,9300,8.4,0.616,10,1,0
103579,27,108400,1.3,RENT,D,small_business,6500,16.95,0.06,11,1,1
103580,22,53900,1.5,MORTGAGE,A,venture,7300,14.78,0.135,5,0,0
103581,29,40200,8.6,RENT,D,credit_card,5400,8.57,0.134,11,1,0
103582,28,73300,0.2,OWN,E,credit_card,7700,10.82,0.105,10,0,0
103583,35,74300,8.0,OWN,C,debt_consolidation,12900,5.4,0.174,18,0,0
103584,29,64700,7.7,MORTGAGE,D,home_improvement,30800,14.85,0.476,12,0,1
103585,20,96200,3.0,RENT,F,credit_card,4200,6.89,0.044,2,0,0
103586,32,59200,0.1,MORTGAGE,E,small_business,16300,9.56,0.275,17,0,1
103587,40,73700,0.9,MORTGAGE,B,credit_card,10000,10.45,0.136,22,0,0
103588,29,38700,5.4,MORTGAGE,C,debt_consolidation,3400,6.54,0.088,13,0,0
103589,36,78500,3.5,RENT,D,education,7700,8.5,0.098,19,0,0
103590,25,38800,2.8,MORTGAGE,B,medical,7300,12.84,0.188,11,0,0
103591,33,27800,10.5,RENT,E,credit_card,8100,9.71,0.291,14,0,1
103592,24,46000,8.9,MORTGAGE,B,small_business,14400,14.64,0.313,9,0,0
103593,27,44300,3.5,RENT,E,credit_card,24000,14.17,0.542,7,0,1
103594,27,85800,4.5,MORTGAGE,A,small_business,16500,8.44,0.192,10,0,0
103595,32,23200,3.4,RENT,A,credit_card,9100,9.87,0.392,16,0,0
103596,23,94000,1.3,RENT,G,credit_card,9700,9.87,0.103,5,0,1
103597,20,36600,2.6,RENT,E,debt_consolidation,25400,10.05,0.694,2,0,0
103598,32,13300,1.8,OWN,E,debt_consolidation,4500,16.81,0.338,14,0,1
103599,32,26500,18.3,MORTGAGE,F,medical,16000,12.19,0.604,13,1,1
103600,30,43500,9.3,MORTGAGE,C,credit_card,4300,5.53,0.099,14,0,1
103601,36,65800,1.8,MORTGAGE,B,debt_consolidation,3500,9.14,0.053,16,0,0
103602,28,47900,3.1,MORTGAGE,A,debt_consolidation,11500,9.84,0.24,9,1,0
103603,31,26500,1.6,RENT,C,credit_card,3300,13.02,0.125,12,0,0
103604,27,33600,9.2,MORTGAGE,B,small_business,6500,17.99,0.193,8,0,0
103605,27,26700,2.4,RENT,F,credit_card,17300,14.33,0.648,9,1,1
103606,31,59400,0.1,MORTGAGE,A,small_business,4900,11.13,0.082,14,0,0
103607,45,49000,1.3,RENT,A,medical,21800,8.44,0.445,28,0,1
103608,34,72200,1.0,OWN,B,credit_card,2300,16.62,0.032,13,0,0
103609,33,19500,0.9,MORTGAGE,B,medical,14400,10.43,0.738,13,0,0
103610,34,38400,0.8,RENT,B,debt_consolidation,3800,6.39,0.099,15,0,0
103611,20,157300,2.9,MORTGAGE,D,credit_card,7300,12.79,0.046,2,1,1
103612,31,73300,0.5,RENT,B,debt_consolidation,9100,7.05,0.124,11,0,0
103613,35,43800,1.5,RENT,C,debt_consolidation,6900,13.87,0.158,16,0,0
103614,30,29900,6.2,OWN,E,debt_consolidation,7000,10.08,0.234,15,0,1
103615,29,94800,0.7,MORTGAGE,C,debt_consolidation,3600,10.4,0.038,12,1,0
103616,22,119700,4.2,MORTGAGE,D,medical,17600,5.4,0.147,2,1,0
103617,26,27400,5.0,MORTGAGE,B,credit_card,4100,15.38,0.15,9,0,0
103618,23,28900,1.5,RENT,A,venture,4100,7.26,0.142,4,0,0
103619,36,60100,10.0,RENT,B,credit_card,7700,8.9,0.128,22,0,0
103620,40,63200,1.1,MORTGAGE,F,home_improvement,5500,12.19,0.087,21,0,0
103621,43,67200,6.9,MORTGAGE,D,debt_consolidation,12900,10.97,0.192,24,0,0
103622,23,142000,1.0,RENT,B,credit_card,6000,19.77,0.042,4,0,0
103623,24,30200,0.9,RENT,C,credit_card,8100,5.4,0.268,4,0,0
103624,24,52700,0.3,RENT,E,education,8600,10.12,0.163,7,0,1
103625,22,76600,5.8,RENT,D,education,13800,14.33,0.18,4,0,0
103626,22,76200,2.0,RENT,C,debt_consolidation,6100,9.91,0.08,5,0,0
103627,25,36100,1.3,RENT,E,home_improvement,3200,11.49,0.089,7,0,0
103628,35,36900,5.5,MORTGAGE,D,home_improvement,5200,20.81,0.141,17,1,0
103629,24,40000,10.0,RENT,D,credit_card,15100,11.74,0.378,9,0,0
103630,36,131500,10.8,RENT,B,debt_consolidation,9800,16.54,0.075,19,0,0
103631,39,30100,4.0,MORTGAGE,A,home_improvement,6600,13.84,0.219,17,0,0
103632,31,43100,6.3,MORTGAGE,F,medical,8400,14.15,0.195,14,0,0
103633,38,78900,1.3,RENT,C,credit_card,7000,10.79,0.089,22,1,0
103634,20,28300,0.1,RENT,C,credit_card,12500,5.64,0.442,2,0,0
103635,25,59400,0.5,MORTGAGE,C,debt_consolidation,9800,15.42,0.165,5,0,0
103636,30,18100,4.9,RENT,A,education,7000,13.5,0.387,13,0,0
103637,31,57300,21.9,RENT,E,debt_consolidation,13400,13.43,0.234,15,1,1
103638,39,53000,25.0,RENT,B,debt_consolidation,15500,10.96,0.292,21,1,0
103639,22,56400,0.3,RENT,E,debt_consolidation,4900,9.17,0.087,5,0,0
103640,25,32000,1.1,MORTGAGE,C,medical,4900,16.26,0.153,10,0,0
103641,28,58400,0.2,MORTGAGE,B,small_business,30300,12.68,0.519,9,0,1
103642,25,50400,8.5,RENT,A,debt_consolidation,11400,5.4,0.226,5,0,0
103643,22,105300,1.0,RENT,E,debt_consolidation,20300,11.31,0.193,3,1,1
103644,26,73200,1.7,OWN,A,small_business,13200,10.41,0.18,8,0,0
103645,27,23200,0.8,MORTGAGE,A,credit_card,10400,5.4,0.448,10,0,0
103646,39,32600,0.0,OTHER,D,debt_consolidation,2500,8.81,0.077,23,0,0
103647,22,36700,1.7,MORTGAGE,B,venture,4100,20.85,0.112,7,0,0
103648,35,56900,0.0,RENT,B,debt_consolidation,11600,5.4,0.204,17,1,0
103649,38,47000,5.0,RENT,B,credit_card,4900,7.34,0.104,17,0,0
103650,25,46900,2.6,RENT,E,debt_consolidation,7500,5.4,0.16,5,0,0
103651,31,242700,0.6,MORTGAGE,B,small_business,13400,5.8,0.055,13,0,0
103652,33,38900,8.1,RENT,B,medical,8700,5.4,0.224,18,0,0
103653,32,110700,7.4,MORTGAGE,B,credit_card,10100,7.24,0.091,15,0,0
103654,30,47500,2.1,MORTGAGE,B,home_improvement,17400,17.68,0.366,10,1,0
103655,24,15500,0.4,MORTGAGE,B,education,18400,14.76,0.9,5,0,0
103656,34,57300,0.1,MORTGAGE,A,medical,7900,10.57,0.138,15,0,0
103657,26,95400,4.9,RENT,A,credit_card,16300,17.53,0.171,8,0,0
103658,29,73000,8.5,RENT,C,credit_card,4800,9.79,0.066,10,1,1
103659,30,59300,0.7,MORTGAGE,E,education,9200,8.06,0.155,10,0,0
103660,35,52200,10.8,MORTGAGE,A,debt_consolidation,11100,9.94,0.213,15,0,0
103661,42,39300,4.8,MORTGAGE,B,debt_consolidation,7600,5.8,0.193,24,0,0
103662,24,84400,4.3,MORTGAGE,F,debt_consolidation,7200,5.4,0.085,6,1,1
103663,29,40600,0.7,MORTGAGE,E,medical,4400,13.88,0.108,9,0,0
103664,20,36200,9.4,RENT,D,debt_consolidation,7900,12.69,0.218,3,1,0
103665,39,64600,8.0,RENT,B,debt_consolidation,3300,6.87,0.051,25,0,0
103666,29,43700,0.3,OWN,C,home_improvement,7500,13.18,0.172,11,0,1
103667,27,104200,0.9,MORTGAGE,B,debt_consolidation,8400,13.33,0.081,10,0,0
103668,29,66600,9.4,MORTGAGE,A,debt_consolidation,12200,9.32,0.183,8,0,1
103669,30,33600,9.6,RENT,B,credit_card,4200,8.07,0.125,13,0,0
103670,24,27500,1.6,MORTGAGE,C,debt_consolidation,9800,14.35,0.356,5,0,0
103671,37,37600,0.1,RENT,B,venture,11100,13.11,0.295,21,0,0
103672,34,186400,5.0,RENT,C,debt_consolidation,8000,17.76,0.043,20,1,1
103673,34,45200,2.5,RENT,B,medical,10400,13.07,0.23,15,1,0
103674,24,78200,1.9,MORTGAGE,B,credit_card,9400,5.4,0.12,5,0,0
103675,24,25100,9.4,RENT,E,debt_consolidation,1900,5.98,0.076,7,1,1
103676,28,28400,1.2,RENT,E,debt_consolidation,4900,10.72,0.173,7,1,1
103677,35,46500,6.5,RENT,B,credit_card,26300,14.41,0.566,17,0,0
103678,33,131300,2.0,RENT,C,credit_card,11600,12.66,0.088,14,0,0
103679,24,25300,1.7,MORTGAGE,B,debt_consolidation,5800,9.28,0.229,6,1,0
103680,34,36400,15.0,MORTGAGE,A,venture,9900,5.44,0.272,12,0,0
103681,22,84600,0.2,MORTGAGE,D,credit_card,12000,16.79,0.142,5,0,1
103682,24,123700,4.7,RENT,A,education,18900,16.62,0.153,11,0,0
103683,30,65600,1.1,MORTGAGE,C,debt_consolidation,6500,6.43,0.099,11,0,0
103684,21,74700,15.8,RENT,C,debt_consolidation,5800,13.89,0.078,2,0,0
103685,22,31500,0.2,MORTGAGE,B,home_improvement,6200,12.42,0.197,6,0,0
103686,40,24900,5.7,OWN,A,debt_consolidation,5900,13.96,0.237,20,0,0
103687,39,27400,2.0,MORTGAGE,B,debt_consolidation,5800,16.96,0.212,21,0,0
103688,45,31900,0.9,OWN,F,debt_consolidation,9000,16.63,0.282,26,0,1
103689,32,58300,5.2,RENT,C,debt_consolidation,6400,13.32,0.11,11,0,0
103690,34,26300,8.3,MORTGAGE,B,small_business,7800,10.62,0.297,17,0,0
103691,28,59100,5.3,MORTGAGE,A,debt_consolidation,22700,10.42,0.384,9,0,1
103692,27,43300,1.2,MORTGAGE,C,venture,4800,10.71,0.111,6,0,1
103693,35,37800,5.5,MORTGAGE,A,debt_consolidation,9800,21.33,0.259,18,0,0
103694,39,83800,0.6,RENT,C,credit_card,4300,11.66,0.051,27,0,0
103695,35,30400,0.9,MORTGAGE,D,credit_card,13500,14.31,0.444,19,1,1
103696,23,113500,2.8,MORTGAGE,C,credit_card,15000,13.0,0.132,5,0,1
103697,32,81400,0.0,MORTGAGE,B,education,5000,7.94,0.061,20,0,0
103698,24,29900,1.1,RENT,A,medical,5500,13.22,0.184,2,0,0
103699,27,99800,10.0,RENT,A,debt_consolidation,11700,9.12,0.117,10,0,0
103700,40,28000,0.7,OWN,C,credit_card,7000,8.09,0.25,26,0,0
103701,21,104900,6.4,RENT,E,medical,17700,13.64,0.169,2,1,0
103702,44,61900,8.1,RENT,B,debt_consolidation,4200,6.95,0.068,27,1,0
103703,33,21600,1.8,RENT,C,credit_card,14700,14.66,0.681,14,0,1
103704,26,25300,3.6,MORTGAGE,D,debt_consolidation,27700,13.55,0.9,7,1,1
103705,29,41200,7.9,MORTGAGE,A,credit_card,10100,16.05,0.245,12,0,0
103706,24,83100,0.5,OWN,A,credit_card,5700,13.23,0.069,2,0,0
103707,25,46900,6.7,MORTGAGE,B,credit_card,5300,8.06,0.113,5,0,0
103708,30,46300,8.5,RENT,D,education,7400,15.51,0.16,12,0,0
103709,27,52700,11.1,RENT,C,credit_card,11800,15.7,0.224,5,0,1
103710,22,17200,3.3,RENT,D,education,3600,14.72,0.209,3,1,0
103711,27,81100,10.1,MORTGAGE,E,small_business,6800,14.14,0.084,6,0,0
103712,20,107700,3.7,OWN,D,credit_card,8700,6.18,0.081,2,1,0
103713,20,79600,0.9,RENT,G,credit_card,19000,14.58,0.239,4,0,1
103714,20,40800,4.7,RENT,D,credit_card,22600,7.0,0.554,2,0,1
103715,41,31700,2.5,MORTGAGE,E,medical,7500,9.26,0.237,23,0,0
103716,32,28400,7.1,MORTGAGE,E,debt_consolidation,4400,8.51,0.155,13,1,0
103717,33,27600,4.2,MORTGAGE,D,education,8800,5.85,0.319,16,0,0
103718,29,179100,2.6,MORTGAGE,E,home_improvement,8900,12.14,0.05,10,0,0
103719,33,49300,2.8,RENT,F,home_improvement,15600,11.39,0.316,13,1,1
103720,37,84800,2.9,MORTGAGE,C,credit_card,6300,16.28,0.074,21,0,0
103721,32,82200,9.4,RENT,D,credit_card,4700,15.84,0.057,13,0,0
103722,40,55700,2.2,MORTGAGE,C,home_improvement,8100,12.14,0.145,25,0,0
103723,29,30900,2.7,RENT,E,home_improvement,6700,14.34,0.217,10,0,1
103724,33,68500,4.5,MORTGAGE,C,debt_consolidation,6600,11.12,0.096,17,0,0
103725,34,28400,3.1,OWN,E,home_improvement,5000,11.1,0.176,17,1,1
103726,22,71800,5.4,MORTGAGE,E,credit_card,4100,11.95,0.057,5,0,0
103727,29,29100,4.8,RENT,F,home_improvement,11300,10.96,0.388,12,1,1
103728,20,40500,8.2,OWN,B,credit_card,9400,12.26,0.232,3,0,0
103729,28,40500,15.6,RENT,D,debt_consolidation,5200,13.89,0.128,13,0,0
103730,27,111200,13.7,MORTGAGE,D,small_business,12700,7.11,0.114,7,0,0
103731,27,13500,1.5,RENT,F,credit_card,2900,10.03,0.215,12,0,0
103732,26,185700,0.8,MORTGAGE,F,credit_card,6500,14.29,0.035,7,0,1
103733,33,33100,2.1,RENT,C,home_improvement,9100,9.5,0.275,11,0,1
103734,23,48200,4.7,RENT,C,home_improvement,14900,9.58,0.309,6,0,0
103735,42,64700,2.4,OWN,A,small_business,6000,15.16,0.093,26,0,0
103736,33,61700,5.4,MORTGAGE,G,debt_consolidation,15000,8.84,0.243,16,0,0
103737,23,82000,4.3,RENT,B,debt_consolidation,5700,13.06,0.07,4,0,0
103738,34,72100,5.0,RENT,D,home_improvement,12700,12.04,0.176,14,0,0
103739,36,158000,25.0,RENT,E,debt_consolidation,20400,14.7,0.129,17,0,0
103740,32,77100,4.9,RENT,C,debt_consolidation,4700,11.26,0.061,14,0,0
103741,22,48300,8.8,MORTGAGE,B,debt_consolidation,8800,8.65,0.182,3,0,1
103742,45,38000,0.1,MORTGAGE,B,debt_consolidation,10900,9.15,0.287,25,0,0
103743,33,37500,4.0,OWN,E,venture,4100,17.46,0.109,14,0,1
103744,20,105000,8.2,MORTGAGE,C,debt_consolidation,10300,9.58,0.098,2,1,0
103745,30,135300,3.6,OWN,A,debt_consolidation,5900,9.34,0.044,11,1,0
103746,27,89500,9.5,MORTGAGE,D,education,5100,9.84,0.057,10,0,1
103747,29,12000,10.8,RENT,B,venture,6400,10.53,0.533,9,0,0
103748,21,15000,4.5,MORTGAGE,E,debt_consolidation,6200,10.03,0.413,4,0,1
103749,29,51300,0.8,RENT,B,education,12600,13.53,0.246,10,0,0
103750,23,47000,10.6,RENT,B,debt_consolidation,8100,11.87,0.172,6,1,0
103751,27,52100,6.7,MORTGAGE,A,small_business,28900,9.38,0.555,7,0,0
103752,32,102600,19.9,MORTGAGE,C,debt_consolidation,6000,14.1,0.058,14,0,0
103753,26,99800,0.4,RENT,C,credit_card,10500,12.51,0.105,6,0,0
103754,27,56700,1.0,RENT,D,debt_consolidation,7500,16.28,0.132,10,0,0
103755,35,22300,0.0,RENT,C,small_business,4000,12.64,0.179,13,0,0
103756,23,26200,1.8,MORTGAGE,B,debt_consolidation,19400,11.04,0.74,5,0,1
103757,24,53500,5.9,RENT,B,credit_card,8700,10.77,0.163,3,0,0
103758,20,64800,0.7,OWN,B,small_business,5300,12.02,0.082,2,0,0
103759,23,26400,1.4,MORTGAGE,F,debt_consolidation,10100,12.82,0.383,4,0,1
103760,30,74100,1.3,RENT,A,education,14300,11.49,0.193,13,0,0
103761,33,19700,3.0,MORTGAGE,G,credit_card,5100,9.91,0.259,12,0,0
103762,23,12000,4.3,OWN,B,debt_consolidation,8300,13.76,0.692,2,1,1
103763,33,31800,3.8,MORTGAGE,A,debt_consolidation,14400,13.06,0.453,17,0,1
103764,30,109700,6.0,MORTGAGE,B,debt_consolidation,8900,11.57,0.081,11,0,1
103765,20,119000,3.0,RENT,A,debt_consolidation,11000,13.91,0.092,2,0,0
103766,30,21400,0.5,MORTGAGE,E,credit_card,7000,11.23,0.327,11,0,0
103767,37,22400,1.8,MORTGAGE,C,home_improvement,3400,11.54,0.152,18,0,0
103768,20,78300,4.2,OWN,B,credit_card,7100,13.77,0.091,2,0,0
103769,43,40400,2.8,RENT,D,credit_card,6000,14.38,0.149,25,0,0
103770,25,109300,7.5,MORTGAGE,D,medical,7600,13.85,0.07,4,0,0
103771,20,77600,12.6,RENT,F,debt_consolidation,6000,8.75,0.077,2,0,1
103772,30,85300,2.9,RENT,F,home_improvement,8900,12.85,0.104,11,0,1
103773,35,32800,2.4,RENT,D,education,6700,11.66,0.204,17,0,0
103774,27,65800,1.3,RENT,E,debt_consolidation,12600,12.91,0.191,11,0,1
103775,31,156200,0.7,MORTGAGE,E,home_improvement,11400,18.06,0.073,15,0,0
103776,44,55700,7.7,RENT,C,venture,4900,10.74,0.088,29,0,0
103777,30,50300,1.0,MORTGAGE,D,credit_card,16200,11.58,0.322,8,1,0
103778,50,40600,0.8,MORTGAGE,A,venture,5400,9.47,0.133,33,0,0
103779,38,21400,1.1,RENT,D,debt_consolidation,4400,10.81,0.206,21,0,0
103780,29,28200,5.4,MORTGAGE,F,credit_card,14500,9.06,0.514,10,0,1
103781,31,31600,1.6,RENT,A,debt_consolidation,5900,7.64,0.187,13,0,0
103782,27,20900,6.1,RENT,E,debt_consolidation,8600,5.4,0.411,12,0,1
103783,31,22100,0.5,OWN,F,venture,4000,9.0,0.181,13,1,0
103784,33,13400,0.7,RENT,B,debt_consolidation,6600,9.24,0.493,18,0,0
103785,26,33500,1.9,RENT,C,venture,7600,11.29,0.227,8,0,1
103786,20,74700,0.8,MORTGAGE,F,home_improvement,6500,9.56,0.087,3,0,0
103787,38,43300,10.5,RENT,F,education,6100,15.22,0.141,22,1,1
103788,36,43400,1.0,RENT,A,venture,8300,12.32,0.191,16,1,0
103789,20,78600,4.2,MORTGAGE,B,credit_card,14000,14.17,0.178,3,0,0
103790,30,130500,9.4,MORTGAGE,D,venture,4800,15.04,0.037,11,0,0
103791,36,179900,4.5,MORTGAGE,B,small_business,2000,16.49,0.011,20,0,0
103792,35,55800,6.9,OWN,B,credit_card,16000,15.0,0.287,16,0,0
103793,24,44100,3.3,RENT,A,home_improvement,5600,8.32,0.127,5,1,0
103794,36,41100,5.5,MORTGAGE,A,debt_consolidation,5900,14.59,0.144,16,1,0
103795,29,71300,0.7,RENT,C,debt_consolidation,6000,12.65,0.084,11,0,0
103796,32,47300,5.7,RENT,D,debt_consolidation,3900,16.35,0.082,15,0,0
103797,23,47400,9.9,OWN,D,credit_card,6500,11.59,0.137,5,0,1
103798,20,49100,5.2,MORTGAGE,D,debt_consolidation,6900,15.62,0.141,6,0,0
103799,24,30700,1.2,RENT,C,credit_card,10300,11.86,0.336,5,1,1
103800,33,14300,5.8,RENT,B,home_improvement,6000,12.0,0.42,13,0,0
103801,28,35700,2.4,RENT,A,home_improvement,2100,13.9,0.059,10,0,0
103802,34,114900,4.3,MORTGAGE,B,education,3900,10.37,0.034,17,0,0
103803,37,111900,3.2,RENT,B,venture,15000,13.49,0.134,16,0,1
103804,27,86400,9.1,OWN,A,education,5100,6.03,0.059,12,0,0
103805,26,39300,1.0,RENT,A,home_improvement,10900,13.24,0.277,7,0,0
103806,20,33400,1.7,RENT,A,debt_consolidation,5500,6.92,0.165,5,0,0
103807,20,125900,14.6,OWN,D,venture,12700,13.5,0.101,5,0,0
103808,20,28400,3.4,OWN,D,debt_consolidation,8600,5.4,0.303,3,1,0
103809,33,52700,0.8,RENT,F,debt_consolidation,3600,5.4,0.068,15,0,0
103810,27,130500,1.4,MORTGAGE,E,debt_consolidation,4300,11.69,0.033,7,0,1
103811,25,55200,0.3,OWN,C,home_improvement,3600,11.75,0.065,6,0,0
103812,24,43900,5.5,MORTGAGE,A,small_business,13400,10.59,0.305,4,0,0
103813,24,97500,0.8,MORTGAGE,C,debt_consolidation,4100,14.1,0.042,4,0,0
103814,35,53600,1.2,MORTGAGE,A,medical,6600,14.86,0.123,18,0,0
103815,30,57400,15.0,OWN,C,debt_consolidation,7800,20.61,0.136,13,0,1
103816,36,118600,0.1,MORTGAGE,B,debt_consolidation,9200,11.66,0.078,15,1,0
103817,20,12700,2.8,RENT,C,debt_consolidation,6300,15.22,0.496,2,0,1
103818,33,62800,1.0,MORTGAGE,B,debt_consolidation,3400,8.52,0.054,13,0,0
103819,26,33800,4.1,MORTGAGE,D,small_business,4200,9.53,0.124,11,0,0
103820,27,46000,12.5,MORTGAGE,E,debt_consolidation,4500,8.54,0.098,5,0,0
103821,38,54800,9.7,RENT,D,debt_consolidation,1900,11.1,0.035,24,0,0
103822,26,35500,1.9,MORTGAGE,D,debt_consolidation,10300,12.3,0.29,9,0,1
103823,32,58400,0.7,RENT,C,medical,10700,15.25,0.183,9,0,0
103824,22,63700,2.3,OWN,A,venture,4500,12.74,0.071,3,0,0
103825,29,57600,4.7,RENT,D,home_improvement,16600,16.31,0.288,12,0,1
103826,20,54800,0.0,MORTGAGE,C,home_improvement,7600,16.37,0.139,2,0,1
103827,29,48300,5.6,MORTGAGE,B,education,12900,11.65,0.267,10,0,0
103828,32,48800,3.6,RENT,B,debt_consolidation,12400,11.12,0.254,19,0,0
103829,37,53800,13.7,MORTGAGE,F,debt_consolidation,7500,6.01,0.139,18,0,1
103830,23,30700,8.1,RENT,D,credit_card,2700,9.55,0.088,3,0,1
103831,25,103600,3.9,MORTGAGE,C,debt_consolidation,9000,8.59,0.087,9,0,1
103832,24,49000,6.4,MORTGAGE,D,credit_card,10800,8.74,0.22,3,0,1
103833,27,41300,2.8,RENT,C,credit_card,5700,9.97,0.138,10,1,1
103834,22,64100,0.4,MORTGAGE,C,debt_consolidation,8900,13.39,0.139,5,0,1
103835,20,48400,2.0,OWN,B,credit_card,8000,12.54,0.165,6,0,0
103836,22,102100,0.2,RENT,C,credit_card,4800,15.06,0.047,5,0,1
103837,29,84300,0.3,OWN,D,debt_consolidation,7700,12.89,0.091,11,0,0
103838,28,54200,1.8,RENT,A,education,6100,9.37,0.113,10,0,0
103839,33,86400,1.7,RENT,E,small_business,10000,14.23,0.116,19,0,1
103840,35,58700,2.7,MORTGAGE,B,debt_consolidation,5900,6.57,0.101,17,0,0
103841,26,27300,11.4,RENT,D,debt_consolidation,5500,15.02,0.201,8,0,1
103842,20,84100,1.6,OWN,D,debt_consolidation,3300,8.74,0.039,2,0,0
103843,32,18100,15.5,MORTGAGE,D,debt_consolidation,27300,5.4,0.9,15,0,1
103844,29,12000,5.5,MORTGAGE,C,debt_consolidation,6300,13.46,0.525,10,0,0
103845,27,75700,4.0,MORTGAGE,F,debt_consolidation,4400,10.39,0.058,7,1,1
103846,38,65800,4.0,MORTGAGE,C,medical,11300,15.73,0.172,19,1,0
103847,32,63400,3.3,MORTGAGE,D,medical,9000,14.97,0.142,12,0,0
103848,30,110700,5.0,MORTGAGE,D,medical,11000,7.95,0.099,12,1,0
103849,30,50800,8.0,MORTGAGE,B,home_improvement,11600,16.98,0.228,11,0,0
103850,35,41900,0.3,MORTGAGE,B,small_business,14800,5.4,0.353,17,0,0
103851,24,79900,6.2,RENT,C,small_business,4500,13.17,0.056,6,0,0
103852,23,34800,1.5,MORTGAGE,B,education,8800,16.63,0.253,6,0,0
103853,27,45200,8.1,RENT,B,small_business,3400,7.84,0.075,7,0,0
103854,21,59200,16.4,RENT,B,small_business,6800,19.1,0.115,6,0,0
103855,29,61900,7.8,RENT,C,medical,11700,12.08,0.189,13,0,1
103856,30,42900,2.6,RENT,B,credit_card,5000,12.84,0.117,13,0,0
103857,29,39300,2.7,RENT,E,debt_consolidation,27600,15.73,0.702,12,0,1
103858,26,27800,8.2,MORTGAGE,C,debt_consolidation,8200,13.01,0.295,6,1,0
103859,41,33400,2.8,MORTGAGE,D,credit_card,3000,6.73,0.09,22,0,0
103860,36,140200,6.9,RENT,A,debt_consolidation,11900,5.4,0.085,17,0,0
103861,28,44500,3.6,OWN,C,debt_consolidation,27500,7.99,0.618,7,0,1
103862,30,57200,1.9,OWN,A,debt_consolidation,2400,8.31,0.042,11,0,0
103863,39,22700,0.5,MORTGAGE,D,debt_consolidation,12000,8.09,0.529,26,0,1
103864,25,211000,6.8,RENT,B,venture,4700,9.22,0.022,7,0,0
103865,22,32100,1.5,RENT,F,credit_card,7900,5.4,0.246,7,0,0
103866,31,27000,7.1,RENT,B,debt_consolidation,3900,7.21,0.144,16,1,0
103867,32,49800,2.4,MORTGAGE,C,credit_card,13000,13.47,0.261,12,1,1
103868,32,31500,1.7,MORTGAGE,B,debt_consolidation,6800,15.25,0.216,14,0,0
103869,35,63000,0.9,MORTGAGE,D,home_improvement,15300,8.88,0.243,16,0,0
103870,24,22400,1.0,MORTGAGE,C,home_improvement,4600,13.99,0.205,8,0,0
103871,20,96300,0.5,OWN,B,debt_consolidation,7200,5.4,0.075,3,0,0
103872,25,86400,0.9,MORTGAGE,B,credit_card,2300,12.47,0.027,10,0,0
103873,33,48300,10.6,OWN,A,debt_consolidation,33800,15.76,0.7,15,0,0
103874,23,20700,2.0,MORTGAGE,A,home_improvement,23300,13.36,0.9,7,0,0
103875,20,33000,10.8,RENT,G,education,26900,11.4,0.815,2,0,1
103876,30,53300,2.8,MORTGAGE,C,education,18800,5.4,0.353,9,0,0
103877,25,26500,4.1,RENT,A,debt_consolidation,5900,18.31,0.223,8,0,0
103878,20,29000,2.5,RENT,F,small_business,7900,18.49,0.272,2,1,1
103879,30,91800,1.6,OTHER,A,medical,9500,14.02,0.103,13,0,0
103880,26,56100,0.5,RENT,C,education,10000,16.29,0.178,11,0,1
103881,41,55200,11.4,MORTGAGE,D,debt_consolidation,4400,11.51,0.08,24,0,0
103882,30,68900,3.9,OWN,F,credit_card,4300,14.24,0.062,14,0,1
103883,33,47100,3.8,RENT,D,debt_consolidation,3900,14.52,0.083,17,0,0
103884,29,49900,9.1,RENT,C,debt_consolidation,6400,11.27,0.128,11,1,1
103885,25,66200,1.9,RENT,G,home_improvement,6800,8.52,0.103,6,0,0
103886,26,80400,3.0,MORTGAGE,A,credit_card,6300,14.65,0.078,12,1,0
103887,37,67800,10.7,RENT,G,debt_consolidation,9300,18.26,0.137,20,0,0
103888,34,115100,3.2,RENT,E,medical,3800,15.97,0.033,17,0,0
103889,20,52200,2.5,MORTGAGE,F,credit_card,5100,12.73,0.098,2,0,1
103890,20,24600,0.9,RENT,B,venture,5300,12.45,0.215,2,1,0
103891,21,93800,0.9,MORTGAGE,A,medical,12700,12.66,0.135,4,0,0
103892,36,45000,2.4,RENT,D,education,9000,5.4,0.2,16,0,1
103893,20,33800,0.4,MORTGAGE,C,medical,9800,11.12,0.29,3,0,0
103894,35,76300,14.6,MORTGAGE,C,debt_consolidation,4800,10.72,0.063,16,0,0
103895,32,63200,4.1,RENT,F,debt_consolidation,8300,7.15,0.131,10,0,1
103896,30,25500,4.0,RENT,D,education,5300,15.3,0.208,11,0,0
103897,26,74500,2.5,RENT,B,debt_consolidation,5400,12.51,0.072,10,0,0
103898,37,144500,7.8,RENT,C,credit_card,9900,5.4,0.069,17,0,0
103899,30,61600,6.1,RENT,A,home_improvement,5700,12.35,0.093,17,0,0
103900,20,44800,14.7,MORTGAGE,B,debt_consolidation,7600,16.1,0.17,3,0,0
103901,21,20600,5.4,RENT,A,debt_consolidation,7000,9.36,0.34,7,0,1
103902,20,159200,0.3,RENT,E,credit_card,4200,7.81,0.026,2,1,1
103903,37,38800,7.7,RENT,D,credit_card,5900,6.86,0.152,17,0,0
103904,39,23800,2.4,MORTGAGE,C,home_improvement,6000,11.86,0.252,21,0,0
103905,37,54800,2.1,RENT,B,debt_consolidation,6600,8.89,0.12,16,0,0
103906,28,89700,1.1,MORTGAGE,D,credit_card,3000,6.21,0.033,9,0,0
103907,20,101700,5.3,MORTGAGE,E,debt_consolidation,5400,17.33,0.053,5,0,0
103908,22,35600,8.9,RENT,E,home_improvement,13400,12.23,0.376,3,0,0
103909,22,48800,2.1,RENT,C,debt_consolidation,10300,9.61,0.211,2,0,0
103910,29,51500,3.4,RENT,E,debt_consolidation,6500,17.53,0.126,12,0,0
103911,39,88200,4.1,MORTGAGE,C,medical,4200,12.49,0.048,24,1,1
103912,39,71400,3.3,RENT,C,debt_consolidation,8600,11.01,0.12,17,0,0
103913,26,59800,3.3,RENT,E,small_business,13800,12.28,0.231,5,0,1
103914,20,85200,2.4,OWN,B,debt_consolidation,18700,9.6,0.219,2,0,0
103915,21,24400,6.5,MORTGAGE,B,debt_consolidation,6100,11.0,0.25,2,0,0
103916,37,65000,4.6,RENT,B,debt_consolidation,4500,13.6,0.069,19,0,0
103917,31,58200,2.5,OWN,C,education,10600,17.55,0.182,16,1,0
103918,27,50100,3.1,RENT,C,credit_card,9900,9.52,0.198,8,0,0
103919,26,44900,16.3,RENT,D,debt_consolidation,8100,13.76,0.18,9,0,1
103920,24,55500,10.1,RENT,C,credit_card,5700,6.19,0.103,7,0,0
103921,21,37700,7.0,OWN,B,credit_card,3900,13.32,0.103,2,1,0
103922,44,231000,3.3,RENT,E,medical,11700,17.99,0.051,24,0,0
103923,41,108800,3.4,MORTGAGE,B,venture,13300,11.58,0.122,25,0,0
103924,23,94000,2.6,MORTGAGE,F,credit_card,6600,9.42,0.07,5,0,1
103925,20,38500,5.0,MORTGAGE,B,credit_card,20800,9.59,0.54,2,0,1
103926,30,30400,2.5,RENT,C,credit_card,9200,13.24,0.303,12,0,1
103927,28,45900,2.2,RENT,C,venture,7400,11.72,0.161,10,0,0
103928,33,54900,3.2,MORTGAGE,E,credit_card,4200,10.04,0.077,15,0,0
103929,35,23200,2.4,RENT,A,debt_consolidation,3200,13.85,0.138,15,0,0
103930,21,67100,7.8,MORTGAGE,F,venture,6100,8.34,0.091,4,0,0
103931,38,93500,8.6,RENT,C,venture,9900,14.61,0.106,18,0,1
103932,27,15100,6.3,MORTGAGE,C,credit_card,29200,10.37,0.9,14,0,1
103933,33,31400,2.1,MORTGAGE,C,credit_card,8400,13.87,0.268,16,0,1
103934,27,101200,5.7,MORTGAGE,A,small_business,11200,14.52,0.111,10,0,0
103935,35,63300,1.5,MORTGAGE,C,medical,5100,5.4,0.081,15,0,0
103936,20,32000,2.1,RENT,B,credit_card,9100,11.24,0.284,4,0,1
103937,34,77200,7.1,RENT,B,debt_consolidation,8500,6.0,0.11,15,0,0
103938,23,37200,1.6,RENT,D,debt_consolidation,4800,5.4,0.129,6,0,0
103939,30,45300,3.1,MORTGAGE,C,debt_consolidation,16900,10.66,0.373,11,0,0
103940,38,27500,2.2,RENT,A,debt_consolidation,7500,12.61,0.273,16,0,0
103941,23,52000,7.3,RENT,A,medical,14900,5.94,0.287,8,1,0
103942,22,90200,1.2,RENT,B,debt_consolidation,8100,12.48,0.09,5,0,0
103943,26,39600,11.9,RENT,B,credit_card,6800,8.35,0.172,7,1,0
103944,26,73500,4.2,MORTGAGE,C,medical,5300,11.74,0.072,12,0,1
103945,22,50100,11.8,MORTGAGE,A,credit_card,6700,20.61,0.134,4,0,0
103946,30,93300,2.8,RENT,E,debt_consolidation,18100,10.36,0.194,14,1,1
103947,30,39900,2.9,RENT,B,venture,4900,7.4,0.123,9,1,0
103948,32,121200,0.4,MORTGAGE,A,debt_consolidation,11700,11.44,0.097,13,0,0
103949,23,75000,8.8,MORTGAGE,E,education,6800,10.82,0.091,4,1,1
103950,22,58900,8.5,MORTGAGE,B,debt_consolidation,11200,10.26,0.19,2,0,0
103951,28,60100,10.1,MORTGAGE,C,credit_card,9100,11.62,0.151,8,0,0
103952,27,39900,0.3,MORTGAGE,F,home_improvement,3900,10.83,0.098,9,1,1
103953,27,38500,1.3,MORTGAGE,F,credit_card,8900,7.04,0.231,9,0,0
103954,24,59500,3.2,OWN,D,credit_card,26700,14.47,0.449,6,0,1
103955,31,26700,6.0,MORTGAGE,A,debt_consolidation,9600,16.23,0.36,12,1,0
103956,22,37000,4.5,MORTGAGE,C,credit_card,13500,10.16,0.365,6,0,0
103957,28,30800,6.3,MORTGAGE,G,debt_consolidation,9500,12.76,0.308,8,0,0
103958,27,70600,4.5,RENT,F,medical,12500,5.4,0.177,9,0,1
103959,29,71200,1.7,RENT,A,home_improvement,5500,11.43,0.077,10,0,0
103960,37,103500,1.4,OWN,B,credit_card,7600,18.42,0.073,18,0,0
103961,20,42900,0.8,MORTGAGE,B,debt_consolidation,13100,14.38,0.305,2,0,0
103962,20,33000,17.0,RENT,A,credit_card,6700,12.05,0.203,2,0,0
103963,25,23000,0.5,RENT,D,credit_card,14600,11.34,0.635,6,0,1
103964,21,59800,3.6,RENT,B,debt_consolidation,4700,10.42,0.079,4,0,0
103965,20,111100,1.1,RENT,B,home_improvement,8400,13.01,0.076,8,0,0
103966,41,49500,4.4,MORTGAGE,A,debt_consolidation,7000,15.2,0.141,23,0,0
103967,33,52300,2.3,MORTGAGE,C,debt_consolidation,34600,9.69,0.662,16,0,1
103968,34,51400,6.2,MORTGAGE,A,small_business,6500,14.2,0.126,14,0,0
103969,27,59300,4.9,RENT,C,debt_consolidation,10200,8.59,0.172,9,1,0
103970,32,89200,1.1,RENT,A,debt_consolidation,2700,9.93,0.03,14,0,0
103971,26,148100,1.5,RENT,F,home_improvement,4300,7.5,0.029,6,0,0
103972,35,67800,3.4,RENT,A,small_business,9600,12.08,0.142,15,0,0
103973,30,70300,0.6,MORTGAGE,C,debt_consolidation,7000,11.8,0.1,13,1,0
103974,29,45200,2.7,RENT,B,debt_consolidation,7100,12.93,0.157,10,1,0
103975,29,48600,1.5,OWN,A,credit_card,6800,12.61,0.14,9,0,0
103976,39,48200,1.5,MORTGAGE,B,home_improvement,7300,14.1,0.151,24,0,0
103977,30,42100,4.2,RENT,A,credit_card,3200,19.01,0.076,15,0,0
103978,22,55300,2.0,RENT,A,home_improvement,7700,14.14,0.139,2,0,0
103979,31,72700,1.5,RENT,C,small_business,7200,5.4,0.099,15,0,0
103980,32,53400,5.5,RENT,D,venture,14600,10.61,0.273,11,0,1
103981,28,44200,4.1,OWN,A,credit_card,12800,11.37,0.29,8,0,0
103982,29,55200,3.4,MORTGAGE,C,debt_consolidation,1700,5.8,0.031,9,1,0
103983,22,30400,8.5,MORTGAGE,C,debt_consolidation,5400,14.49,0.178,3,0,0
103984,30,80200,4.4,MORTGAGE,B,debt_consolidation,21800,17.94,0.272,12,0,0
103985,20,41100,7.5,OWN,B,credit_card,13300,8.38,0.324,2,0,0
103986,27,27300,6.3,OWN,A,education,10600,16.05,0.388,8,0,1
103987,24,66400,2.5,RENT,B,credit_card,6100,15.36,0.092,4,0,0
103988,36,68300,1.4,RENT,C,debt_consolidation,12200,12.49,0.179,18,1,1
103989,40,32100,2.8,RENT,G,credit_card,3500,14.49,0.109,22,0,1
103990,21,72600,1.4,RENT,G,venture,5900,8.75,0.081,6,0,0
103991,29,73000,1.6,MORTGAGE,G,debt_consolidation,9800,15.64,0.134,7,0,1
103992,27,152700,4.7,RENT,C,medical,11300,16.06,0.074,11,0,0
103993,32,45300,3.6,MORTGAGE,A,medical,9100,13.22,0.201,16,0,0
103994,30,50000,1.2,RENT,B,credit_card,10100,12.6,0.202,11,0,0
103995,26,36900,3.0,MORTGAGE,B,home_improvement,8900,8.64,0.241,7,1,0
103996,30,67600,3.5,RENT,A,credit_card,6800,14.91,0.101,13,0,0
103997,27,51400,0.6,RENT,A,debt_consolidation,16900,11.55,0.329,11,0,0
103998,40,88700,5.4,MORTGAGE,C,credit_card,22400,11.01,0.253,18,1,0
103999,23,40600,3.1,RENT,B,debt_consolidation,7900,14.9,0.195,4,0,0
104000,31,66800,3.6,MORTGAGE,B,small_business,4200,10.46,0.063,14,1,1
104001,33,45200,9.3,OWN,D,medical,7100,8.96,0.157,15,0,0
104002,32,18700,20.5,RENT,B,debt_consolidation,8500,15.42,0.455,14,0,0
104003,27,72800,2.0,RENT,E,credit_card,2400,6.07,0.033,6,0,0
104004,39,19700,5.5,RENT,B,debt_consolidation,16900,14.12,0.858,20,0,1
104005,20,47200,0.5,RENT,C,debt_consolidation,5700,7.07,0.121,2,1,1
104006,21,47600,7.2,OWN,B,home_improvement,5100,5.4,0.107,2,0,0
104007,34,51300,8.4,MORTGAGE,C,debt_consolidation,6700,13.87,0.131,18,0,0
104008,23,52900,3.7,RENT,A,medical,6200,12.67,0.117,4,0,0
104009,22,52600,2.8,MORTGAGE,A,debt_consolidation,8400,9.22,0.16,2,1,0
104010,26,62900,2.6,OWN,C,medical,12500,7.34,0.199,12,0,0
104011,24,48500,0.2,RENT,B,credit_card,16300,12.72,0.336,7,0,0
104012,33,217200,1.2,RENT,A,credit_card,12500,9.81,0.058,15,0,0
104013,35,42700,2.9,MORTGAGE,F,small_business,4800,14.35,0.112,17,1,1
104014,30,26300,6.1,MORTGAGE,A,credit_card,7600,9.43,0.289,11,0,1
104015,36,23700,1.5,RENT,C,debt_consolidation,8600,9.97,0.363,16,0,0
104016,20,74000,8.7,MORTGAGE,C,medical,9600,15.49,0.13,2,0,0
104017,30,21500,4.8,RENT,B,credit_card,10600,7.8,0.493,11,0,0
104018,38,26500,3.5,MORTGAGE,C,debt_consolidation,8500,6.26,0.321,17,0,0
104019,36,24500,0.6,MORTGAGE,A,credit_card,7700,8.13,0.314,20,0,0
104020,39,66300,1.8,RENT,D,home_improvement,13400,12.37,0.202,20,0,0
104021,25,107100,9.5,MORTGAGE,B,home_improvement,7500,18.38,0.07,9,1,0
104022,35,30700,10.7,MORTGAGE,B,medical,13700,12.05,0.446,15,0,0
104023,26,65000,11.0,MORTGAGE,B,credit_card,12700,8.36,0.195,9,0,0
104024,33,12100,6.3,MORTGAGE,F,debt_consolidation,18000,8.52,0.9,12,0,1
104025,38,34200,8.2,RENT,E,debt_consolidation,9100,12.98,0.266,19,1,1
104026,23,71800,1.6,RENT,F,debt_consolidation,17900,5.4,0.249,4,0,1
104027,20,43400,1.1,RENT,D,small_business,6900,5.4,0.159,2,0,1
104028,42,89000,3.5,MORTGAGE,D,debt_consolidation,9800,12.21,0.11,21,0,0
104029,32,15100,1.3,MORTGAGE,C,home_improvement,12300,14.68,0.815,17,0,0
104030,28,34400,0.9,RENT,F,home_improvement,4600,14.78,0.134,10,0,1
104031,28,66100,10.4,OWN,C,medical,6500,12.75,0.098,10,0,0
104032,20,65700,12.7,MORTGAGE,B,debt_consolidation,5600,15.81,0.085,2,0,0
104033,30,68500,1.4,RENT,D,debt_consolidation,7900,10.82,0.115,13,1,0
104034,25,57800,1.6,RENT,C,education,6000,10.14,0.104,9,0,0
104035,29,27500,0.5,MORTGAGE,A,home_improvement,8600,11.31,0.313,9,0,0
104036,29,33600,2.3,RENT,B,credit_card,7800,12.56,0.232,10,0,0
104037,20,184200,0.6,OWN,B,small_business,6900,25.51,0.037,2,0,0
104038,32,25800,11.8,MORTGAGE,E,education,8800,10.79,0.341,13,1,1
104039,30,23700,7.5,RENT,B,debt_consolidation,5600,12.14,0.236,10,0,0
104040,31,74900,8.4,RENT,E,education,5000,17.75,0.067,14,0,0
104041,28,28800,0.1,RENT,C,debt_consolidation,4200,13.5,0.146,12,0,0
104042,29,138100,0.0,MORTGAGE,D,venture,3000,5.45,0.022,11,0,0
104043,30,231900,1.8,RENT,A,debt_consolidation,5600,17.69,0.024,10,0,0
104044,31,45100,0.4,MORTGAGE,F,debt_consolidation,10900,12.67,0.242,11,0,1
104045,32,61100,2.1,MORTGAGE,C,debt_consolidation,7300,5.4,0.119,19,0,0
104046,31,18900,0.9,OWN,B,medical,8200,10.03,0.434,12,0,0
104047,42,90900,6.0,RENT,B,venture,6500,8.91,0.072,25,0,0
104048,24,15000,0.2,RENT,B,debt_consolidation,23500,9.79,0.9,3,0,1
104049,26,24700,0.0,MORTGAGE,B,debt_consolidation,8900,11.37,0.36,6,1,0
104050,41,55000,0.1,RENT,D,debt_consolidation,5900,14.1,0.107,25,0,0
104051,28,69600,0.1,RENT,F,debt_consolidation,4500,16.06,0.065,8,0,0
104052,36,22800,9.7,OTHER,D,medical,20800,16.19,0.9,16,0,1
104053,30,38200,7.1,MORTGAGE,C,debt_consolidation,3700,17.27,0.097,13,0,1
104054,27,20700,16.1,OWN,C,venture,5200,10.78,0.251,8,0,0
104055,36,43300,9.5,RENT,E,education,5200,5.4,0.12,19,1,1
104056,33,33200,5.9,MORTGAGE,E,debt_consolidation,7900,5.4,0.238,14,0,0
104057,20,36300,4.0,RENT,B,credit_card,9900,14.29,0.273,2,0,0
104058,30,73700,0.9,RENT,F,venture,8400,11.28,0.114,13,1,0
104059,22,60200,0.8,RENT,B,medical,6600,16.89,0.11,3,0,1
104060,38,70200,0.1,MORTGAGE,E,small_business,3800,13.17,0.054,17,0,0
104061,41,48000,0.8,RENT,F,debt_consolidation,22500,5.4,0.469,22,1,1
104062,42,76400,0.1,MORTGAGE,D,debt_consolidation,9400,9.32,0.123,22,0,1
104063,32,50500,8.9,MORTGAGE,A,medical,11100,13.04,0.22,13,0,0
104064,26,39300,6.2,MORTGAGE,C,credit_card,5600,7.49,0.142,8,0,1
104065,31,70500,1.2,RENT,A,home_improvement,6900,16.92,0.098,13,0,0
104066,22,40800,2.7,MORTGAGE,E,small_business,15400,9.91,0.377,6,0,0
104067,45,43000,3.2,MORTGAGE,B,credit_card,2400,10.34,0.056,25,1,0
104068,37,92700,1.2,RENT,D,debt_consolidation,12300,5.72,0.133,19,0,0
104069,31,88100,2.3,RENT,F,credit_card,7100,18.84,0.081,16,0,1
104070,36,43800,2.2,MORTGAGE,B,education,10200,10.8,0.233,19,0,0
104071,26,83300,3.9,MORTGAGE,B,debt_consolidation,20200,12.55,0.242,10,1,1
104072,21,25500,1.7,OWN,D,debt_consolidation,6200,8.72,0.243,3,1,1
104073,20,43900,5.2,RENT,C,venture,1800,10.08,0.041,4,0,0
104074,30,34100,2.2,RENT,A,small_business,4400,12.61,0.129,12,0,0
104075,28,51500,3.4,RENT,A,credit_card,8200,13.06,0.159,7,0,0
104076,33,77200,13.3,OTHER,C,medical,20100,13.57,0.26,16,0,1
104077,29,70000,2.6,MORTGAGE,D,credit_card,6500,15.14,0.093,12,0,1
104078,32,64900,5.1,OWN,C,venture,19000,14.0,0.293,14,1,0
104079,35,55600,11.4,MORTGAGE,A,medical,2300,13.46,0.041,15,0,0
104080,20,47200,6.3,RENT,C,debt_consolidation,6100,9.13,0.129,5,0,0
104081,35,99800,4.1,MORTGAGE,B,credit_card,14300,10.69,0.143,19,1,0
104082,26,22000,3.0,RENT,B,debt_consolidation,13600,7.08,0.618,7,0,1
104083,33,35700,10.2,RENT,D,home_improvement,2800,9.7,0.078,18,0,0
104084,36,64600,15.6,RENT,B,home_improvement,5100,13.04,0.079,21,0,0
104085,36,119400,1.9,RENT,C,credit_card,7500,12.94,0.063,18,0,0
104086,30,42600,1.0,RENT,F,venture,5600,13.89,0.131,10,0,0
104087,30,44600,2.8,OWN,C,credit_card,15400,16.8,0.345,13,0,0
104088,35,25400,2.3,MORTGAGE,C,medical,8200,6.77,0.323,17,0,0
104089,20,38300,4.7,MORTGAGE,A,home_improvement,3700,5.4,0.097,7,0,0
104090,22,76100,0.3,RENT,A,credit_card,10400,10.55,0.137,2,0,0
104091,27,122800,13.3,MORTGAGE,A,debt_consolidation,10700,16.81,0.087,12,0,0
104092,20,43900,2.6,RENT,D,home_improvement,4300,16.69,0.098,2,1,0
104093,27,33200,2.1,RENT,E,home_improvement,5000,12.21,0.151,9,1,0
104094,27,53500,0.2,RENT,B,debt_consolidation,5500,10.47,0.103,7,0,0
104095,30,21200,0.2,RENT,B,medical,17200,12.44,0.811,12,1,1
104096,29,101700,3.4,MORTGAGE,B,credit_card,7700,15.53,0.076,9,0,0
104097,36,26200,8.2,MORTGAGE,C,debt_consolidation,2400,8.69,0.092,18,0,0
104098,33,61200,2.3,RENT,D,medical,4200,9.44,0.069,12,0,0
104099,29,60700,0.3,MORTGAGE,D,credit_card,12000,11.84,0.198,7,1,0
104100,27,72800,2.4,RENT,F,home_improvement,6500,15.53,0.089,9,0,1
104101,29,59300,2.3,RENT,B,home_improvement,4100,14.51,0.069,14,0,0
104102,29,51600,4.0,MORTGAGE,D,debt_consolidation,6600,5.4,0.128,11,0,1
104103,47,65200,1.9,MORTGAGE,C,credit_card,13900,14.52,0.213,29,1,1
104104,20,81600,0.1,MORTGAGE,B,debt_consolidation,26800,11.45,0.328,7,1,1
104105,23,138400,7.1,RENT,F,debt_consolidation,7800,13.79,0.056,2,1,0
104106,21,28100,7.0,MORTGAGE,A,home_improvement,10600,10.72,0.377,4,0,1
104107,31,18700,10.3,RENT,D,debt_consolidation,7700,13.3,0.412,11,0,1
104108,31,22000,2.6,RENT,D,venture,9100,11.67,0.414,13,0,1
104109,25,19000,5.2,RENT,F,credit_card,4900,9.54,0.258,5,0,0
104110,35,26600,2.1,RENT,C,debt_consolidation,17900,8.77,0.673,16,1,1
104111,32,24800,3.7,RENT,B,education,6300,10.81,0.254,15,1,0
104112,36,41000,13.0,RENT,E,credit_card,4400,6.84,0.107,18,0,1
104113,37,82500,2.2,MORTGAGE,D,home_improvement,5300,9.91,0.064,18,0,0
104114,20,72700,2.2,RENT,C,small_business,11700,10.34,0.161,2,1,1
104115,34,36600,0.6,RENT,D,education,5500,15.23,0.15,18,0,1
104116,20,38400,1.6,OWN,B,debt_consolidation,18700,13.89,0.487,2,0,0
104117,31,155700,0.4,OWN,C,debt_consolidation,11500,18.75,0.074,11,1,0
104118,28,71500,10.1,RENT,E,venture,13000,5.46,0.182,7,0,0
104119,29,56700,5.2,RENT,B,debt_consolidation,6400,10.58,0.113,12,0,0
104120,21,55100,3.1,RENT,C,small_business,5800,15.94,0.105,2,1,1
104121,36,44000,4.0,OWN,F,home_improvement,8300,12.49,0.189,18,1,1
104122,20,155100,0.7,RENT,E,credit_card,4200,10.72,0.027,7,0,1
104123,34,46400,4.7,RENT,E,medical,10500,8.14,0.226,18,0,0
104124,20,55900,5.6,MORTGAGE,B,venture,13400,14.0,0.24,2,0,0
104125,29,20800,7.0,MORTGAGE,G,debt_consolidation,5500,12.17,0.264,8,0,1
104126,42,36300,0.3,RENT,A,home_improvement,11800,10.28,0.325,27,0,1
104127,46,38100,2.2,RENT,C,small_business,9300,15.13,0.244,28,0,1
104128,20,67300,17.8,RENT,C,debt_consolidation,15000,19.56,0.223,7,0,0
104129,24,33600,5.2,RENT,E,education,20000,8.3,0.595,4,0,1
104130,25,52900,2.0,RENT,F,credit_card,12500,13.6,0.236,4,0,1
104131,45,36900,8.5,MORTGAGE,D,debt_consolidation,7900,12.0,0.214,30,0,0
104132,29,28100,0.2,MORTGAGE,D,medical,15700,13.84,0.559,11,0,1
104133,37,27500,4.4,MORTGAGE,C,venture,8300,16.25,0.302,21,0,0
104134,31,46800,3.5,MORTGAGE,C,debt_consolidation,7000,16.62,0.15,11,0,0
104135,21,54500,2.5,MORTGAGE,C,small_business,5800,9.71,0.106,2,1,0
104136,20,46300,17.4,RENT,A,debt_consolidation,8600,5.53,0.186,2,0,0
104137,25,32600,15.9,MORTGAGE,C,debt_consolidation,14100,11.16,0.433,2,0,1
104138,45,47800,6.3,RENT,E,debt_consolidation,4600,11.18,0.096,26,1,1
104139,31,43200,3.1,RENT,D,medical,4100,5.4,0.095,9,0,0
104140,36,29100,5.1,RENT,E,debt_consolidation,4100,15.15,0.141,18,0,0
104141,20,53900,2.2,MORTGAGE,B,debt_consolidation,14200,9.61,0.263,2,0,0
104142,27,139500,5.0,MORTGAGE,C,small_business,10100,11.31,0.072,7,1,0
104143,34,47500,3.6,RENT,A,credit_card,18200,9.45,0.383,17,1,0
104144,21,23100,0.4,MORTGAGE,B,debt_consolidation,6100,10.75,0.264,3,0,1
104145,29,115600,3.4,MORTGAGE,C,debt_consolidation,4100,16.09,0.035,14,0,0
104146,23,102900,1.4,RENT,B,medical,19100,11.8,0.186,9,0,1
104147,35,113300,16.8,RENT,A,home_improvement,5400,19.14,0.048,17,0,0
104148,32,50400,4.8,MORTGAGE,D,small_business,11800,13.76,0.234,15,1,0
104149,34,33500,0.4,MORTGAGE,C,debt_consolidation,3900,14.03,0.116,17,0,0
104150,35,31500,0.6,RENT,C,credit_card,9000,10.76,0.286,21,1,0
104151,27,96500,5.5,RENT,B,medical,7400,11.28,0.077,6,0,0
104152,36,124600,5.1,OWN,C,debt_consolidation,3700,15.22,0.03,17,0,0
104153,25,31100,6.2,RENT,C,debt_consolidation,22900,15.77,0.736,4,0,0
104154,33,12900,0.2,OWN,C,credit_card,5000,12.46,0.388,14,0,1
104155,20,51000,3.6,MORTGAGE,C,debt_consolidation,4800,13.5,0.094,2,0,1
104156,24,31300,1.2,OWN,A,debt_consolidation,5700,11.0,0.182,4,0,0
104157,45,34900,3.3,RENT,F,venture,2400,12.29,0.069,28,1,1
104158,33,45200,8.0,MORTGAGE,A,credit_card,6800,11.81,0.15,16,0,0
104159,33,64600,17.0,RENT,C,home_improvement,5700,11.64,0.088,15,0,0
104160,23,33500,4.9,RENT,B,debt_consolidation,14000,15.11,0.418,6,0,0
104161,21,55500,2.0,RENT,C,home_improvement,9600,11.32,0.173,7,1,0
104162,27,48100,4.0,RENT,B,credit_card,4000,9.24,0.083,10,0,0
104163,29,14500,7.4,RENT,E,education,5700,10.53,0.393,8,0,0
104164,42,69500,0.4,MORTGAGE,B,credit_card,26500,10.47,0.381,22,0,0
104165,36,40200,6.9,RENT,D,medical,4900,13.09,0.122,16,0,0
104166,30,25700,4.8,RENT,B,debt_consolidation,12700,9.49,0.494,15,0,0
104167,29,34600,1.7,RENT,A,home_improvement,5600,15.55,0.162,10,0,1
104168,34,57600,4.1,MORTGAGE,C,education,4700,10.53,0.082,14,0,0
104169,20,52900,6.4,RENT,C,home_improvement,6000,17.15,0.113,2,0,0
104170,20,73500,6.9,MORTGAGE,C,small_business,18200,11.59,0.248,2,1,1
104171,34,65500,1.8,RENT,F,education,3600,13.4,0.055,15,1,1
104172,30,27100,0.3,MORTGAGE,D,education,11600,15.08,0.428,10,1,0
104173,20,12000,2.2,MORTGAGE,G,debt_consolidation,15800,15.9,0.9,4,0,1
104174,20,55100,2.2,MORTGAGE,B,debt_consolidation,6000,13.76,0.109,2,0,0
104175,35,72900,11.4,MORTGAGE,E,credit_card,14000,20.94,0.192,17,1,1
104176,25,46100,25.0,OWN,C,venture,12900,11.51,0.28,8,1,0
104177,32,74100,11.1,RENT,C,credit_card,5200,6.07,0.07,16,0,0
104178,27,29700,0.4,RENT,G,debt_consolidation,4800,11.38,0.162,8,0,1
104179,29,42600,2.1,OWN,D,credit_card,7400,14.36,0.174,13,0,0
104180,25,31100,4.4,MORTGAGE,E,debt_consolidation,8600,13.14,0.277,7,0,1
104181,28,75600,9.6,MORTGAGE,D,debt_consolidation,6600,7.83,0.087,9,0,0
104182,33,31200,1.8,RENT,A,debt_consolidation,11100,10.28,0.356,17,1,0
104183,27,160000,1.5,RENT,D,debt_consolidation,5300,8.59,0.033,10,1,1
104184,27,39100,16.0,MORTGAGE,C,small_business,4900,9.11,0.125,10,0,0
104185,33,79900,7.9,MORTGAGE,F,debt_consolidation,8100,11.16,0.101,14,0,1
104186,34,39400,1.6,RENT,E,debt_consolidation,9200,13.18,0.234,16,0,1
104187,21,107500,0.1,RENT,A,credit_card,16700,8.88,0.155,2,0,0
104188,29,105300,0.2,MORTGAGE,A,debt_consolidation,10400,9.22,0.099,11,0,0
104189,25,43100,3.5,MORTGAGE,A,credit_card,12000,14.06,0.278,6,1,0
104190,29,59900,6.7,OWN,C,debt_consolidation,6700,8.42,0.112,11,0,0
104191,39,103800,2.5,RENT,A,debt_consolidation,6700,8.25,0.065,24,0,0
104192,32,60900,7.2,RENT,D,small_business,5700,19.41,0.094,14,0,0
104193,44,31100,7.2,RENT,C,debt_consolidation,9000,9.6,0.289,28,0,0
104194,31,53600,3.3,MORTGAGE,E,debt_consolidation,8800,5.4,0.164,13,0,0
104195,28,34100,0.2,RENT,B,debt_consolidation,8500,7.04,0.249,12,0,0
104196,29,56000,1.8,RENT,C,debt_consolidation,7200,5.4,0.129,14,0,1
104197,30,33400,6.1,RENT,A,debt_consolidation,7900,17.44,0.237,11,0,0
104198,31,63300,4.4,RENT,E,credit_card,20200,11.24,0.319,10,0,1
104199,22,19300,3.4,MORTGAGE,A,debt_consolidation,9400,7.75,0.487,2,0,0
104200,27,27800,3.4,RENT,A,debt_consolidation,11200,13.52,0.403,11,0,0
104201,24,33300,14.5,RENT,B,education,10500,17.66,0.315,7,1,0
104202,36,47200,4.8,MORTGAGE,E,debt_consolidation,7400,10.88,0.157,16,0,0
104203,20,22400,10.1,RENT,A,debt_consolidation,10900,17.38,0.487,5,1,0
104204,30,31700,0.4,MORTGAGE,C,credit_card,8200,10.29,0.259,11,0,0
104205,20,79100,1.7,MORTGAGE,D,debt_consolidation,4100,7.26,0.052,2,0,0
104206,32,84400,1.6,MORTGAGE,D,medical,5900,18.02,0.07,13,0,1
104207,26,12800,1.4,MORTGAGE,B,debt_consolidation,24300,8.9,0.9,11,0,1
104208,20,37300,0.5,MORTGAGE,A,credit_card,15400,9.46,0.413,2,0,0
104209,36,103900,3.9,OWN,C,venture,6900,15.24,0.066,21,0,1
104210,20,63700,9.1,MORTGAGE,B,debt_consolidation,11700,11.63,0.184,3,0,0
104211,29,64500,6.8,RENT,D,debt_consolidation,9100,11.1,0.141,14,0,0
104212,34,70300,2.7,MORTGAGE,B,home_improvement,21100,10.58,0.3,18,0,0
104213,39,30400,8.2,MORTGAGE,C,venture,7500,9.1,0.247,22,0,0
104214,20,58000,0.8,RENT,A,credit_card,9200,12.15,0.159,3,0,0
104215,25,66800,1.0,RENT,C,home_improvement,5200,13.25,0.078,7,1,0
104216,37,54700,0.7,MORTGAGE,B,debt_consolidation,7500,10.7,0.137,18,0,0
104217,37,41500,3.4,RENT,D,home_improvement,1800,13.54,0.043,20,1,0
104218,38,50200,4.0,OWN,A,debt_consolidation,9300,12.98,0.185,20,1,0
104219,47,27500,0.1,OTHER,G,home_improvement,14100,12.89,0.513,32,0,1
104220,25,72200,0.1,RENT,D,debt_consolidation,20600,10.48,0.285,9,0,0
104221,32,23400,1.9,RENT,B,credit_card,10600,10.16,0.453,15,0,0
104222,27,32900,0.2,OWN,A,debt_consolidation,6600,12.83,0.201,11,0,0
104223,20,75000,6.4,RENT,B,small_business,5200,7.18,0.069,3,0,0
104224,28,60500,3.1,MORTGAGE,A,small_business,6200,21.94,0.102,11,0,0
104225,20,39500,1.2,RENT,B,medical,3400,5.4,0.086,2,0,0
104226,25,20100,1.5,RENT,E,venture,7100,9.48,0.353,8,0,0
104227,20,50200,2.6,RENT,C,credit_card,4100,13.35,0.082,3,0,0
104228,32,36400,0.1,RENT,A,home_improvement,5800,14.13,0.159,15,1,0
104229,24,67100,6.6,OWN,C,debt_consolidation,7200,8.46,0.107,7,0,0
104230,20,38800,1.3,RENT,B,education,9700,9.16,0.25,2,0,0
104231,35,19700,0.5,RENT,G,home_improvement,3300,11.68,0.168,21,0,0
104232,25,24100,1.5,MORTGAGE,A,credit_card,6700,6.61,0.278,7,0,0
104233,26,40700,5.1,OWN,D,credit_card,11800,7.17,0.29,9,0,0
104234,22,54700,0.6,RENT,D,small_business,17500,14.66,0.32,4,0,1
104235,37,27200,0.4,MORTGAGE,A,medical,7800,14.44,0.287,20,0,0
104236,31,34000,3.4,RENT,A,medical,27100,11.54,0.797,11,0,1
104237,25,79700,1.4,MORTGAGE,B,credit_card,11900,14.27,0.149,6,0,0
104238,20,94900,0.1,MORTGAGE,E,credit_card,8400,11.84,0.089,2,0,0
104239,47,60000,9.8,OWN,C,venture,16100,8.71,0.268,26,0,0
104240,43,44100,5.7,MORTGAGE,D,home_improvement,6100,7.33,0.138,25,0,0
104241,39,36600,25.0,OWN,E,credit_card,4600,13.75,0.126,19,0,0
104242,24,69300,4.5,RENT,E,home_improvement,13500,9.07,0.195,4,0,0
104243,25,43300,8.3,MORTGAGE,C,home_improvement,10800,14.41,0.249,11,0,0
104244,32,85500,4.7,MORTGAGE,C,small_business,14400,10.4,0.168,16,0,0
104245,23,88000,1.2,RENT,D,credit_card,14200,16.18,0.161,9,0,0
104246,22,64600,16.5,OWN,B,education,24500,8.06,0.379,4,0,0
104247,39,39200,11.0,MORTGAGE,E,medical,3600,7.4,0.092,20,0,0
104248,29,40900,0.3,OWN,A,credit_card,6700,12.24,0.164,12,0,0
104249,21,20900,3.2,RENT,B,debt_consolidation,6900,10.25,0.33,4,0,0
104250,36,50100,0.6,MORTGAGE,E,home_improvement,15400,12.03,0.307,17,0,1
104251,25,49200,3.3,RENT,B,home_improvement,9900,11.24,0.201,6,0,0
104252,20,24200,3.0,OWN,A,credit_card,15400,9.64,0.636,3,0,0
104253,21,189100,7.2,RENT,B,education,9500,10.53,0.05,2,0,0
104254,25,70000,4.8,MORTGAGE,C,debt_consolidation,8000,5.4,0.114,8,1,0
104255,31,32500,3.7,RENT,E,debt_consolidation,11800,16.86,0.363,13,0,0
104256,30,159500,7.9,MORTGAGE,A,education,9400,9.19,0.059,14,0,0
104257,38,39200,8.6,RENT,A,education,10000,13.07,0.255,22,0,0
104258,27,81400,11.2,OWN,C,credit_card,11600,5.4,0.143,10,0,0
104259,26,54100,3.8,OWN,F,debt_consolidation,10300,8.31,0.19,6,0,1
104260,38,40000,3.3,RENT,B,credit_card,13900,12.4,0.348,17,0,0
104261,36,42800,7.8,MORTGAGE,F,credit_card,8300,18.0,0.194,15,1,1
104262,28,113600,3.5,MORTGAGE,E,credit_card,8900,13.09,0.078,9,0,0
104263,31,83400,4.9,RENT,B,debt_consolidation,4700,13.48,0.056,10,0,0
104264,26,48200,3.5,RENT,E,debt_consolidation,13900,9.7,0.288,8,0,1
104265,21,16700,11.6,RENT,D,home_improvement,20800,11.42,0.9,2,0,1
104266,44,60900,9.6,RENT,C,home_improvement,3000,10.75,0.049,25,0,0
104267,25,26000,2.1,MORTGAGE,C,home_improvement,11500,12.57,0.442,7,1,0
104268,31,69300,4.9,MORTGAGE,E,credit_card,7500,15.93,0.108,14,0,1
104269,20,34800,5.0,RENT,E,debt_consolidation,7300,10.2,0.21,2,0,1
104270,34,36900,1.3,OWN,D,credit_card,11400,11.56,0.309,15,0,0
104271,21,36300,4.2,RENT,G,venture,8000,10.04,0.22,4,0,0
104272,41,90300,8.3,MORTGAGE,C,credit_card,10100,10.53,0.112,23,1,1
104273,42,19500,1.3,MORTGAGE,E,home_improvement,6600,15.54,0.338,24,0,1
104274,33,77300,10.3,MORTGAGE,E,credit_card,18500,13.07,0.239,16,0,0
104275,30,62200,3.2,MORTGAGE,B,education,7100,12.61,0.114,10,1,1
104276,28,49500,5.4,RENT,A,credit_card,5300,11.01,0.107,12,0,0
104277,29,40300,0.8,OWN,C,credit_card,9800,8.36,0.243,16,0,1
104278,32,67300,9.9,MORTGAGE,E,medical,5100,13.97,0.076,15,1,1
104279,30,40500,1.2,MORTGAGE,B,debt_consolidation,9200,14.49,0.227,11,0,0
104280,36,40300,0.9,RENT,D,home_improvement,20000,14.64,0.496,15,0,0
104281,23,53400,1.9,MORTGAGE,A,credit_card,7900,11.41,0.148,4,0,0
104282,40,132700,1.0,RENT,B,venture,3800,8.67,0.029,23,0,0
104283,26,22400,7.7,MORTGAGE,C,small_business,6400,13.78,0.286,8,1,0
104284,24,67900,1.7,MORTGAGE,A,debt_consolidation,12700,15.36,0.187,6,0,1
104285,32,47600,1.3,RENT,E,medical,8600,14.49,0.181,14,0,0
104286,32,45600,5.8,RENT,A,small_business,11900,8.66,0.261,13,0,0
104287,20,22300,1.4,RENT,F,credit_card,5700,12.83,0.256,2,0,0
104288,26,19600,2.9,RENT,B,debt_consolidation,6500,5.4,0.332,6,0,1
104289,20,62100,1.3,RENT,G,debt_consolidation,11500,16.3,0.185,2,0,1
104290,24,25600,2.3,RENT,C,home_improvement,19700,12.09,0.77,6,0,1
104291,25,90100,11.4,RENT,A,credit_card,6500,12.19,0.072,10,1,0
104292,31,29500,5.5,MORTGAGE,A,education,8300,17.05,0.281,11,1,0
104293,23,69800,0.7,MORTGAGE,A,debt_consolidation,14800,9.36,0.212,6,0,0
104294,25,37500,1.4,RENT,C,home_improvement,8700,11.92,0.232,9,0,0
104295,38,36600,6.2,RENT,E,debt_consolidation,11500,8.4,0.314,19,1,0
104296,43,31200,1.5,MORTGAGE,C,home_improvement,5400,6.11,0.173,24,1,0
104297,23,65500,8.6,RENT,C,debt_consolidation,8100,12.5,0.124,8,0,0
104298,36,76400,0.9,RENT,C,credit_card,5800,12.34,0.076,15,0,0
104299,32,43300,1.3,MORTGAGE,C,debt_consolidation,3200,5.4,0.074,12,0,0
104300,20,71300,3.6,OWN,D,home_improvement,5000,14.13,0.07,2,0,0
104301,23,51900,0.5,RENT,C,debt_consolidation,10400,11.35,0.2,4,1,0
104302,20,24700,3.3,OWN,D,medical,11000,14.21,0.445,2,0,1
104303,31,63500,1.0,RENT,G,debt_consolidation,12400,12.35,0.195,16,1,1
104304,21,43700,7.8,RENT,B,credit_card,10700,15.26,0.245,2,0,0
104305,30,12200,4.0,RENT,A,home_improvement,7200,15.68,0.59,16,0,0
104306,47,41600,4.6,MORTGAGE,A,debt_consolidation,3000,12.22,0.072,31,1,0
104307,40,20300,12.3,MORTGAGE,C,debt_consolidation,4300,14.82,0.212,21,1,0
104308,24,26200,0.1,MORTGAGE,B,debt_consolidation,14900,14.68,0.569,5,0,0
104309,22,44900,5.1,OWN,F,home_improvement,5100,7.25,0.114,4,1,1
104310,38,49400,4.7,MORTGAGE,D,venture,7800,8.32,0.158,20,0,1
104311,22,32600,8.4,RENT,C,debt_consolidation,8400,7.86,0.258,2,0,0
104312,36,68900,0.2,MORTGAGE,E,small_business,3800,13.89,0.055,17,0,0
104313,48,48400,8.1,RENT,B,small_business,9700,8.95,0.2,27,1,0
104314,34,40800,0.5,MORTGAGE,E,home_improvement,18800,5.4,0.461,20,1,1
104315,37,52800,3.2,MORTGAGE,A,credit_card,8000,7.87,0.152,19,0,0
104316,36,100000,1.5,MORTGAGE,C,venture,7000,10.12,0.07,17,1,1
104317,25,15800,13.1,RENT,F,credit_card,4300,13.15,0.272,6,0,0
104318,31,105300,0.6,MORTGAGE,E,medical,7000,16.15,0.066,12,1,0
104319,22,36700,0.4,RENT,E,debt_consolidation,10900,14.93,0.297,2,1,0
104320,38,33600,9.3,RENT,B,medical,8100,12.14,0.241,20,0,0
104321,21,41300,1.7,MORTGAGE,E,venture,6400,8.52,0.155,5,0,0
104322,34,31600,0.4,RENT,C,education,14100,5.4,0.446,19,0,1
104323,37,29100,6.7,RENT,C,debt_consolidation,7000,9.75,0.241,21,0,1
104324,26,82100,3.5,MORTGAGE,A,medical,6400,10.47,0.078,9,0,0
104325,24,56300,7.0,RENT,B,debt_consolidation,8800,11.86,0.156,8,0,1
104326,28,17900,1.2,RENT,C,home_improvement,16600,14.72,0.9,10,0,0
104327,23,74700,6.3,OTHER,A,credit_card,7400,13.92,0.099,2,0,0
104328,30,68900,2.2,RENT,D,home_improvement,5000,11.84,0.073,14,0,0
104329,23,22800,6.9,RENT,E,credit_card,10900,10.07,0.478,4,0,1
104330,23,56900,1.1,OWN,F,debt_consolidation,6800,6.02,0.12,5,0,0
104331,33,72500,0.1,RENT,A,debt_consolidation,11000,8.62,0.152,13,0,0
104332,33,21300,2.7,OWN,F,debt_consolidation,2600,8.03,0.122,17,0,0
104333,27,60300,1.0,MORTGAGE,A,credit_card,8300,20.83,0.138,11,0,0
104334,20,35600,0.1,MORTGAGE,C,medical,7100,18.68,0.199,2,0,1
104335,37,69400,0.1,RENT,E,small_business,4800,6.97,0.069,19,0,0
104336,26,30800,1.8,RENT,A,medical,4200,12.91,0.136,10,0,0
104337,43,91400,4.5,MORTGAGE,A,medical,6900,6.64,0.075,25,0,0
104338,28,45100,6.6,RENT,A,credit_card,4500,12.31,0.1,10,0,0
104339,30,36700,1.4,MORTGAGE,C,credit_card,1600,9.73,0.044,14,0,0
104340,26,34600,3.2,MORTGAGE,E,credit_card,4200,10.99,0.121,7,0,1
104341,31,83300,2.2,MORTGAGE,A,debt_consolidation,4100,15.29,0.049,13,0,0
104342,53,34600,7.0,RENT,A,home_improvement,8200,12.84,0.237,37,1,0
104343,27,92300,4.8,MORTGAGE,C,small_business,4200,14.63,0.046,7,0,0
104344,38,58000,3.3,MORTGAGE,B,home_improvement,8100,13.31,0.14,19,0,0
104345,30,24100,0.8,RENT,D,small_business,4800,8.86,0.199,9,0,0
104346,37,52300,1.1,OWN,F,debt_consolidation,12500,6.78,0.239,23,0,1
104347,20,52900,2.1,RENT,D,small_business,10000,10.42,0.189,2,1,1
104348,43,23600,2.6,OWN,E,debt_consolidation,6900,10.42,0.292,27,1,1
104349,31,51800,11.6,RENT,C,education,8800,9.62,0.17,11,0,0
104350,27,69400,2.1,RENT,E,debt_consolidation,11100,8.96,0.16,11,0,0
104351,35,95800,1.9,MORTGAGE,B,credit_card,8400,11.74,0.088,16,0,0
104352,30,93600,4.5,RENT,A,credit_card,8800,16.26,0.094,15,0,0
104353,21,191800,1.7,RENT,D,debt_consolidation,2500,5.4,0.013,3,0,0
104354,20,51600,0.6,RENT,A,credit_card,6100,7.03,0.118,2,0,0
104355,42,69900,5.3,MORTGAGE,E,debt_consolidation,5300,12.44,0.076,26,0,0
104356,27,36900,2.1,RENT,D,home_improvement,14400,5.4,0.39,9,0,0
104357,25,145300,1.4,MORTGAGE,F,education,6500,6.3,0.045,5,0,1
104358,25,31600,7.7,MORTGAGE,B,debt_consolidation,5600,19.12,0.177,4,0,0
104359,39,141700,5.7,MORTGAGE,C,credit_card,11200,13.52,0.079,22,0,1
104360,26,132100,7.2,RENT,D,education,3500,21.11,0.026,8,0,0
104361,34,33500,5.8,RENT,B,credit_card,7700,5.4,0.23,16,0,0
104362,27,91100,7.1,OWN,C,medical,2700,19.01,0.03,9,0,0
104363,20,66300,8.3,MORTGAGE,D,credit_card,5500,6.78,0.083,2,0,0
104364,35,41100,1.6,OWN,G,credit_card,6300,14.72,0.153,18,0,0
104365,37,47800,1.3,MORTGAGE,D,debt_consolidation,18100,5.4,0.379,20,0,0
104366,24,59600,17.6,MORTGAGE,A,debt_consolidation,7500,12.55,0.126,6,0,0
104367,29,62800,3.3,OWN,C,home_improvement,5000,12.8,0.08,12,1,1
104368,30,117200,5.2,RENT,C,medical,7500,9.89,0.064,13,0,0
104369,32,70600,2.5,OWN,A,debt_consolidation,17900,6.49,0.254,16,0,1
104370,43,33700,0.5,RENT,C,education,2600,10.49,0.077,21,0,0
104371,27,77600,9.3,RENT,B,credit_card,12400,12.36,0.16,8,0,0
104372,27,19700,7.0,MORTGAGE,A,credit_card,10000,7.36,0.508,10,0,0
104373,28,41700,4.9,RENT,C,education,7600,10.76,0.182,14,0,0
104374,22,43900,3.9,RENT,A,education,6800,11.27,0.155,6,1,0
104375,20,74000,4.7,MORTGAGE,C,credit_card,17900,13.13,0.242,4,0,0
104376,30,136500,3.3,MORTGAGE,A,debt_consolidation,12000,5.77,0.088,17,0,0
104377,33,58100,2.5,OWN,D,debt_consolidation,4600,9.36,0.079,15,0,0
104378,29,42200,10.7,RENT,B,debt_consolidation,8200,12.13,0.194,15,0,0
104379,29,35100,2.8,RENT,E,medical,16100,10.07,0.459,12,0,1
104380,23,81600,2.5,MORTGAGE,A,debt_consolidation,10900,7.55,0.134,3,1,0
104381,31,46300,0.9,MORTGAGE,C,small_business,9400,14.87,0.203,10,0,1
104382,30,39100,5.5,MORTGAGE,B,debt_consolidation,4000,14.99,0.102,12,0,1
104383,32,87000,5.1,RENT,B,credit_card,28900,14.21,0.332,15,1,1
104384,31,98000,5.8,RENT,C,credit_card,12000,10.18,0.122,12,0,0
104385,32,30400,0.0,OWN,E,credit_card,21600,10.76,0.711,14,0,1
104386,38,22600,9.6,RENT,F,credit_card,9600,15.99,0.425,24,0,0
104387,33,48800,1.3,MORTGAGE,B,venture,8000,14.39,0.164,15,0,0
104388,32,27500,7.9,RENT,A,education,5700,16.05,0.207,18,0,0
104389,20,25500,1.8,RENT,D,small_business,13900,11.8,0.545,4,0,1
104390,36,29100,7.8,MORTGAGE,C,debt_consolidation,18500,13.69,0.636,20,0,0
104391,27,91600,2.4,RENT,B,education,14400,13.89,0.157,9,0,0
104392,30,73700,3.6,RENT,D,education,28000,16.69,0.38,12,0,1
104393,20,199100,4.7,MORTGAGE,C,education,8700,5.4,0.044,2,1,0
104394,44,36200,3.7,RENT,D,credit_card,5800,11.94,0.16,26,0,0
104395,20,107100,1.1,RENT,B,debt_consolidation,9300,14.93,0.087,3,1,0
104396,39,67600,2.2,MORTGAGE,C,small_business,12600,15.74,0.186,24,0,0
104397,32,37900,2.3,RENT,B,credit_card,7000,9.87,0.185,19,0,1
104398,20,47500,0.8,MORTGAGE,D,credit_card,7900,12.9,0.166,2,0,0
104399,43,37800,5.5,RENT,A,credit_card,9100,14.15,0.241,25,0,0
104400,33,59400,0.1,RENT,D,credit_card,10600,16.02,0.178,17,0,1
104401,20,88700,0.8,RENT,E,debt_consolidation,8700,12.78,0.098,2,0,0
104402,26,42100,1.8,OWN,D,small_business,9100,12.43,0.216,5,1,0
104403,33,82200,18.2,RENT,A,home_improvement,11500,10.53,0.14,17,0,0
104404,41,103700,1.7,OWN,B,credit_card,12400,15.54,0.12,21,0,0
104405,26,117200,0.3,RENT,C,debt_consolidation,6200,15.98,0.053,8,1,0
104406,20,27000,5.3,RENT,C,education,3000,15.26,0.111,5,0,0
104407,39,50200,8.7,MORTGAGE,F,credit_card,4600,14.17,0.092,22,0,0
104408,32,76100,1.7,RENT,B,credit_card,10400,12.38,0.137,15,0,0
104409,20,28300,1.2,MORTGAGE,E,credit_card,5400,9.39,0.191,5,0,1
104410,31,25100,0.2,OWN,A,credit_card,9400,8.83,0.375,13,0,0
104411,32,50800,2.6,MORTGAGE,B,home_improvement,7900,15.21,0.156,15,1,0
104412,27,41100,4.4,MORTGAGE,A,debt_consolidation,8400,15.58,0.204,9,0,0
104413,23,46900,3.1,MORTGAGE,D,education,10600,12.38,0.226,7,0,1
104414,25,39800,3.8,RENT,A,debt_consolidation,15600,12.38,0.392,4,0,0
104415,27,169000,3.3,MORTGAGE,B,venture,8000,12.27,0.047,7,0,0
104416,31,40000,6.3,RENT,D,home_improvement,4600,15.81,0.115,13,1,0
104417,35,71100,0.9,RENT,C,debt_consolidation,9600,14.22,0.135,18,0,0
104418,20,68500,4.8,MORTGAGE,A,credit_card,12000,9.95,0.175,6,0,0
104419,31,20400,2.8,RENT,A,debt_consolidation,2300,13.33,0.113,11,1,0
104420,32,115400,5.3,MORTGAGE,C,venture,5400,5.8,0.047,14,0,0
104421,30,72700,8.0,RENT,B,small_business,8200,9.28,0.113,13,0,0
104422,26,56200,2.7,RENT,B,credit_card,6200,5.4,0.11,6,0,0
104423,39,92200,1.1,MORTGAGE,C,credit_card,8700,8.42,0.094,20,0,0
104424,38,50200,0.4,MORTGAGE,B,venture,5700,8.75,0.114,16,0,1
104425,26,83700,5.3,OWN,C,home_improvement,13600,5.4,0.162,9,0,1
104426,28,18400,5.0,RENT,B,credit_card,8300,15.72,0.451,8,0,1
104427,34,80800,7.1,RENT,B,credit_card,3000,9.67,0.037,18,1,0
104428,38,57000,11.9,RENT,A,debt_consolidation,12100,10.34,0.212,21,0,0
104429,23,57500,5.6,RENT,B,small_business,12500,8.4,0.217,5,1,0
104430,22,32400,1.8,RENT,A,home_improvement,7900,13.54,0.244,2,1,0
104431,31,45700,3.8,MORTGAGE,B,medical,2900,16.47,0.063,14,0,0
104432,21,45000,0.3,RENT,F,credit_card,13300,13.38,0.296,2,0,1
104433,20,27500,7.2,OWN,E,home_improvement,4600,12.75,0.167,3,0,0
104434,23,62800,6.2,MORTGAGE,B,credit_card,6600,5.4,0.105,7,1,0
104435,32,122400,0.6,MORTGAGE,C,small_business,5900,11.14,0.048,12,0,0
104436,40,23600,4.8,RENT,C,credit_card,3700,13.83,0.157,21,0,0
104437,24,67500,8.4,RENT,E,medical,8100,15.82,0.12,9,0,1
104438,28,40900,14.7,RENT,B,debt_consolidation,9100,13.68,0.222,13,0,0
104439,30,38400,3.3,MORTGAGE,B,small_business,8600,19.02,0.224,10,0,0
104440,24,53700,3.7,MORTGAGE,B,education,7200,8.88,0.134,4,0,0
104441,24,54100,3.1,RENT,A,small_business,5400,8.88,0.1,4,0,0
104442,31,57000,0.6,RENT,B,credit_card,18200,12.88,0.319,13,0,0
104443,21,27700,2.0,OTHER,E,small_business,9000,16.1,0.325,2,0,1
104444,24,93900,2.3,RENT,F,debt_consolidation,4800,16.68,0.051,6,0,1
104445,28,53900,0.9,RENT,A,debt_consolidation,10300,5.4,0.191,10,1,0
104446,31,71400,3.2,RENT,C,medical,9900,11.9,0.139,12,0,1
104447,20,100500,6.5,RENT,B,medical,11400,14.93,0.113,2,0,1
104448,28,17900,14.1,RENT,C,debt_consolidation,8000,14.83,0.447,10,1,0
104449,20,72900,1.7,MORTGAGE,C,venture,5800,13.53,0.08,2,0,0
104450,24,47100,1.8,MORTGAGE,A,credit_card,3800,11.19,0.081,9,1,0
104451,35,90300,6.2,MORTGAGE,E,education,6100,5.4,0.068,16,0,1
104452,28,33200,3.8,RENT,G,medical,3300,18.9,0.099,10,0,0
104453,41,86200,1.2,RENT,D,education,9600,13.7,0.111,22,0,0
104454,28,28800,1.5,MORTGAGE,D,medical,3300,8.33,0.115,12,0,0
104455,36,64300,2.2,RENT,C,venture,6700,10.33,0.104,16,0,0
104456,35,60300,0.5,RENT,B,home_improvement,12100,12.44,0.201,17,0,0
104457,29,47300,3.5,RENT,A,debt_consolidation,7100,13.21,0.15,9,1,0
104458,20,29200,0.2,MORTGAGE,C,credit_card,7800,6.5,0.267,2,0,0
104459,28,42100,5.3,RENT,A,small_business,10300,7.93,0.245,9,0,1
104460,25,85600,2.8,OWN,E,debt_consolidation,10700,13.3,0.125,6,0,1
104461,25,116800,5.1,RENT,C,education,14300,9.42,0.122,8,1,0
104462,30,151000,0.4,OTHER,C,debt_consolidation,11000,5.4,0.073,10,0,0
104463,20,68900,13.5,RENT,B,education,9900,8.65,0.144,2,0,0
104464,23,59200,0.5,MORTGAGE,F,credit_card,2800,11.46,0.047,2,1,1
104465,22,66000,2.9,RENT,A,medical,9300,5.6,0.141,4,0,0
104466,27,148800,7.1,MORTGAGE,A,venture,20200,17.39,0.136,10,0,0
104467,24,68600,1.3,MORTGAGE,A,credit_card,11600,15.78,0.169,6,0,0
104468,24,54100,3.7,OWN,D,small_business,13800,14.8,0.255,5,0,0
104469,30,44300,6.1,MORTGAGE,G,debt_consolidation,5600,11.83,0.126,13,1,1
104470,26,47200,3.4,MORTGAGE,B,medical,7800,7.05,0.165,4,0,0
104471,29,63700,10.8,RENT,F,medical,11100,8.48,0.174,7,0,0
104472,21,34100,1.2,RENT,B,debt_consolidation,10300,16.26,0.302,2,0,0
104473,23,36500,0.3,OTHER,D,debt_consolidation,12500,8.64,0.342,5,0,1
104474,43,49800,3.7,OWN,A,credit_card,4300,11.38,0.086,27,1,0
104475,24,40200,2.5,RENT,C,debt_consolidation,5200,10.46,0.129,4,0,0
104476,20,71500,7.3,RENT,D,medical,4000,10.94,0.056,2,0,1
104477,31,74700,4.5,RENT,C,debt_consolidation,9300,11.05,0.124,14,0,1
104478,24,59500,7.7,RENT,B,venture,7300,10.64,0.123,5,0,0
104479,31,67500,6.2,RENT,E,venture,7300,9.87,0.108,13,0,1
104480,28,55000,5.2,MORTGAGE,G,education,5600,10.35,0.102,10,0,1
104481,33,12000,1.2,RENT,C,home_improvement,5100,10.75,0.425,13,0,0
104482,28,31800,0.6,OWN,D,debt_consolidation,8100,8.1,0.255,14,1,1
104483,27,76000,1.4,OWN,E,medical,14900,6.46,0.196,7,0,1
104484,37,32500,6.4,RENT,B,small_business,19200,10.17,0.591,23,0,0
104485,20,82500,6.2,RENT,E,venture,19200,8.35,0.233,3,0,0
104486,20,85100,12.2,MORTGAGE,B,credit_card,6300,11.26,0.074,3,0,0
104487,23,44500,2.4,RENT,D,debt_consolidation,4200,7.66,0.094,2,0,0
104488,20,37200,2.7,MORTGAGE,A,venture,13200,5.4,0.355,3,0,0
104489,26,51800,1.8,MORTGAGE,B,medical,16300,16.74,0.315,8,0,0
104490,25,50300,12.6,RENT,C,debt_consolidation,10200,9.22,0.203,7,0,0
104491,36,72800,2.8,OWN,C,small_business,8000,5.4,0.11,15,0,0
104492,28,14200,3.7,RENT,E,debt_consolidation,5700,14.18,0.401,12,0,0
104493,28,34400,0.8,RENT,G,credit_card,11300,9.73,0.328,12,1,1
104494,26,29500,3.4,OTHER,A,credit_card,11100,11.25,0.376,5,0,0
104495,22,12900,0.8,RENT,B,credit_card,9500,11.92,0.736,3,0,0
104496,35,39300,2.9,RENT,B,debt_consolidation,4400,14.81,0.112,16,0,0
104497,37,22600,2.9,RENT,C,debt_consolidation,4700,12.27,0.208,20,0,0
104498,21,41600,2.1,RENT,C,credit_card,7700,6.13,0.185,3,0,0
104499,40,39400,4.4,RENT,E,debt_consolidation,14400,6.86,0.365,22,0,1
104500,24,66100,11.9,MORTGAGE,D,credit_card,13400,6.0,0.203,7,0,0
104501,24,44900,0.7,RENT,A,home_improvement,6500,9.38,0.145,10,0,1
104502,32,20300,1.9,MORTGAGE,C,small_business,3000,12.57,0.148,13,0,0
104503,33,62400,1.3,RENT,C,home_improvement,16900,8.25,0.271,17,1,0
104504,29,195000,0.1,RENT,C,debt_consolidation,16000,8.73,0.082,15,0,0
104505,27,93100,4.3,OWN,A,debt_consolidation,8700,8.58,0.093,12,0,0
104506,37,74900,2.3,MORTGAGE,B,medical,6400,9.07,0.085,20,0,0
104507,25,46300,18.3,MORTGAGE,C,education,6800,13.62,0.147,8,1,1
104508,29,39300,8.4,RENT,B,venture,13500,10.15,0.344,12,0,0
104509,41,37900,19.8,MORTGAGE,D,venture,10900,15.19,0.288,26,1,1
104510,20,58800,0.2,MORTGAGE,B,home_improvement,6400,9.29,0.109,2,0,0
104511,26,27600,0.7,OWN,C,education,27200,11.32,0.9,7,1,1
104512,36,58200,0.1,MORTGAGE,C,credit_card,3500,10.52,0.06,17,0,0
104513,33,35800,9.2,RENT,E,medical,5800,12.26,0.162,20,0,0
104514,35,20100,1.2,RENT,A,venture,5900,13.16,0.294,20,0,0
104515,20,35500,0.9,RENT,A,medical,8600,11.34,0.242,2,0,0
104516,31,102600,0.1,RENT,B,credit_card,15100,20.95,0.147,11,0,1
104517,27,55600,0.3,RENT,C,credit_card,12800,16.75,0.23,9,0,0
104518,45,12000,2.5,RENT,B,debt_consolidation,8700,9.32,0.725,27,1,1
104519,35,35600,3.1,RENT,D,credit_card,3900,16.14,0.11,18,1,0
104520,29,84700,1.4,MORTGAGE,B,medical,13700,15.75,0.162,8,0,0
104521,31,43700,9.5,MORTGAGE,A,small_business,4300,6.66,0.098,12,0,0
104522,29,68700,0.3,MORTGAGE,C,debt_consolidation,6500,5.4,0.095,13,1,0
104523,34,41500,1.8,RENT,D,small_business,7800,12.17,0.188,17,0,0
104524,23,57000,16.2,MORTGAGE,E,credit_card,5200,10.92,0.091,4,0,1
104525,39,52500,4.7,OWN,D,credit_card,5100,5.4,0.097,23,0,1
104526,20,36100,3.9,RENT,C,credit_card,13200,11.86,0.366,4,0,0
104527,30,70600,5.6,OWN,D,credit_card,18000,11.57,0.255,16,1,0
104528,23,119700,0.8,RENT,D,small_business,7800,9.21,0.065,5,0,0
104529,29,63700,2.9,MORTGAGE,B,small_business,3000,17.09,0.047,10,0,0
104530,36,54600,4.6,MORTGAGE,C,small_business,9500,10.6,0.174,18,0,0
104531,20,32400,1.5,MORTGAGE,D,credit_card,5500,9.99,0.17,4,0,0
104532,28,86300,1.1,OWN,B,small_business,9900,11.41,0.115,7,0,0
104533,20,38900,4.2,RENT,D,debt_consolidation,9500,6.5,0.244,2,0,1
104534,27,70100,17.2,MORTGAGE,C,credit_card,2900,8.11,0.041,9,0,1
104535,20,78300,6.4,OWN,C,home_improvement,6500,5.4,0.083,5,0,0
104536,30,88700,12.3,MORTGAGE,A,small_business,11400,12.8,0.129,11,0,0
104537,26,89600,4.0,RENT,D,education,7700,14.7,0.086,8,0,0
104538,34,87900,9.1,RENT,E,debt_consolidation,4400,12.42,0.05,17,0,1
104539,38,25800,2.8,OWN,A,medical,11600,12.14,0.45,19,0,0
104540,29,32100,0.7,MORTGAGE,B,debt_consolidation,3200,11.08,0.1,9,0,0
104541,35,24200,1.5,OWN,A,credit_card,9200,16.8,0.38,21,0,0
104542,39,23300,2.9,RENT,A,medical,6000,10.83,0.258,22,0,0
104543,23,119200,4.8,MORTGAGE,G,small_business,10300,14.58,0.086,7,0,0
104544,39,30000,3.9,MORTGAGE,C,education,7100,14.22,0.237,22,0,0
104545,29,27700,1.2,MORTGAGE,B,medical,10600,6.39,0.383,11,0,1
104546,22,50000,1.2,MORTGAGE,B,debt_consolidation,17100,13.71,0.342,3,0,1
104547,31,34200,2.7,RENT,G,venture,11900,7.33,0.348,12,0,1
104548,28,178800,5.0,MORTGAGE,B,education,11800,9.32,0.066,9,0,0
104549,20,44300,5.7,MORTGAGE,D,credit_card,11200,10.7,0.253,2,0,0
104550,21,65800,5.3,RENT,B,debt_consolidation,3200,15.85,0.049,2,0,1
104551,40,33500,1.0,RENT,A,debt_consolidation,8500,8.77,0.254,24,0,0
104552,31,20700,5.8,OWN,D,medical,9400,12.54,0.454,11,0,0
104553,39,34500,5.4,RENT,A,venture,11000,5.73,0.319,24,0,0
104554,26,34700,0.7,RENT,D,medical,7700,10.67,0.222,10,0,1
104555,23,34600,6.7,MORTGAGE,B,credit_card,12000,9.63,0.347,6,0,0
104556,20,21400,1.6,OWN,D,debt_consolidation,4800,15.89,0.224,2,0,1
104557,36,55500,9.6,MORTGAGE,D,credit_card,24200,8.65,0.436,19,0,1
104558,32,42800,3.7,RENT,D,credit_card,11000,5.72,0.257,13,0,0
104559,26,22100,10.1,RENT,A,debt_consolidation,4900,9.8,0.222,6,0,0
104560,23,54600,1.3,RENT,D,debt_consolidation,17100,9.14,0.313,4,0,0
104561,37,78400,1.9,RENT,G,debt_consolidation,4400,12.23,0.056,16,0,0
104562,28,99600,0.2,MORTGAGE,B,debt_consolidation,8100,16.12,0.081,11,0,0
104563,28,13600,4.9,RENT,B,small_business,8600,10.16,0.632,8,1,1
104564,25,34500,1.2,RENT,E,credit_card,6500,12.68,0.188,8,0,0
104565,26,24200,3.4,OWN,A,credit_card,7600,11.01,0.314,9,1,0
104566,33,36000,8.7,RENT,D,home_improvement,8400,13.17,0.233,16,0,0
104567,20,110600,4.5,RENT,D,venture,4500,7.86,0.041,2,1,0
104568,30,34500,15.3,MORTGAGE,A,small_business,9400,11.29,0.272,10,1,0
104569,36,39700,9.3,RENT,C,home_improvement,8100,14.78,0.204,17,0,0
104570,28,32700,3.3,RENT,C,small_business,23600,8.63,0.722,8,0,1
104571,36,126000,5.1,OTHER,B,small_business,18300,10.75,0.145,18,0,0
104572,38,14500,2.6,MORTGAGE,E,small_business,5400,11.13,0.372,20,0,1
104573,35,37900,4.0,MORTGAGE,A,credit_card,7500,6.03,0.198,21,0,0
104574,25,32000,16.1,MORTGAGE,B,credit_card,5500,13.97,0.172,11,0,0
104575,29,20000,2.1,RENT,E,credit_card,7000,9.32,0.35,14,0,0
104576,31,94500,5.1,MORTGAGE,B,credit_card,13000,11.21,0.138,13,0,0
104577,26,19100,8.8,MORTGAGE,E,debt_consolidation,7700,13.58,0.403,5,0,1
104578,25,40000,0.2,RENT,A,credit_card,6200,13.95,0.155,7,0,0
104579,25,49400,0.7,RENT,C,credit_card,11300,7.09,0.229,7,1,1
104580,47,34100,0.2,MORTGAGE,A,home_improvement,2800,12.87,0.082,29,0,0
104581,27,19900,2.0,RENT,D,credit_card,6600,14.92,0.332,10,1,1
104582,36,47000,1.4,RENT,E,debt_consolidation,17200,9.01,0.366,19,0,1
104583,23,33900,1.2,RENT,E,debt_consolidation,17700,14.24,0.522,2,0,0
104584,41,80400,3.7,MORTGAGE,G,credit_card,16600,12.86,0.206,26,0,1
104585,26,68500,1.8,RENT,D,small_business,4100,13.16,0.06,10,1,0
104586,29,150100,6.2,MORTGAGE,D,debt_consolidation,4100,14.49,0.027,10,0,0
104587,20,54700,2.9,RENT,C,debt_consolidation,6200,8.2,0.113,4,0,0
104588,37,71300,3.1,MORTGAGE,F,debt_consolidation,8200,7.99,0.115,18,0,0
104589,38,42300,0.8,RENT,D,credit_card,5400,15.58,0.128,20,0,1
104590,21,132100,5.6,RENT,E,debt_consolidation,3200,10.29,0.024,3,1,1
104591,37,51800,3.8,MORTGAGE,B,credit_card,13500,6.19,0.261,18,0,0
104592,20,48700,2.4,MORTGAGE,C,home_improvement,12300,10.85,0.253,2,1,0
104593,33,69400,5.7,RENT,D,education,5900,11.05,0.085,20,0,0
104594,27,36100,2.8,MORTGAGE,B,home_improvement,12000,12.33,0.332,10,0,0
104595,38,39200,3.6,MORTGAGE,B,debt_consolidation,13600,10.06,0.347,20,0,0
104596,31,69400,8.2,RENT,G,credit_card,2200,17.7,0.032,17,0,1
104597,36,77100,5.5,MORTGAGE,C,medical,11500,8.22,0.149,15,1,1
104598,38,71600,0.5,RENT,B,debt_consolidation,7800,5.4,0.109,20,0,1
104599,27,49300,0.5,MORTGAGE,B,education,2000,6.17,0.041,8,0,0
104600,29,59800,4.0,RENT,B,credit_card,14200,8.8,0.237,10,0,0
104601,21,87400,1.3,OWN,D,debt_consolidation,8500,13.16,0.097,3,0,0
104602,27,28200,0.6,MORTGAGE,F,debt_consolidation,3400,10.71,0.121,8,0,0
104603,42,51600,10.7,MORTGAGE,G,education,10100,12.69,0.196,20,0,0
104604,34,12000,4.2,RENT,D,venture,9000,9.03,0.75,14,0,1
104605,22,77400,1.2,MORTGAGE,D,education,10900,12.92,0.141,2,0,1
104606,40,33500,2.8,RENT,B,debt_consolidation,2800,5.74,0.084,21,0,0
104607,32,34000,2.0,RENT,E,small_business,6900,12.01,0.203,12,0,0
104608,35,48200,0.3,RENT,B,debt_consolidation,4700,13.58,0.098,17,1,1
104609,32,72400,11.1,MORTGAGE,A,credit_card,7400,8.11,0.102,14,0,0
104610,32,192000,10.4,MORTGAGE,G,small_business,3200,17.48,0.017,10,0,0
104611,20,21900,7.4,OWN,E,venture,4400,5.4,0.201,2,0,0
104612,37,32300,2.7,RENT,B,credit_card,18900,13.95,0.585,19,0,1
104613,20,58400,0.6,OWN,D,credit_card,15300,14.43,0.262,2,0,0
104614,36,34600,4.5,MORTGAGE,C,debt_consolidation,13800,8.31,0.399,14,0,0
104615,30,81600,5.4,OWN,B,credit_card,18200,12.56,0.223,14,0,0
104616,35,47000,1.2,MORTGAGE,B,debt_consolidation,2900,8.33,0.062,18,0,0
104617,30,83900,1.1,RENT,A,medical,7900,12.48,0.094,17,0,0
104618,36,45000,4.3,OWN,C,debt_consolidation,9300,10.62,0.207,22,1,0
104619,29,69500,4.2,MORTGAGE,C,small_business,6500,11.42,0.094,9,1,0
104620,31,30400,0.7,MORTGAGE,C,debt_consolidation,2900,9.31,0.095,13,0,1
104621,32,149600,3.7,RENT,B,credit_card,13200,9.33,0.088,14,0,0
104622,42,20200,7.8,RENT,F,debt_consolidation,11400,8.63,0.564,27,0,1
104623,33,34900,0.9,RENT,D,credit_card,5800,13.73,0.166,14,0,0
104624,20,23600,1.3,MORTGAGE,E,credit_card,12900,17.42,0.547,5,0,1
104625,25,80000,0.6,RENT,A,home_improvement,8700,19.62,0.109,8,0,0
104626,33,69300,5.1,OWN,D,venture,11500,14.79,0.166,13,0,0
104627,38,26400,1.8,RENT,E,debt_consolidation,4900,11.4,0.186,18,0,1
104628,24,89200,3.1,RENT,B,home_improvement,9200,15.01,0.103,8,1,0
104629,45,35100,1.7,RENT,B,education,9300,12.69,0.265,29,0,0
104630,30,63800,1.5,RENT,B,debt_consolidation,7100,10.19,0.111,14,0,0
104631,32,72600,0.8,RENT,B,education,1900,18.53,0.026,9,0,0
104632,20,45000,3.4,MORTGAGE,C,venture,8900,14.95,0.198,2,0,0
104633,37,85000,2.2,OTHER,B,medical,9200,8.76,0.108,22,0,0
104634,26,47600,7.6,RENT,B,credit_card,4800,14.91,0.101,5,0,0
104635,24,62100,4.3,RENT,D,small_business,11100,13.52,0.179,7,0,0
104636,27,44300,2.9,MORTGAGE,A,credit_card,9300,8.07,0.21,8,0,0
104637,39,18400,2.2,RENT,B,home_improvement,10100,11.72,0.549,19,1,1
104638,32,48100,0.3,MORTGAGE,D,venture,6600,11.25,0.137,13,0,1
104639,23,31900,3.6,MORTGAGE,A,debt_consolidation,3200,5.4,0.1,8,0,0
104640,25,110800,3.1,MORTGAGE,B,medical,3200,6.38,0.029,9,0,0
104641,39,24300,9.7,RENT,B,credit_card,11800,15.39,0.486,21,0,0
104642,27,101100,1.3,OWN,A,debt_consolidation,4400,8.88,0.044,13,0,0
104643,33,46700,16.8,OWN,C,home_improvement,5200,13.59,0.111,11,0,1
104644,35,64400,1.5,RENT,A,medical,12900,16.05,0.2,16,0,0
104645,20,24100,3.5,MORTGAGE,B,credit_card,2500,5.4,0.104,5,0,0
104646,38,43500,4.0,RENT,G,medical,3300,17.29,0.076,20,0,0
104647,23,35800,4.0,RENT,F,credit_card,12500,10.88,0.349,5,0,0
104648,26,163900,0.5,OWN,B,education,8500,12.89,0.052,8,0,0
104649,40,35300,0.8,RENT,B,home_improvement,2700,18.47,0.076,21,1,1
104650,39,97200,6.4,RENT,C,medical,6400,14.97,0.066,23,0,0
104651,32,97900,0.5,RENT,E,debt_consolidation,8900,10.86,0.091,12,0,1
104652,34,96400,3.8,MORTGAGE,E,credit_card,4400,9.58,0.046,21,0,1
104653,36,37200,1.0,OWN,A,education,3700,9.88,0.099,15,1,0
104654,39,139100,9.7,MORTGAGE,A,debt_consolidation,3200,9.46,0.023,24,1,0
104655,40,155900,2.0,MORTGAGE,C,credit_card,12900,16.04,0.083,24,0,1
104656,30,63100,5.4,RENT,E,medical,14400,13.44,0.228,11,0,0
104657,24,39900,1.0,MORTGAGE,E,small_business,12300,12.25,0.308,7,0,0
104658,27,32100,0.7,RENT,A,medical,16000,10.71,0.498,11,0,0
104659,30,66800,6.8,MORTGAGE,C,small_business,16400,14.12,0.246,13,0,1
104660,29,53400,2.9,MORTGAGE,A,venture,3500,5.4,0.066,7,0,0
104661,22,57000,2.9,OWN,D,credit_card,14100,18.21,0.247,5,0,1
104662,32,24600,3.2,MORTGAGE,F,home_improvement,8600,10.54,0.35,11,0,1
104663,20,52500,2.2,MORTGAGE,C,medical,23000,8.07,0.438,4,0,0
104664,30,96700,3.8,RENT,A,small_business,40000,15.63,0.414,14,0,0
104665,30,80700,1.7,RENT,C,debt_consolidation,7300,15.54,0.09,9,0,0
104666,30,41000,1.5,MORTGAGE,C,credit_card,6900,11.23,0.168,8,1,0
104667,35,48500,13.0,MORTGAGE,E,credit_card,6600,16.28,0.136,16,1,0
104668,34,23000,0.1,MORTGAGE,B,small_business,8400,15.11,0.365,16,0,0
104669,45,35700,1.0,MORTGAGE,E,credit_card,9200,12.87,0.258,27,0,1
104670,25,42700,0.4,RENT,B,medical,34600,5.6,0.81,8,1,0
104671,31,73000,2.0,RENT,A,medical,8800,11.96,0.121,13,0,0
104672,31,34900,15.3,RENT,B,debt_consolidation,6400,11.53,0.183,13,0,0
104673,30,29100,1.0,MORTGAGE,A,home_improvement,8200,10.6,0.282,10,0,0
104674,20,78200,2.2,OWN,B,credit_card,5100,10.17,0.065,2,0,0
104675,21,40800,5.9,MORTGAGE,D,debt_consolidation,3200,14.21,0.078,4,0,0
104676,29,32500,3.0,MORTGAGE,A,credit_card,7500,7.02,0.231,12,1,1
104677,20,80600,2.4,MORTGAGE,A,credit_card,29200,15.8,0.362,2,0,0
104678,27,66300,0.6,RENT,A,medical,13200,11.32,0.199,7,0,0
104679,24,46000,1.3,RENT,A,credit_card,6200,8.47,0.135,9,0,0
104680,27,42500,7.4,RENT,E,debt_consolidation,9800,10.46,0.231,12,0,0
104681,37,63500,6.2,OWN,F,credit_card,32300,12.22,0.509,21,0,0
104682,21,69300,8.1,RENT,A,medical,9000,16.69,0.13,4,0,0
104683,35,57800,14.4,MORTGAGE,D,home_improvement,5000,14.06,0.087,15,0,0
104684,25,55100,0.2,RENT,D,debt_consolidation,8400,15.75,0.152,10,1,1
104685,26,36900,10.3,MORTGAGE,G,education,11500,11.27,0.312,9,1,0
104686,32,38200,5.0,RENT,B,debt_consolidation,10200,10.74,0.267,12,0,1
104687,27,46900,3.6,OWN,B,debt_consolidation,18000,18.18,0.384,10,0,0
104688,23,30400,3.7,RENT,C,credit_card,8600,11.0,0.283,4,0,0
104689,26,28500,0.4,OWN,E,small_business,2200,9.53,0.077,10,1,1
104690,20,49100,2.0,MORTGAGE,D,medical,10500,9.16,0.214,4,0,0
104691,32,88800,2.2,RENT,C,debt_consolidation,10100,12.56,0.114,15,1,1
104692,20,16500,1.7,MORTGAGE,B,medical,9800,7.6,0.594,2,1,0
104693,35,41600,15.3,MORTGAGE,D,small_business,5100,12.16,0.123,18,0,0
104694,33,59900,5.9,RENT,E,education,24300,12.09,0.406,16,0,0
104695,40,92900,9.3,MORTGAGE,B,education,4500,13.63,0.048,21,1,0
104696,44,138700,8.8,MORTGAGE,D,medical,4700,5.4,0.034,25,0,0
104697,36,44700,4.9,MORTGAGE,C,debt_consolidation,7100,5.4,0.159,22,1,0
104698,25,152500,0.9,MORTGAGE,C,debt_consolidation,16800,9.92,0.11,10,0,0
104699,44,66200,1.6,MORTGAGE,C,education,17200,11.0,0.26,25,0,0
104700,21,80600,2.1,RENT,D,home_improvement,11500,7.48,0.143,2,1,0
104701,20,28700,1.9,RENT,G,credit_card,13200,6.57,0.46,5,0,1
104702,42,66100,4.3,RENT,C,education,4000,13.06,0.061,28,0,0
104703,33,84600,4.5,MORTGAGE,B,education,3200,10.38,0.038,18,0,0
104704,20,35300,21.6,RENT,B,small_business,6600,14.41,0.187,2,0,0
104705,20,12300,0.2,RENT,A,education,13200,6.55,0.9,3,0,1
104706,33,55900,0.6,MORTGAGE,B,debt_consolidation,13400,11.11,0.24,13,0,0
104707,23,45800,3.6,RENT,A,small_business,5000,17.52,0.109,7,0,1
104708,24,107900,25.0,RENT,C,venture,4700,10.43,0.044,5,0,0
104709,43,38300,16.6,MORTGAGE,A,debt_consolidation,15400,9.4,0.402,24,1,0
104710,44,35000,0.5,MORTGAGE,B,debt_consolidation,9000,14.78,0.257,26,0,1
104711,30,27100,1.2,MORTGAGE,E,medical,2600,15.89,0.096,11,0,1
104712,28,36400,0.5,RENT,B,credit_card,4400,9.21,0.121,11,0,0
104713,35,223400,0.7,MORTGAGE,C,debt_consolidation,10600,9.48,0.047,15,0,1
104714,25,21500,4.7,OWN,F,debt_consolidation,4200,14.62,0.195,12,0,1
104715,20,24700,0.6,RENT,C,debt_consolidation,4700,12.58,0.19,3,0,0
104716,20,50000,1.3,RENT,B,debt_consolidation,4800,12.66,0.096,2,0,1
104717,28,152700,5.7,RENT,B,education,13100,12.35,0.086,8,0,0
104718,35,77500,1.5,OWN,C,home_improvement,8100,11.32,0.105,16,0,0
104719,29,121000,0.6,RENT,C,small_business,20400,15.11,0.169,11,0,1
104720,35,41700,6.6,MORTGAGE,A,debt_consolidation,6400,16.5,0.153,16,0,0
104721,35,24000,4.7,MORTGAGE,C,credit_card,7200,7.79,0.3,16,0,1
104722,39,40300,2.4,OWN,C,debt_consolidation,9700,14.69,0.241,19,0,1
104723,30,48100,1.6,RENT,B,medical,5700,11.34,0.119,14,0,0
104724,31,51800,1.7,MORTGAGE,C,venture,3400,6.87,0.066,16,0,1
104725,29,45800,9.4,OWN,A,credit_card,6700,8.17,0.146,9,0,0
104726,27,71300,1.1,RENT,B,venture,5400,10.03,0.076,9,0,0
104727,20,34800,4.7,MORTGAGE,E,debt_consolidation,7600,15.31,0.218,2,0,0
104728,37,30900,5.9,RENT,B,debt_consolidation,5800,7.78,0.188,18,1,0
104729,26,26600,2.4,RENT,C,medical,10400,5.4,0.391,12,0,0
104730,26,57700,2.3,RENT,C,credit_card,6700,10.55,0.116,10,0,0
104731,25,54600,7.6,RENT,B,education,3300,9.78,0.06,8,0,0
104732,20,93900,0.7,RENT,F,debt_consolidation,5800,15.35,0.062,2,1,1
104733,28,120700,3.0,MORTGAGE,B,medical,4200,12.42,0.035,9,1,0
104734,33,26500,4.1,MORTGAGE,B,debt_consolidation,23300,14.06,0.879,14,0,1
104735,24,52200,4.3,RENT,F,debt_consolidation,8300,10.08,0.159,8,0,1
104736,36,46000,11.4,MORTGAGE,D,credit_card,11700,7.12,0.254,21,1,0
104737,26,22100,2.5,OWN,D,venture,7700,16.22,0.348,8,0,0
104738,20,38500,7.0,RENT,A,home_improvement,22200,9.38,0.577,4,0,0
104739,39,122000,2.5,RENT,A,home_improvement,4100,13.83,0.034,20,0,0
104740,30,36400,1.2,RENT,D,debt_consolidation,5200,10.18,0.143,13,0,0
104741,35,33200,3.1,MORTGAGE,B,debt_consolidation,14900,13.87,0.449,19,0,0
104742,35,50100,1.1,MORTGAGE,B,debt_consolidation,6100,12.59,0.122,20,0,0
104743,22,85100,2.1,MORTGAGE,D,medical,5400,11.96,0.063,2,0,0
104744,25,43600,3.8,RENT,B,debt_consolidation,6000,12.99,0.138,10,0,0
104745,36,55300,9.3,MORTGAGE,A,debt_consolidation,23400,10.63,0.423,23,1,0
104746,42,14700,0.7,MORTGAGE,A,home_improvement,24900,5.4,0.9,21,0,1
104747,29,70600,6.4,RENT,C,home_improvement,10200,12.54,0.144,8,0,0
104748,25,58200,5.2,RENT,C,credit_card,9000,15.62,0.155,10,0,0
104749,41,83800,0.2,RENT,E,debt_consolidation,12500,11.34,0.149,22,0,1
104750,25,18400,4.3,MORTGAGE,A,credit_card,10100,10.37,0.549,7,0,0
104751,31,43600,9.1,OWN,B,small_business,8900,12.44,0.204,16,0,0
104752,26,87600,10.0,RENT,C,debt_consolidation,6300,15.03,0.072,6,0,1
104753,31,37900,7.8,OWN,B,small_business,5800,10.49,0.153,14,0,0
104754,22,53000,1.5,RENT,C,debt_consolidation,10600,6.12,0.2,2,0,0
104755,26,41100,0.5,MORTGAGE,F,education,8700,12.07,0.212,10,0,0
104756,25,41700,2.6,OWN,C,venture,18200,12.81,0.436,9,0,1
104757,34,97900,5.1,MORTGAGE,C,debt_consolidation,7000,12.13,0.072,17,0,0
104758,30,23600,0.1,RENT,G,credit_card,4900,9.72,0.208,12,1,1
104759,35,50100,3.0,RENT,A,credit_card,3600,12.7,0.072,17,0,1
104760,23,59200,0.0,MORTGAGE,F,medical,5300,10.67,0.09,5,0,0
104761,28,86300,1.7,MORTGAGE,C,credit_card,3700,9.93,0.043,10,0,0
104762,33,48200,8.2,RENT,C,home_improvement,15200,10.47,0.315,17,0,0
104763,35,87800,2.0,MORTGAGE,F,debt_consolidation,6400,12.12,0.073,14,0,1
104764,20,50000,2.3,RENT,C,debt_consolidation,5300,12.51,0.106,6,0,0
104765,31,55000,5.4,RENT,C,small_business,10500,9.65,0.191,14,0,0
104766,23,53900,0.1,MORTGAGE,B,home_improvement,23700,12.22,0.44,10,0,0
104767,35,73900,3.0,RENT,D,medical,6400,12.87,0.087,18,0,0
104768,42,69400,2.2,RENT,C,medical,4300,13.51,0.062,24,0,0
104769,20,27900,0.1,RENT,B,home_improvement,6500,13.23,0.233,3,0,0
104770,24,58100,3.7,OWN,D,credit_card,2900,16.19,0.05,4,0,1
104771,31,69400,3.5,RENT,D,education,10800,13.97,0.156,11,0,0
104772,29,115100,7.1,RENT,B,medical,11100,18.72,0.096,11,0,0
104773,36,29600,4.8,RENT,A,education,6400,15.21,0.216,18,0,0
104774,30,69300,11.4,RENT,C,venture,4400,15.1,0.063,14,0,0
104775,25,42600,2.4,RENT,A,credit_card,30300,7.09,0.711,7,0,0
104776,22,57300,4.6,RENT,A,small_business,4100,14.22,0.072,7,0,0
104777,21,28600,4.7,RENT,C,small_business,5400,14.56,0.189,2,0,0
104778,24,51200,6.5,MORTGAGE,A,debt_consolidation,8300,11.34,0.162,10,0,0
104779,25,61400,2.8,RENT,B,home_improvement,13000,5.4,0.212,6,0,0
104780,32,30200,0.5,RENT,D,credit_card,7500,5.4,0.248,16,0,0
104781,28,114300,2.5,MORTGAGE,B,credit_card,8300,10.49,0.073,13,1,0
104782,24,22000,0.1,RENT,G,debt_consolidation,11300,9.56,0.514,4,1,1
104783,22,69300,0.0,RENT,F,small_business,40000,6.13,0.577,7,0,1
104784,24,13600,5.3,OTHER,C,small_business,5900,12.89,0.434,8,0,1
104785,25,44800,5.9,MORTGAGE,F,credit_card,6100,7.42,0.136,11,0,0
104786,24,67100,4.2,MORTGAGE,E,debt_consolidation,7600,5.5,0.113,6,0,0
104787,34,76300,1.3,MORTGAGE,B,credit_card,11800,18.93,0.155,16,0,0
104788,39,48600,0.2,OWN,D,debt_consolidation,32500,13.32,0.669,20,0,1
104789,21,45100,1.4,RENT,A,debt_consolidation,7600,9.97,0.169,2,1,0
104790,37,70400,4.2,RENT,D,credit_card,11000,6.41,0.156,19,0,1
104791,34,86900,1.6,MORTGAGE,C,education,2500,8.31,0.029,17,0,0
104792,30,110100,1.2,RENT,A,credit_card,8400,9.26,0.076,14,0,0
104793,40,25300,3.0,MORTGAGE,B,home_improvement,8000,9.54,0.316,20,0,0
104794,28,46100,5.1,RENT,F,education,14200,10.34,0.308,10,0,0
104795,32,15400,5.4,RENT,B,credit_card,6100,7.25,0.396,15,0,0
104796,30,24300,2.4,MORTGAGE,B,education,4100,8.36,0.169,8,0,0
104797,29,35000,2.2,MORTGAGE,B,debt_consolidation,9200,5.4,0.263,13,0,0
104798,32,82900,0.6,MORTGAGE,C,credit_card,3400,5.4,0.041,14,1,0
104799,29,39600,1.8,RENT,E,debt_consolidation,5200,5.97,0.131,11,0,1
104800,32,44000,6.8,RENT,D,credit_card,8400,9.3,0.191,17,0,0
104801,24,60800,3.6,MORTGAGE,C,venture,2200,10.39,0.036,4,0,0
104802,25,35600,10.5,RENT,B,home_improvement,7000,13.18,0.197,5,0,0
104803,24,17200,9.6,MORTGAGE,A,home_improvement,19300,12.99,0.9,2,0,1
104804,26,34200,2.4,MORTGAGE,C,debt_consolidation,3300,13.75,0.096,8,0,0
104805,36,48200,8.9,RENT,E,education,5600,10.4,0.116,20,0,0
104806,26,66700,0.8,RENT,D,credit_card,11200,13.86,0.168,4,0,0
104807,34,46000,1.2,MORTGAGE,C,debt_consolidation,12700,5.4,0.276,14,0,0
104808,31,66100,3.3,RENT,C,venture,8400,13.67,0.127,13,0,0
104809,26,85700,2.6,RENT,C,credit_card,7300,11.36,0.085,7,0,0
104810,38,95400,5.8,OWN,C,credit_card,20100,14.96,0.211,19,1,0
104811,34,56700,1.1,RENT,C,debt_consolidation,9100,5.4,0.16,16,0,0
104812,29,27600,8.9,MORTGAGE,D,debt_consolidation,4500,14.78,0.163,15,0,0
104813,28,26000,3.6,RENT,C,medical,8700,5.65,0.335,10,1,0
104814,30,27400,1.6,RENT,F,credit_card,7500,15.53,0.274,13,0,1
104815,20,28500,0.1,MORTGAGE,C,venture,6400,8.46,0.225,3,0,0
104816,23,54400,11.2,RENT,A,debt_consolidation,3200,13.0,0.059,2,0,0
104817,32,145500,2.3,MORTGAGE,B,home_improvement,8100,11.19,0.056,15,0,0
104818,20,57900,1.5,RENT,C,small_business,11200,15.15,0.193,2,0,0
104819,24,49200,2.3,MORTGAGE,C,home_improvement,12200,12.04,0.248,6,1,0
104820,26,87500,0.7,MORTGAGE,C,credit_card,8200,17.15,0.094,10,0,0
104821,49,32700,10.7,MORTGAGE,D,home_improvement,8300,8.91,0.254,30,0,0
104822,34,91400,4.8,RENT,B,small_business,6000,7.77,0.066,18,1,0
104823,37,87800,0.1,RENT,D,education,13800,9.15,0.157,16,0,1
104824,23,53200,0.2,RENT,D,debt_consolidation,4200,13.78,0.079,6,0,0
104825,32,163000,11.8,OWN,C,credit_card,6100,13.93,0.037,15,0,0
104826,20,95200,1.7,MORTGAGE,C,home_improvement,5200,6.87,0.055,2,0,0
104827,27,52800,25.0,MORTGAGE,A,debt_consolidation,7600,8.45,0.144,10,1,0
104828,33,47600,0.6,RENT,C,debt_consolidation,16700,12.54,0.351,9,0,0
104829,20,40600,12.7,RENT,E,venture,4200,15.98,0.103,2,0,0
104830,32,48000,2.0,RENT,F,debt_consolidation,9400,8.97,0.196,15,0,0
104831,32,48700,1.3,RENT,C,debt_consolidation,9600,6.36,0.197,13,0,1
104832,25,43200,5.1,RENT,B,home_improvement,4800,15.11,0.111,7,0,0
104833,23,45800,1.3,RENT,D,debt_consolidation,7300,5.4,0.159,10,1,1
104834,24,26700,2.8,RENT,D,debt_consolidation,4900,13.44,0.184,5,0,1
104835,27,37700,2.9,MORTGAGE,B,debt_consolidation,8600,5.4,0.228,7,0,0
104836,27,21400,5.7,MORTGAGE,E,debt_consolidation,7600,11.07,0.355,13,0,0
104837,33,64700,3.3,RENT,A,credit_card,18500,10.23,0.286,16,0,0
104838,25,53900,2.5,MORTGAGE,A,medical,5300,8.68,0.098,9,0,0
104839,40,48200,0.4,MORTGAGE,A,credit_card,7400,16.68,0.154,19,0,0
104840,40,83900,4.4,RENT,A,credit_card,6600,11.2,0.079,17,0,0
104841,31,32000,2.6,MORTGAGE,E,home_improvement,17100,10.89,0.534,11,0,0
104842,27,34900,3.0,MORTGAGE,C,debt_consolidation,6200,10.58,0.178,9,0,0
104843,25,22800,9.9,MORTGAGE,B,credit_card,5000,8.74,0.219,6,0,0
104844,31,90500,1.4,OWN,C,credit_card,5300,18.08,0.059,12,1,1
104845,32,71900,2.5,RENT,B,credit_card,5200,10.14,0.072,10,0,0
104846,28,107100,2.1,MORTGAGE,B,credit_card,5900,18.18,0.055,10,0,0
104847,26,123100,2.2,RENT,A,debt_consolidation,5100,8.53,0.041,8,0,0
104848,31,40800,3.4,RENT,D,education,8200,11.57,0.201,9,0,0
104849,29,34900,3.8,RENT,A,venture,4000,9.78,0.115,10,1,0
104850,25,19200,0.3,RENT,D,education,11100,8.61,0.578,7,0,1
104851,30,28200,2.3,RENT,B,debt_consolidation,8300,10.82,0.294,14,0,0
104852,25,43100,3.9,MORTGAGE,D,small_business,19800,17.49,0.459,6,0,0
104853,24,16600,4.5,RENT,E,home_improvement,10500,16.14,0.633,8,0,0
104854,29,28500,5.0,RENT,A,debt_consolidation,9900,11.59,0.347,13,0,0
104855,25,49200,0.9,RENT,A,education,24500,6.58,0.498,5,0,0
104856,24,84200,2.7,RENT,F,medical,10300,12.66,0.122,7,0,1
104857,36,34700,1.9,MORTGAGE,C,debt_consolidation,7200,9.6,0.207,20,0,1
104858,26,55300,3.1,MORTGAGE,D,venture,5000,8.03,0.09,10,0,0
104859,42,143600,4.0,MORTGAGE,A,debt_consolidation,18000,13.8,0.125,25,0,0
104860,33,19100,17.2,OTHER,B,credit_card,4700,6.89,0.246,15,0,0
104861,23,93600,8.8,RENT,C,debt_consolidation,4300,11.87,0.046,2,0,0
104862,37,63500,1.4,RENT,E,debt_consolidation,4300,13.11,0.068,21,0,0
104863,24,103400,2.2,MORTGAGE,B,venture,5400,13.87,0.052,3,0,0
104864,43,87700,6.9,MORTGAGE,D,home_improvement,8300,6.88,0.095,25,0,0
104865,31,35800,0.1,OTHER,D,debt_consolidation,7000,17.52,0.196,15,0,0
104866,33,51600,0.3,MORTGAGE,A,medical,10800,12.46,0.209,13,0,0
104867,29,23100,2.3,MORTGAGE,B,education,4400,11.4,0.19,11,0,0
104868,31,38700,0.3,RENT,B,education,5000,6.63,0.129,10,0,0
104869,27,52400,4.1,RENT,C,education,8800,8.43,0.168,8,0,1
104870,23,60900,0.2,MORTGAGE,D,education,4800,10.11,0.079,3,0,0
104871,31,79600,0.4,MORTGAGE,C,home_improvement,3800,11.29,0.048,11,0,0
104872,36,123100,0.4,MORTGAGE,B,credit_card,3500,12.63,0.028,19,0,0
104873,21,40600,5.2,OTHER,D,education,7900,10.12,0.195,4,0,1
104874,40,96700,3.5,RENT,C,debt_consolidation,7800,16.61,0.081,21,0,0
104875,33,59700,0.3,RENT,C,debt_consolidation,7600,10.03,0.127,16,0,0
104876,26,25100,6.8,OWN,C,credit_card,15800,12.09,0.629,7,0,0
104877,26,47400,0.0,MORTGAGE,B,debt_consolidation,9600,15.48,0.203,7,0,0
104878,42,54900,8.6,MORTGAGE,D,home_improvement,8100,9.41,0.148,22,0,1
104879,36,32500,1.0,MORTGAGE,B,education,17000,6.47,0.523,17,0,1
104880,37,29100,4.5,OTHER,B,credit_card,13900,9.9,0.478,15,1,1
104881,27,28500,3.1,RENT,A,credit_card,5400,14.68,0.189,13,0,0
104882,33,38200,3.0,RENT,C,credit_card,12800,11.64,0.335,17,0,1
104883,31,32000,1.2,RENT,C,small_business,21500,13.83,0.672,18,0,1
104884,28,101400,2.3,RENT,B,debt_consolidation,21500,6.67,0.212,12,0,0
104885,30,13400,5.7,MORTGAGE,E,debt_consolidation,13900,5.58,0.9,13,0,1
104886,37,54800,5.6,RENT,E,home_improvement,10000,13.48,0.182,15,0,1
104887,40,68900,0.8,MORTGAGE,A,credit_card,9500,12.65,0.138,24,0,0
104888,27,30300,2.1,RENT,D,credit_card,18100,8.1,0.597,12,0,0
104889,20,45400,2.5,MORTGAGE,B,debt_consolidation,3900,7.27,0.086,2,0,0
104890,41,42700,2.1,RENT,G,debt_consolidation,16300,10.8,0.382,24,0,1
104891,41,49400,12.8,MORTGAGE,B,small_business,8700,11.23,0.176,23,0,0
104892,32,74200,0.1,RENT,B,credit_card,4900,7.01,0.066,14,0,0
104893,42,70600,1.7,MORTGAGE,C,credit_card,4200,11.15,0.059,25,1,0
104894,31,37000,4.9,RENT,B,education,3200,6.18,0.086,14,0,0
104895,23,22500,9.0,MORTGAGE,D,small_business,11100,9.11,0.493,3,1,1
104896,20,56400,15.3,MORTGAGE,C,debt_consolidation,23300,6.67,0.413,4,0,0
104897,20,35900,5.7,OWN,B,home_improvement,6200,11.01,0.173,2,0,0
104898,29,38600,1.1,OWN,C,debt_consolidation,5100,9.1,0.132,12,1,0
104899,26,58300,6.7,RENT,E,debt_consolidation,15800,16.26,0.271,9,1,1
104900,25,40600,3.6,RENT,E,small_business,8600,12.5,0.212,6,0,1
104901,28,61000,0.7,RENT,C,debt_consolidation,16200,6.68,0.266,13,0,0
104902,35,205300,1.1,RENT,B,debt_consolidation,4700,14.68,0.023,13,1,1
104903,25,75100,1.5,RENT,A,education,11600,10.69,0.154,8,0,0
104904,24,108000,1.9,OWN,E,small_business,22000,14.12,0.204,6,0,0
104905,26,68300,6.5,OWN,D,education,4500,6.74,0.066,11,1,0
104906,35,53800,4.9,RENT,C,education,6800,13.56,0.126,18,0,1
104907,29,68800,4.9,MORTGAGE,E,debt_consolidation,6600,18.78,0.096,7,1,0
104908,31,67000,7.2,MORTGAGE,A,home_improvement,12200,13.5,0.182,12,0,0
104909,40,82800,6.6,RENT,D,credit_card,16200,9.27,0.196,25,0,1
104910,49,53200,1.3,OWN,B,small_business,5600,15.54,0.105,31,0,0
104911,33,25100,1.9,OTHER,A,credit_card,32000,8.94,0.9,13,0,0
104912,33,23000,5.4,OWN,C,debt_consolidation,8400,13.14,0.365,15,1,1
104913,21,66400,7.3,MORTGAGE,B,debt_consolidation,5900,19.49,0.089,6,0,0
104914,32,27700,5.6,RENT,F,medical,17800,9.32,0.643,12,0,0
104915,29,75200,4.7,RENT,B,debt_consolidation,8800,13.25,0.117,9,0,1
104916,35,107600,1.9,OTHER,E,home_improvement,6600,18.63,0.061,17,0,1
104917,26,45600,2.6,RENT,D,medical,6000,14.95,0.132,7,1,0
104918,30,100300,0.5,RENT,D,small_business,25800,13.98,0.257,13,1,1
104919,33,59400,4.6,RENT,F,credit_card,4700,5.4,0.079,14,0,1
104920,42,52300,0.9,MORTGAGE,C,debt_consolidation,15100,7.94,0.289,25,1,0
104921,40,53600,8.8,RENT,B,education,5200,14.53,0.097,25,0,0
104922,38,32600,0.3,MORTGAGE,A,credit_card,5800,10.29,0.178,18,0,0
104923,34,30400,0.4,MORTGAGE,B,credit_card,7700,9.63,0.253,18,0,0
104924,26,20900,4.8,RENT,E,venture,10500,15.64,0.502,10,0,1
104925,34,34400,1.5,RENT,C,debt_consolidation,3300,13.79,0.096,14,1,0
104926,24,167200,1.6,MORTGAGE,B,credit_card,6000,8.45,0.036,9,0,1
104927,28,22700,4.5,MORTGAGE,B,debt_consolidation,14300,14.15,0.63,8,0,0
104928,41,27000,3.5,OWN,C,debt_consolidation,14200,7.94,0.526,20,0,1
104929,33,33100,1.7,MORTGAGE,D,credit_card,6900,5.68,0.208,13,1,0
104930,31,34000,2.2,RENT,B,small_business,4200,12.54,0.124,11,1,1
104931,31,59800,0.6,MORTGAGE,D,debt_consolidation,9100,6.93,0.152,12,0,0
104932,28,36800,1.1,MORTGAGE,D,small_business,12800,6.87,0.348,8,0,0
104933,20,46200,3.5,MORTGAGE,E,medical,9000,7.71,0.195,3,0,0
104934,20,32300,5.2,MORTGAGE,B,education,17600,11.97,0.545,2,0,0
104935,33,39700,4.8,RENT,D,debt_consolidation,7000,14.2,0.176,15,0,0
104936,23,49900,3.4,MORTGAGE,A,medical,3900,10.31,0.078,6,0,0
104937,28,47900,5.2,MORTGAGE,B,debt_consolidation,5800,7.02,0.121,13,0,0
104938,20,153200,2.1,RENT,D,small_business,8100,7.3,0.053,2,0,0
104939,24,50700,7.7,MORTGAGE,D,credit_card,5500,5.76,0.108,5,1,0
104940,29,45900,3.2,RENT,B,small_business,6100,13.93,0.133,13,0,1
104941,35,13100,7.1,MORTGAGE,E,debt_consolidation,13800,8.1,0.9,20,0,1
104942,37,58800,5.2,MORTGAGE,A,home_improvement,5200,12.16,0.088,19,0,0
104943,24,17400,7.4,RENT,C,debt_consolidation,3900,5.4,0.224,6,1,0
104944,31,69800,0.3,RENT,G,debt_consolidation,12700,15.92,0.182,13,0,0
104945,20,55700,0.5,MORTGAGE,C,home_improvement,11600,11.29,0.208,2,1,1
104946,29,79900,7.3,RENT,E,debt_consolidation,4600,5.69,0.058,10,0,0
104947,36,36400,4.1,RENT,C,small_business,12000,9.16,0.33,18,0,1
104948,29,52300,6.9,MORTGAGE,E,small_business,4400,11.99,0.084,12,0,0
104949,38,74700,0.2,RENT,D,home_improvement,5400,8.15,0.072,22,0,0
104950,35,30900,2.8,MORTGAGE,D,small_business,4400,12.64,0.142,15,1,1
104951,31,72100,1.2,RENT,B,medical,6300,15.93,0.087,13,0,0
104952,27,70300,0.4,RENT,D,education,11100,14.62,0.158,8,0,0
104953,25,47800,3.9,RENT,B,debt_consolidation,9400,11.24,0.197,6,0,0
104954,20,122800,1.9,OWN,G,home_improvement,5200,16.47,0.042,2,0,1
104955,20,68400,8.6,MORTGAGE,B,small_business,9000,12.03,0.132,4,0,0
104956,36,20500,2.1,RENT,B,debt_consolidation,10000,10.87,0.488,18,0,0
104957,40,88800,4.9,RENT,E,debt_consolidation,13700,10.97,0.154,23,0,1
104958,21,35900,0.4,MORTGAGE,B,debt_consolidation,9900,11.64,0.276,2,0,1
104959,29,79900,1.2,MORTGAGE,B,home_improvement,12200,12.89,0.153,9,1,0
104960,20,60600,0.3,RENT,D,credit_card,8400,8.1,0.139,2,0,0
104961,22,12100,3.9,RENT,A,home_improvement,5200,15.4,0.43,11,1,0
104962,31,71900,3.0,MORTGAGE,A,home_improvement,8900,15.99,0.124,11,0,0
104963,25,45600,13.7,MORTGAGE,C,home_improvement,15800,20.22,0.346,7,0,0
104964,20,40000,0.6,MORTGAGE,B,debt_consolidation,16300,5.4,0.408,3,0,0
104965,41,40900,2.4,MORTGAGE,B,small_business,2000,11.45,0.049,23,0,0
104966,29,79500,0.5,MORTGAGE,A,home_improvement,11500,8.44,0.145,10,0,0
104967,21,31000,4.0,MORTGAGE,B,debt_consolidation,6200,13.66,0.2,4,0,0
104968,30,95100,2.8,MORTGAGE,B,debt_consolidation,10100,15.73,0.106,10,1,0
104969,28,22300,2.3,MORTGAGE,A,debt_consolidation,3800,11.48,0.17,11,0,0
104970,32,60600,1.6,RENT,D,education,6400,10.24,0.106,13,1,0
104971,27,78800,7.7,OWN,D,debt_consolidation,3400,9.61,0.043,11,0,1
104972,31,77800,0.7,RENT,A,debt_consolidation,6400,10.66,0.082,9,0,0
104973,36,57000,4.6,MORTGAGE,B,debt_consolidation,11300,12.72,0.198,18,0,0
104974,20,46000,0.5,MORTGAGE,E,debt_consolidation,10400,12.69,0.226,2,0,1
104975,24,38100,0.7,MORTGAGE,C,credit_card,26400,16.75,0.693,8,0,1
104976,35,26300,0.8,RENT,C,medical,6100,10.8,0.232,19,0,0
104977,25,35300,0.7,OWN,C,credit_card,5000,14.67,0.142,2,0,0
104978,28,30400,1.6,RENT,B,medical,17400,8.2,0.572,8,0,0
104979,26,27800,1.4,RENT,E,debt_consolidation,3200,6.85,0.115,10,1,0
104980,26,139000,2.1,OWN,F,credit_card,9000,15.04,0.065,8,0,0
104981,26,20000,2.4,RENT,F,medical,10700,12.91,0.535,9,0,1
104982,20,95700,2.1,MORTGAGE,B,home_improvement,2300,9.56,0.024,2,0,0
104983,32,26100,15.9,MORTGAGE,B,medical,4400,8.15,0.169,14,0,0
104984,36,29400,1.4,OWN,A,debt_consolidation,3800,9.75,0.129,20,0,0
104985,28,29100,1.0,MORTGAGE,B,credit_card,12800,12.25,0.44,8,0,0
104986,36,28000,2.0,RENT,B,home_improvement,5700,12.03,0.204,17,0,0
104987,26,85600,7.0,MORTGAGE,D,debt_consolidation,7000,6.26,0.082,6,0,1
104988,25,71200,3.1,RENT,B,medical,3300,6.9,0.046,8,1,0
104989,32,45300,1.0,MORTGAGE,F,debt_consolidation,5200,11.97,0.115,11,1,1
104990,32,228400,6.1,MORTGAGE,A,debt_consolidation,5200,13.59,0.023,16,0,0
104991,28,51100,2.7,MORTGAGE,A,small_business,7200,8.64,0.141,9,0,0
104992,34,53300,1.0,MORTGAGE,E,small_business,6800,6.37,0.128,17,0,0
104993,20,35300,2.5,MORTGAGE,D,education,18200,11.6,0.516,2,1,0
104994,27,33100,3.5,MORTGAGE,B,education,11900,5.4,0.36,11,0,0
104995,36,38400,0.2,OWN,C,debt_consolidation,3100,10.09,0.081,20,1,1
104996,36,82300,6.0,RENT,B,home_improvement,14200,13.64,0.173,20,0,0
104997,35,70600,5.3,RENT,A,venture,13100,10.61,0.186,15,0,0
104998,36,104800,0.3,MORTGAGE,C,debt_consolidation,8400,5.86,0.08,21,0,0
104999,26,34700,0.4,RENT,B,credit_card,13900,16.92,0.401,9,0,1
105000,20,71300,13.8,RENT,C,education,15700,11.52,0.22,2,1,1
105001,27,61000,5.6,MORTGAGE,B,debt_consolidation,6200,12.25,0.102,10,0,0
105002,33,65400,4.0,MORTGAGE,D,education,4100,14.66,0.063,18,0,0
105003,35,32000,2.3,RENT,D,credit_card,11100,10.85,0.347,15,0,0
105004,25,29100,14.1,RENT,A,education,5200,10.51,0.179,5,0,0
105005,22,69300,4.1,RENT,A,home_improvement,9400,15.92,0.136,4,0,0
105006,23,83300,1.9,RENT,C,home_improvement,4600,8.55,0.055,2,0,0
105007,25,36700,1.3,RENT,D,medical,13800,14.79,0.376,7,0,1
105008,20,72000,4.1,MORTGAGE,D,debt_consolidation,5300,7.43,0.074,3,0,1
105009,25,99700,2.5,RENT,D,home_improvement,7200,8.88,0.072,7,0,0
105010,29,42200,1.9,MORTGAGE,C,education,7000,12.55,0.166,10,0,0
105011,28,23400,1.9,OWN,B,venture,3700,16.64,0.158,12,0,0
105012,27,25000,0.1,RENT,C,venture,14700,12.03,0.588,9,0,0
105013,24,35500,11.7,OWN,B,home_improvement,16400,6.46,0.462,4,0,0
105014,25,40300,4.4,RENT,D,home_improvement,7500,14.06,0.186,8,0,1
105015,25,50500,1.2,MORTGAGE,B,credit_card,5300,8.64,0.105,9,0,0
105016,34,51100,6.1,OTHER,B,home_improvement,7100,13.78,0.139,15,0,0
105017,29,44400,3.2,MORTGAGE,C,home_improvement,6100,12.53,0.137,14,0,0
105018,51,74900,12.0,RENT,C,debt_consolidation,8000,6.1,0.107,33,0,0
105019,27,33900,5.9,RENT,C,debt_consolidation,6800,12.8,0.201,9,0,1
105020,32,103300,9.6,RENT,C,home_improvement,4900,7.05,0.047,14,0,0
105021,27,86400,8.1,OWN,F,debt_consolidation,15100,16.37,0.175,8,1,1
105022,27,83000,1.3,RENT,E,debt_consolidation,7200,5.84,0.087,6,0,0
105023,40,35900,5.4,MORTGAGE,E,debt_consolidation,23400,10.93,0.652,26,0,1
105024,36,48300,0.9,RENT,D,medical,8600,8.09,0.178,16,0,1
105025,20,76700,1.9,RENT,D,venture,6500,16.58,0.085,4,1,1
105026,22,46200,0.6,RENT,C,home_improvement,6900,5.92,0.149,7,0,0
105027,28,35100,2.1,RENT,C,venture,6600,19.89,0.188,9,0,1
105028,25,34300,6.1,MORTGAGE,B,education,7600,10.2,0.222,8,1,0
105029,20,35200,0.6,RENT,C,debt_consolidation,9200,9.47,0.261,3,0,0
105030,30,27200,5.0,RENT,A,debt_consolidation,4400,14.28,0.162,13,0,0
105031,20,249900,21.0,MORTGAGE,A,debt_consolidation,4600,11.38,0.018,2,0,0
105032,30,17600,2.8,RENT,E,debt_consolidation,12400,8.44,0.705,11,0,1
105033,34,30000,0.7,MORTGAGE,A,home_improvement,10700,8.75,0.357,18,0,0
105034,35,71500,2.0,MORTGAGE,C,debt_consolidation,3400,9.71,0.048,14,0,0
105035,28,35400,0.4,MORTGAGE,C,education,10800,9.01,0.305,6,1,0
105036,40,42500,22.2,RENT,B,home_improvement,12900,14.42,0.304,22,0,0
105037,31,64000,4.0,RENT,E,credit_card,9300,11.81,0.145,13,0,0
105038,35,90900,4.7,MORTGAGE,B,venture,3300,13.17,0.036,17,0,0
105039,24,44300,0.7,MORTGAGE,E,venture,3900,9.99,0.088,5,0,1
105040,40,85600,1.3,RENT,D,medical,7900,13.82,0.092,24,1,0
105041,29,20300,2.6,RENT,B,medical,22800,9.0,0.9,13,0,0
105042,40,36900,3.1,RENT,A,venture,6000,8.18,0.163,22,0,0
105043,39,67700,1.9,MORTGAGE,B,home_improvement,11300,9.67,0.167,18,0,0
105044,31,152600,6.8,RENT,B,education,5700,16.63,0.037,15,0,0
105045,32,30300,3.1,OWN,B,debt_consolidation,20600,9.43,0.68,10,0,0
105046,28,27500,6.6,RENT,G,credit_card,8300,9.59,0.302,7,0,0
105047,23,62200,1.4,OWN,B,credit_card,4200,12.29,0.068,7,0,0
105048,33,53100,2.1,RENT,E,debt_consolidation,5200,11.03,0.098,13,0,0
105049,33,34700,2.7,RENT,A,debt_consolidation,4900,7.59,0.141,14,0,0
105050,20,26400,6.4,RENT,G,debt_consolidation,8600,7.25,0.326,2,0,0
105051,28,38800,0.7,RENT,B,debt_consolidation,5500,14.2,0.142,12,0,0
105052,35,68600,4.7,OTHER,C,debt_consolidation,6200,7.22,0.09,18,0,1
105053,39,42900,0.1,RENT,C,credit_card,23600,14.68,0.55,24,0,1
105054,34,98100,0.5,RENT,A,medical,5900,9.82,0.06,15,1,0
105055,20,47800,7.6,OTHER,E,home_improvement,8900,5.4,0.186,2,0,0
105056,22,71700,1.6,RENT,B,home_improvement,7000,13.83,0.098,2,0,1
105057,27,60100,4.5,RENT,C,debt_consolidation,7900,14.39,0.131,9,0,0
105058,39,41300,11.5,RENT,C,medical,11700,13.6,0.283,22,0,0
105059,25,81500,1.4,MORTGAGE,C,debt_consolidation,2400,9.82,0.029,12,0,0
105060,36,26400,17.8,OWN,A,debt_consolidation,8800,10.22,0.333,19,0,0
105061,25,38000,17.3,RENT,A,credit_card,6600,9.86,0.174,4,0,0
105062,33,41000,6.4,MORTGAGE,A,education,8900,8.9,0.217,17,0,0
105063,22,63600,9.2,RENT,B,venture,7200,12.51,0.113,2,0,0
105064,28,72900,1.0,RENT,A,medical,7300,10.76,0.1,7,1,0
105065,21,32900,2.1,MORTGAGE,F,small_business,9500,9.83,0.289,5,1,0
105066,39,30500,2.3,MORTGAGE,C,credit_card,6000,8.94,0.197,23,1,0
105067,24,53800,1.3,MORTGAGE,D,home_improvement,23900,12.03,0.444,8,0,0
105068,20,22100,0.8,RENT,B,debt_consolidation,4800,16.06,0.217,2,0,0
105069,20,89700,4.4,RENT,B,debt_consolidation,17900,11.93,0.2,6,0,1
105070,28,45600,8.4,MORTGAGE,C,venture,4100,6.62,0.09,12,0,0
105071,26,27100,13.0,MORTGAGE,B,venture,7000,11.41,0.258,6,0,0
105072,34,26800,10.4,RENT,B,debt_consolidation,9600,13.23,0.358,20,0,0
105073,27,61200,0.5,RENT,C,debt_consolidation,4900,14.06,0.08,10,0,0
105074,37,60300,8.6,MORTGAGE,C,debt_consolidation,4700,13.36,0.078,19,0,0
105075,26,33800,0.6,RENT,G,credit_card,6900,11.98,0.204,7,1,0
105076,36,48400,4.2,MORTGAGE,B,debt_consolidation,13300,21.26,0.275,12,0,1
105077,22,27700,5.5,MORTGAGE,C,home_improvement,8500,7.21,0.307,6,0,0
105078,20,44700,0.1,RENT,A,debt_consolidation,23000,16.86,0.515,2,0,1
105079,23,116000,3.6,MORTGAGE,B,debt_consolidation,11100,13.49,0.096,5,0,0
105080,21,166300,6.2,MORTGAGE,D,debt_consolidation,6300,19.76,0.038,3,0,1
105081,20,45900,1.4,MORTGAGE,A,medical,1800,6.28,0.039,2,0,0
105082,32,65400,2.3,OWN,C,debt_consolidation,3500,17.03,0.054,15,0,0
105083,27,63900,25.0,MORTGAGE,C,credit_card,7000,17.4,0.11,7,0,0
105084,30,20000,0.7,RENT,A,home_improvement,3400,10.93,0.17,9,0,0
105085,33,27400,0.6,RENT,F,medical,7300,8.44,0.266,15,0,1
105086,20,14400,0.5,MORTGAGE,C,debt_consolidation,9200,19.14,0.639,2,0,1
105087,33,66000,0.6,RENT,E,small_business,6900,8.53,0.105,11,0,0
105088,21,150200,0.8,MORTGAGE,C,debt_consolidation,7000,15.27,0.047,2,0,0
105089,25,92600,2.0,RENT,F,home_improvement,23800,16.88,0.257,7,0,1
105090,20,52800,2.1,RENT,B,credit_card,8400,10.92,0.159,2,0,0
105091,34,48900,10.6,RENT,C,education,7500,10.9,0.153,19,0,0
105092,20,42500,3.6,OWN,D,venture,4700,17.86,0.111,4,0,0
105093,21,92300,1.9,MORTGAGE,B,medical,8100,10.39,0.088,4,0,0
105094,21,58000,6.2,MORTGAGE,B,education,6200,9.49,0.107,2,0,0
105095,28,53300,7.3,RENT,G,debt_consolidation,21800,5.4,0.409,9,0,0
105096,28,28100,0.1,OWN,C,home_improvement,11100,15.54,0.395,11,0,0
105097,35,71700,0.9,OWN,D,debt_consolidation,17700,10.16,0.247,19,0,1
105098,28,47500,1.8,RENT,D,debt_consolidation,9100,14.32,0.192,11,0,0
105099,36,64100,3.2,MORTGAGE,E,credit_card,16100,10.97,0.251,17,0,1
105100,32,89300,6.2,OWN,E,small_business,4700,16.31,0.053,14,0,0
105101,22,21000,1.8,RENT,C,small_business,9300,16.45,0.443,3,0,1
105102,24,43800,4.1,RENT,B,education,5000,7.92,0.114,2,1,1
105103,40,40400,0.2,MORTGAGE,A,credit_card,6400,9.83,0.158,22,0,0
105104,38,38500,12.9,RENT,C,education,8300,13.59,0.216,19,0,0
105105,35,27900,8.5,MORTGAGE,E,education,4800,16.57,0.172,19,1,0
105106,36,34500,0.3,MORTGAGE,C,medical,3600,11.91,0.104,16,1,1
105107,32,28200,1.7,RENT,A,debt_consolidation,13900,12.27,0.493,12,0,0
105108,31,81100,12.7,RENT,B,credit_card,3200,12.75,0.039,15,0,0
105109,29,63400,0.6,MORTGAGE,C,small_business,20500,8.35,0.323,9,0,0
105110,41,61000,4.8,RENT,E,venture,5200,9.87,0.085,22,0,0
105111,26,17900,1.0,RENT,A,debt_consolidation,11100,10.83,0.62,9,0,1
105112,31,150500,0.6,RENT,C,debt_consolidation,11400,15.1,0.076,14,0,0
105113,20,41200,4.3,MORTGAGE,D,credit_card,4400,17.96,0.107,5,1,0
105114,20,134500,3.1,RENT,F,debt_consolidation,10400,8.22,0.077,2,0,1
105115,42,77800,0.7,RENT,A,medical,8900,14.1,0.114,23,0,0
105116,33,45400,2.9,MORTGAGE,F,debt_consolidation,11500,12.29,0.253,15,0,0
105117,28,158500,12.3,RENT,C,credit_card,15800,9.69,0.1,9,1,0
105118,30,70400,2.5,MORTGAGE,D,small_business,12700,8.04,0.18,13,0,1
105119,20,45500,3.6,RENT,A,credit_card,5000,12.32,0.11,2,1,1
105120,26,41600,2.7,MORTGAGE,C,debt_consolidation,7500,9.39,0.18,6,0,0
105121,20,90900,0.2,RENT,D,home_improvement,5200,12.84,0.057,2,0,0
105122,27,38400,7.2,RENT,B,credit_card,5900,7.89,0.154,9,0,0
105123,34,41800,7.9,RENT,C,venture,10600,7.53,0.254,17,0,0
105124,32,37100,2.8,OWN,C,small_business,11300,15.37,0.305,13,0,0
105125,40,34000,1.3,MORTGAGE,C,venture,11200,12.2,0.329,19,0,0
105126,31,35200,8.5,RENT,A,debt_consolidation,9500,12.12,0.27,16,1,0
105127,20,136600,3.2,RENT,C,small_business,10300,9.68,0.075,2,0,1
105128,43,89700,11.4,RENT,B,credit_card,6300,14.23,0.07,27,0,0
105129,23,58700,4.0,RENT,F,small_business,17000,10.84,0.29,7,0,1
105130,30,38100,1.7,RENT,G,credit_card,11700,14.3,0.307,15,0,1
105131,30,38100,5.9,OWN,B,debt_consolidation,8000,9.87,0.21,12,0,0
105132,31,42100,1.9,RENT,A,debt_consolidation,15100,7.68,0.359,10,1,0
105133,29,137900,6.3,OWN,B,medical,6100,8.88,0.044,7,0,1
105134,29,60500,1.8,RENT,C,medical,8700,13.02,0.144,10,0,0
105135,20,77700,18.9,MORTGAGE,E,debt_consolidation,13300,7.94,0.171,5,0,0
105136,47,57500,0.4,RENT,C,home_improvement,4100,18.02,0.071,29,1,1
105137,34,31700,8.3,RENT,A,small_business,27500,6.6,0.868,19,1,1
105138,29,54500,4.0,MORTGAGE,A,credit_card,5900,10.96,0.108,9,0,0
105139,42,28500,1.9,RENT,B,debt_consolidation,6300,15.79,0.221,27,0,1
105140,21,99500,10.2,OWN,E,education,8200,12.53,0.082,4,0,0
105141,35,34100,5.4,MORTGAGE,D,home_improvement,12200,10.23,0.358,17,1,1
105142,25,37600,4.0,OTHER,C,small_business,12800,15.64,0.34,9,1,1
105143,32,80600,2.9,MORTGAGE,B,home_improvement,18500,8.16,0.23,13,0,0
105144,32,35100,8.1,RENT,F,small_business,7800,10.46,0.222,15,0,1
105145,20,45700,5.1,RENT,B,debt_consolidation,9700,5.68,0.212,2,0,0
105146,20,12100,2.2,MORTGAGE,E,education,3500,14.68,0.289,2,1,0
105147,40,43200,4.7,RENT,E,debt_consolidation,4500,13.52,0.104,20,0,0
105148,27,71500,2.0,MORTGAGE,C,medical,7700,13.53,0.108,7,0,0
105149,43,36500,1.6,RENT,E,education,9900,11.97,0.271,22,0,1
105150,38,70100,0.1,MORTGAGE,B,home_improvement,7900,11.79,0.113,25,0,1
105151,27,51100,1.4,RENT,D,home_improvement,10800,11.89,0.211,7,0,0
105152,27,93700,1.4,RENT,A,debt_consolidation,7900,12.6,0.084,11,0,0
105153,41,34400,4.9,OWN,C,credit_card,7100,11.97,0.206,20,1,1
105154,44,45100,3.1,MORTGAGE,B,home_improvement,30300,8.15,0.672,25,0,0
105155,27,23000,1.0,RENT,A,debt_consolidation,7000,5.4,0.304,8,0,0
105156,40,49000,7.3,RENT,A,debt_consolidation,14100,19.02,0.288,25,0,0
105157,36,40900,2.7,MORTGAGE,B,venture,4000,9.17,0.098,19,0,0
105158,37,87400,2.3,RENT,C,debt_consolidation,8700,10.87,0.1,17,0,0
105159,30,36500,1.3,MORTGAGE,C,credit_card,5600,15.51,0.153,12,0,0
105160,24,40800,0.9,MORTGAGE,B,debt_consolidation,24100,12.71,0.591,8,0,0
105161,22,35500,12.5,RENT,G,home_improvement,6000,6.35,0.169,6,1,1
105162,20,52300,2.3,RENT,F,credit_card,8000,7.31,0.153,2,0,0
105163,42,153800,0.2,RENT,A,medical,5200,14.67,0.034,21,1,0
105164,29,12000,2.8,RENT,C,credit_card,5000,13.65,0.417,10,0,1
105165,21,50200,10.5,MORTGAGE,D,debt_consolidation,7800,9.64,0.155,4,0,0
105166,36,98300,1.0,RENT,D,credit_card,9900,11.35,0.101,14,0,0
105167,26,38800,4.9,OWN,B,debt_consolidation,14500,11.64,0.374,8,0,0
105168,24,68900,0.9,MORTGAGE,D,medical,5900,12.39,0.086,4,0,1
105169,43,98500,3.1,RENT,A,debt_consolidation,5800,13.01,0.059,24,0,1
105170,20,44300,3.1,MORTGAGE,B,debt_consolidation,16400,10.1,0.37,3,0,0
105171,31,36000,7.0,RENT,D,credit_card,19500,14.02,0.542,13,1,1
105172,25,86200,0.8,RENT,D,debt_consolidation,7700,13.64,0.089,8,1,1
105173,24,67700,0.4,MORTGAGE,E,credit_card,10500,14.64,0.155,8,0,0
105174,20,49800,10.9,RENT,A,credit_card,20300,14.27,0.408,9,0,0
105175,29,72100,6.8,RENT,A,venture,34800,14.18,0.483,13,0,1
105176,23,87400,1.2,RENT,A,debt_consolidation,10200,9.86,0.117,6,1,0
105177,33,50100,3.4,RENT,B,home_improvement,12300,11.05,0.246,14,0,0
105178,29,61000,0.2,MORTGAGE,A,small_business,8700,8.43,0.143,13,1,0
105179,27,68700,3.2,OTHER,C,debt_consolidation,3600,12.22,0.052,12,0,0
105180,23,40000,0.5,MORTGAGE,C,home_improvement,9800,8.61,0.245,4,0,1
105181,39,99100,6.6,OTHER,D,education,17200,13.19,0.174,20,1,1
105182,34,29200,0.8,MORTGAGE,B,medical,5400,15.82,0.185,15,0,1
105183,24,47900,0.8,RENT,A,education,2900,11.5,0.061,3,0,0
105184,20,78600,1.7,OWN,D,small_business,11200,9.55,0.142,2,1,1
105185,20,28800,0.9,RENT,A,credit_card,3100,13.28,0.108,2,1,0
105186,37,83200,1.6,RENT,E,education,3400,15.22,0.041,19,0,1
105187,35,57200,3.3,OWN,A,debt_consolidation,3300,8.81,0.058,18,0,0
105188,36,106800,0.4,MORTGAGE,C,home_improvement,2700,11.92,0.025,19,0,0
105189,28,72200,3.8,OWN,E,small_business,14500,12.63,0.201,9,0,0
105190,35,47100,0.0,RENT,C,education,8700,10.5,0.185,14,0,1
105191,36,58500,2.1,MORTGAGE,C,education,25100,13.35,0.429,20,0,0
105192,29,59700,7.2,RENT,D,debt_consolidation,12100,5.6,0.203,7,0,0
105193,26,156800,8.5,RENT,A,small_business,25200,12.74,0.161,8,0,0
105194,22,54000,0.1,OWN,D,debt_consolidation,5700,17.96,0.106,7,0,1
105195,32,47800,14.5,RENT,E,medical,9900,13.52,0.207,14,0,0
105196,33,46300,5.0,MORTGAGE,G,small_business,4000,11.64,0.086,18,0,1
105197,26,57200,4.8,OWN,C,debt_consolidation,7000,7.12,0.122,9,1,0
105198,27,27600,2.4,OWN,B,medical,17800,10.26,0.645,6,0,0
105199,27,41800,0.1,RENT,D,credit_card,7900,12.61,0.189,12,0,0
105200,35,29500,1.9,RENT,C,credit_card,7100,11.84,0.241,16,1,0
105201,20,31700,1.9,OWN,B,venture,8000,7.06,0.252,2,1,0
105202,21,80200,1.9,MORTGAGE,A,home_improvement,8800,12.4,0.11,4,0,0
105203,21,52300,2.9,MORTGAGE,A,home_improvement,8800,8.41,0.168,2,0,0
105204,28,34300,0.3,RENT,C,debt_consolidation,16900,9.43,0.493,12,0,1
105205,31,47400,0.0,RENT,A,debt_consolidation,5500,14.73,0.116,14,0,0
105206,22,45000,2.0,OWN,A,debt_consolidation,7200,10.64,0.16,7,0,0
105207,35,53000,2.5,MORTGAGE,A,debt_consolidation,8600,9.17,0.162,19,0,0
105208,39,22500,1.2,MORTGAGE,F,credit_card,4900,7.96,0.218,21,0,0
105209,32,28300,8.4,RENT,A,credit_card,6300,8.93,0.223,13,1,0
105210,37,23300,3.0,RENT,A,small_business,12400,9.56,0.532,18,1,1
105211,23,31400,1.3,MORTGAGE,C,debt_consolidation,5100,14.59,0.162,4,0,1
105212,23,34600,2.1,OWN,B,home_improvement,37300,11.38,0.9,3,0,1
105213,33,29200,2.9,RENT,F,education,19900,15.84,0.682,14,0,1
105214,29,78500,4.9,RENT,F,debt_consolidation,8900,7.29,0.113,8,0,0
105215,23,141800,2.4,MORTGAGE,C,home_improvement,11100,16.15,0.078,3,1,1
105216,39,81200,2.0,RENT,C,debt_consolidation,12400,10.96,0.153,24,0,1
105217,31,37800,16.5,RENT,B,credit_card,11000,10.69,0.291,10,0,0
105218,34,57800,6.0,MORTGAGE,A,small_business,8500,10.64,0.147,13,0,0
105219,24,49700,6.2,RENT,B,debt_consolidation,36800,19.63,0.74,5,0,0
105220,41,36900,0.2,MORTGAGE,A,debt_consolidation,5500,9.78,0.149,26,0,0
105221,28,106800,2.3,RENT,A,education,6500,18.95,0.061,8,0,1
105222,36,155400,5.4,MORTGAGE,C,debt_consolidation,8400,14.61,0.054,17,0,0
105223,25,23000,0.4,MORTGAGE,A,small_business,11600,7.52,0.504,8,0,0
105224,30,113800,0.1,MORTGAGE,A,home_improvement,24500,8.04,0.215,13,0,0
105225,33,37200,0.6,MORTGAGE,C,debt_consolidation,8100,12.19,0.218,15,0,0
105226,43,44600,0.5,MORTGAGE,C,small_business,11100,11.87,0.249,26,0,0
105227,26,60200,13.5,RENT,A,credit_card,10000,10.07,0.166,10,0,0
105228,30,120700,3.2,RENT,A,debt_consolidation,7700,9.57,0.064,9,0,0
105229,33,60200,6.7,RENT,B,venture,16000,17.08,0.266,14,0,1
105230,20,64700,4.2,MORTGAGE,B,credit_card,10300,12.05,0.159,2,0,0
105231,20,82400,3.8,RENT,E,small_business,14000,13.19,0.17,2,0,1
105232,22,89900,4.6,RENT,F,debt_consolidation,6900,11.92,0.077,6,0,1
105233,36,68300,4.3,MORTGAGE,C,debt_consolidation,6000,11.66,0.088,20,0,0
105234,41,90200,16.7,MORTGAGE,C,small_business,6700,19.26,0.074,23,1,0
105235,23,37100,3.9,RENT,D,home_improvement,9600,13.56,0.259,7,0,1
105236,20,19900,0.0,RENT,D,debt_consolidation,15000,20.97,0.754,6,0,0
105237,40,140600,4.7,MORTGAGE,B,small_business,25700,14.3,0.183,20,0,0
105238,25,29100,2.4,OWN,A,credit_card,8900,9.15,0.306,6,0,0
105239,26,38400,3.0,MORTGAGE,C,credit_card,22600,15.98,0.589,7,0,1
105240,39,42900,1.4,RENT,C,medical,11400,11.22,0.266,22,0,0
105241,38,39100,2.0,MORTGAGE,A,home_improvement,5600,16.99,0.143,21,0,0
105242,36,34600,4.2,RENT,B,credit_card,8700,9.07,0.251,16,1,0
105243,20,66500,0.8,RENT,B,medical,12400,5.79,0.186,2,0,0
105244,20,66900,1.0,RENT,B,credit_card,12900,11.87,0.193,4,0,1
105245,37,72500,2.8,RENT,C,education,6200,16.78,0.086,17,0,0
105246,31,70000,2.2,MORTGAGE,D,medical,6700,9.23,0.096,13,1,0
105247,24,41000,0.3,MORTGAGE,C,credit_card,6700,13.59,0.163,5,0,0
105248,27,40900,1.7,MORTGAGE,B,credit_card,7300,9.07,0.178,6,0,0
105249,37,95400,6.3,MORTGAGE,A,venture,9600,14.9,0.101,21,0,0
105250,40,38700,1.5,RENT,E,education,22900,10.19,0.592,23,1,0
105251,29,38300,2.0,MORTGAGE,C,debt_consolidation,6400,12.47,0.167,9,0,1
105252,24,85900,8.8,MORTGAGE,A,debt_consolidation,3300,10.3,0.038,8,0,0
105253,27,51000,2.7,MORTGAGE,B,credit_card,3200,8.8,0.063,13,1,0
105254,38,39000,2.5,RENT,E,education,12700,5.4,0.326,20,0,0
105255,38,39200,4.5,MORTGAGE,D,education,6000,6.82,0.153,17,0,0
105256,30,95600,5.7,MORTGAGE,E,medical,9400,10.5,0.098,11,0,0
105257,25,71100,2.7,RENT,C,debt_consolidation,5500,13.12,0.077,3,0,0
105258,37,58700,1.3,MORTGAGE,C,education,7500,18.17,0.128,19,0,0
105259,40,27100,1.1,RENT,C,debt_consolidation,6800,9.63,0.251,21,0,0
105260,20,58800,2.6,RENT,B,credit_card,5600,9.21,0.095,4,0,1
105261,27,45800,1.2,MORTGAGE,D,credit_card,16000,6.73,0.349,8,1,1
105262,37,31200,3.7,MORTGAGE,C,credit_card,16700,14.58,0.535,21,0,0
105263,30,37000,1.9,MORTGAGE,A,credit_card,11500,13.56,0.311,10,0,0
105264,26,75600,7.3,MORTGAGE,E,debt_consolidation,24900,13.11,0.329,8,1,1
105265,30,102100,2.1,OWN,B,debt_consolidation,3900,12.74,0.038,9,1,0
105266,32,28800,3.8,RENT,A,medical,7200,10.16,0.25,12,0,0
105267,21,30900,6.5,RENT,B,debt_consolidation,6700,16.39,0.217,5,0,0
105268,30,75500,4.1,MORTGAGE,E,credit_card,12000,8.7,0.159,14,0,0
105269,32,41100,4.7,RENT,F,debt_consolidation,4100,9.79,0.1,13,0,1
105270,26,69800,8.1,MORTGAGE,C,debt_consolidation,11700,7.84,0.168,9,0,0
105271,24,40800,2.1,OWN,F,debt_consolidation,3700,11.04,0.091,8,0,1
105272,25,70800,0.7,RENT,E,small_business,12200,8.71,0.172,5,1,1
105273,22,24200,0.8,RENT,E,credit_card,15300,9.23,0.632,5,0,1
105274,35,69700,0.0,RENT,E,debt_consolidation,4300,7.18,0.062,17,1,1
105275,22,16200,2.8,MORTGAGE,B,medical,6600,8.05,0.407,5,1,0
105276,30,85700,0.2,MORTGAGE,D,debt_consolidation,15600,5.71,0.182,12,0,0
105277,26,50600,8.2,OWN,C,small_business,17400,12.79,0.344,4,0,1
105278,24,65700,19.9,MORTGAGE,D,debt_consolidation,3700,8.4,0.056,6,0,0
105279,39,58700,0.6,OTHER,A,education,10000,17.3,0.17,21,1,1
105280,28,20200,5.9,RENT,D,debt_consolidation,11600,14.91,0.574,9,0,1
105281,24,109300,7.7,RENT,F,credit_card,8100,11.75,0.074,3,0,0
105282,24,61900,0.3,RENT,B,home_improvement,17900,13.55,0.289,8,0,0
105283,31,78100,0.9,MORTGAGE,G,home_improvement,6000,14.59,0.077,13,0,1
105284,35,33200,11.2,RENT,B,medical,6400,9.72,0.193,13,0,0
105285,38,58800,0.2,RENT,B,debt_consolidation,5600,10.77,0.095,23,0,0
105286,28,25100,0.1,RENT,A,credit_card,9300,15.38,0.371,11,0,0
105287,27,55900,9.2,RENT,E,education,7000,15.61,0.125,11,0,0
105288,30,30700,11.7,MORTGAGE,C,education,13100,8.72,0.427,11,1,1
105289,30,450000,14.9,OWN,B,credit_card,6700,19.77,0.015,12,0,0
105290,24,71900,0.5,RENT,C,credit_card,7400,6.63,0.103,8,0,1
105291,39,107100,3.2,MORTGAGE,B,small_business,9300,5.4,0.087,22,0,1
105292,29,44900,0.1,RENT,C,medical,5300,17.7,0.118,11,0,0
105293,33,64200,4.3,RENT,E,education,14600,14.12,0.227,14,1,0
105294,32,84800,0.4,RENT,D,medical,12200,12.17,0.144,9,0,0
105295,32,28600,1.1,MORTGAGE,D,credit_card,12000,14.42,0.42,16,0,1
105296,22,35600,9.2,MORTGAGE,C,home_improvement,4800,9.06,0.135,6,0,0
105297,29,88000,0.2,MORTGAGE,G,credit_card,19500,5.4,0.222,12,0,1
105298,45,45700,3.7,MORTGAGE,B,debt_consolidation,3000,9.88,0.066,29,1,0
105299,40,34200,1.2,RENT,B,medical,12500,8.99,0.365,20,0,0
105300,30,36400,0.4,MORTGAGE,A,home_improvement,9000,7.94,0.247,11,0,0
105301,26,26300,12.8,MORTGAGE,C,debt_consolidation,12100,9.33,0.46,7,0,0
105302,20,17500,6.9,RENT,C,home_improvement,7400,9.38,0.423,2,0,0
105303,26,20300,0.8,RENT,D,debt_consolidation,8800,9.8,0.433,7,0,1
105304,28,52800,0.0,RENT,B,debt_consolidation,12300,12.87,0.233,10,0,0
105305,27,74600,2.6,RENT,A,home_improvement,8300,13.51,0.111,11,1,0
105306,27,206000,9.7,RENT,D,small_business,9400,12.58,0.046,10,1,0
105307,33,50400,4.7,RENT,G,credit_card,9600,5.4,0.19,14,0,0
105308,22,25500,2.1,OWN,B,debt_consolidation,27900,7.84,0.9,6,0,0
105309,31,50700,4.3,OWN,B,home_improvement,3500,7.89,0.069,14,0,0
105310,28,75900,5.8,MORTGAGE,B,debt_consolidation,17000,15.81,0.224,7,0,0
105311,23,90800,3.0,MORTGAGE,C,education,10700,8.45,0.118,5,0,0
105312,41,86100,5.7,OTHER,B,debt_consolidation,10000,5.4,0.116,25,0,0
105313,34,70600,0.8,RENT,B,education,4200,13.98,0.059,17,1,0
105314,23,54300,2.0,MORTGAGE,D,debt_consolidation,15800,11.83,0.291,3,0,1
105315,33,77300,12.6,MORTGAGE,B,debt_consolidation,4500,20.55,0.058,13,0,0
105316,20,26900,13.1,OWN,B,credit_card,18800,6.53,0.699,6,0,1
105317,24,17100,8.1,MORTGAGE,A,small_business,6200,10.72,0.363,4,0,0
105318,38,163000,1.7,RENT,F,venture,18800,7.77,0.115,20,0,0
105319,31,50200,2.9,MORTGAGE,C,credit_card,5700,7.77,0.114,8,1,1
105320,31,69100,5.8,RENT,B,credit_card,5000,8.54,0.072,16,0,0
105321,36,12000,11.2,RENT,A,debt_consolidation,7900,7.55,0.658,20,0,0
105322,33,120500,6.8,MORTGAGE,D,home_improvement,5500,12.17,0.046,19,0,0
105323,27,97300,0.6,MORTGAGE,E,credit_card,7300,11.73,0.075,7,0,0
105324,36,21800,2.9,RENT,A,education,21100,11.39,0.9,21,1,1
105325,20,43300,1.0,RENT,A,credit_card,6200,16.07,0.143,2,0,0
105326,24,59700,0.8,MORTGAGE,A,small_business,9200,13.51,0.154,9,0,0
105327,28,25700,11.9,RENT,C,medical,20000,14.51,0.778,5,0,1
105328,33,67400,10.9,MORTGAGE,F,debt_consolidation,9500,12.08,0.141,17,0,0
105329,27,91600,2.6,RENT,C,credit_card,15500,12.61,0.169,9,0,1
105330,20,61600,1.2,MORTGAGE,B,education,11300,14.84,0.183,3,0,1
105331,20,21800,21.9,RENT,D,credit_card,14500,7.38,0.665,3,0,1
105332,29,29100,0.4,OWN,D,credit_card,8000,9.15,0.275,12,0,1
105333,26,48100,1.5,OWN,B,education,11500,11.76,0.239,13,1,0
105334,23,44900,16.1,RENT,A,debt_consolidation,22600,11.65,0.503,9,0,1
105335,21,45400,0.5,MORTGAGE,B,education,7000,6.38,0.154,4,1,1
105336,30,44600,2.6,MORTGAGE,D,credit_card,10500,14.24,0.235,13,0,0
105337,38,19100,5.2,RENT,D,home_improvement,5700,16.68,0.298,23,0,1
105338,30,80300,1.4,MORTGAGE,D,debt_consolidation,14800,16.41,0.184,15,0,0
105339,38,72800,2.3,MORTGAGE,E,credit_card,3300,9.0,0.045,20,0,0
105340,26,68700,17.2,MORTGAGE,B,debt_consolidation,7100,14.56,0.103,8,1,0
105341,32,65300,1.0,OWN,B,debt_consolidation,14500,10.05,0.222,12,0,0
105342,38,44100,7.5,RENT,A,credit_card,7700,11.75,0.175,21,0,0
105343,28,36900,1.5,OWN,E,debt_consolidation,3100,15.47,0.084,11,0,0
105344,29,29400,0.8,OWN,C,home_improvement,5500,16.33,0.187,13,0,0
105345,26,120400,4.2,RENT,B,debt_consolidation,5700,9.91,0.047,12,0,0
105346,33,51000,2.6,RENT,A,debt_consolidation,19800,9.63,0.388,18,0,0
105347,35,20700,2.2,MORTGAGE,D,debt_consolidation,12900,16.89,0.623,19,0,1
105348,31,50700,0.4,OWN,D,credit_card,13600,11.14,0.268,13,0,0
105349,27,16400,4.2,RENT,D,debt_consolidation,4200,5.4,0.256,8,0,0
105350,20,59100,0.8,RENT,B,debt_consolidation,8300,13.08,0.14,4,1,0
105351,29,55800,5.9,MORTGAGE,F,home_improvement,19600,8.62,0.351,12,0,1
105352,28,38300,4.8,RENT,D,small_business,13600,10.48,0.355,12,0,1
105353,31,30700,13.2,MORTGAGE,D,small_business,6300,13.64,0.205,11,1,0
105354,30,70200,9.7,MORTGAGE,D,debt_consolidation,12800,5.4,0.182,10,0,1
105355,40,49200,0.0,OWN,F,medical,4100,14.25,0.083,21,1,1
105356,24,17700,0.4,RENT,F,home_improvement,5200,6.05,0.294,8,0,1
105357,20,99900,8.7,OWN,C,home_improvement,3000,8.83,0.03,2,1,0
105358,21,30700,2.2,MORTGAGE,C,debt_consolidation,7800,12.65,0.254,6,0,1
105359,25,25000,3.3,OWN,B,debt_consolidation,11800,7.07,0.472,5,1,0
105360,37,108800,0.4,RENT,E,credit_card,4900,7.08,0.045,17,0,0
105361,20,92300,2.1,MORTGAGE,D,debt_consolidation,7900,12.71,0.086,2,1,1
105362,21,40900,1.4,MORTGAGE,A,small_business,5200,13.41,0.127,2,1,0
105363,32,25900,1.0,MORTGAGE,A,debt_consolidation,6000,10.86,0.232,12,0,0
105364,35,31200,2.5,RENT,F,debt_consolidation,4700,13.73,0.151,17,0,0
105365,20,40500,0.3,RENT,E,debt_consolidation,16500,26.0,0.407,2,0,1
105366,20,100600,1.8,RENT,F,debt_consolidation,5700,6.14,0.057,2,0,1
105367,23,105100,5.2,RENT,C,credit_card,7300,5.4,0.069,4,1,0
105368,34,56500,5.9,MORTGAGE,E,debt_consolidation,6200,15.54,0.11,17,0,1
105369,30,73700,0.3,OWN,E,credit_card,9900,7.24,0.134,11,0,0
105370,24,45900,3.4,MORTGAGE,B,debt_consolidation,32700,12.83,0.712,4,1,1
105371,34,31900,12.0,RENT,A,credit_card,38500,13.69,0.9,15,0,1
105372,30,22600,3.1,RENT,G,education,7400,11.38,0.327,10,0,0
105373,28,61500,2.0,RENT,A,education,10500,12.5,0.171,14,0,0
105374,20,84600,13.7,RENT,C,home_improvement,14100,17.65,0.167,4,1,0
105375,24,38900,9.3,MORTGAGE,D,credit_card,16600,9.3,0.427,11,0,0
105376,43,99000,11.8,RENT,D,small_business,11800,16.1,0.119,25,0,0
105377,27,41700,1.7,RENT,B,education,15300,6.78,0.367,8,1,1
105378,22,54000,1.4,MORTGAGE,D,credit_card,10500,12.76,0.194,2,1,0
105379,26,45600,2.3,RENT,B,debt_consolidation,5900,13.25,0.129,9,0,0
105380,30,101700,12.2,RENT,E,small_business,15300,11.23,0.15,11,0,0
105381,35,67600,1.5,MORTGAGE,B,debt_consolidation,9000,14.99,0.133,15,0,0
105382,33,49900,1.3,RENT,D,small_business,10000,11.66,0.2,18,1,0
105383,24,53800,0.2,MORTGAGE,E,debt_consolidation,4000,12.7,0.074,6,0,0
105384,38,26800,0.9,MORTGAGE,B,debt_consolidation,5500,8.96,0.205,21,0,0
105385,35,15100,0.2,MORTGAGE,B,medical,6800,7.91,0.45,17,0,0
105386,26,38500,3.1,RENT,D,small_business,11100,7.82,0.288,9,0,1
105387,28,46300,0.6,RENT,A,credit_card,22400,9.29,0.484,7,1,0
105388,33,69000,3.7,MORTGAGE,B,medical,12800,6.89,0.186,13,0,0
105389,37,47100,3.4,RENT,C,medical,7500,18.22,0.159,23,1,0
105390,20,39800,0.0,RENT,F,credit_card,4800,10.39,0.121,2,0,0
105391,29,12000,2.2,RENT,C,venture,16600,11.47,0.9,12,0,1
105392,29,68900,2.6,RENT,B,credit_card,9900,7.37,0.144,13,0,0
105393,25,57900,3.3,RENT,G,debt_consolidation,1400,18.86,0.024,6,0,1
105394,25,80600,5.8,OTHER,C,medical,14800,10.58,0.184,5,0,0
105395,36,52300,3.2,RENT,C,credit_card,10200,9.38,0.195,15,0,0
105396,33,96800,0.4,MORTGAGE,C,education,2600,9.71,0.027,13,0,0
105397,44,38100,2.7,RENT,B,debt_consolidation,11700,10.74,0.307,25,0,0
105398,25,50400,5.4,RENT,B,debt_consolidation,8700,10.41,0.173,5,0,0
105399,30,58800,0.9,MORTGAGE,D,debt_consolidation,4000,6.65,0.068,9,0,0
105400,31,74100,8.2,MORTGAGE,A,home_improvement,25600,14.6,0.345,15,0,0
105401,35,64800,8.4,OWN,D,medical,10600,7.49,0.164,20,0,0
105402,39,67000,0.7,RENT,B,credit_card,6400,14.41,0.096,19,0,0
105403,30,59700,7.9,RENT,B,debt_consolidation,5400,6.71,0.09,9,0,1
105404,21,46400,4.4,MORTGAGE,A,credit_card,7500,12.12,0.162,3,0,0
105405,24,84600,2.6,RENT,C,credit_card,7600,7.81,0.09,9,0,0
105406,30,20500,8.3,RENT,D,home_improvement,11400,8.88,0.556,9,0,1
105407,37,36500,5.1,RENT,B,home_improvement,7300,13.23,0.2,16,0,0
105408,20,123700,3.6,RENT,A,debt_consolidation,6600,15.75,0.053,2,0,0
105409,21,35600,6.2,MORTGAGE,B,credit_card,9100,18.06,0.256,4,0,0
105410,34,49400,3.7,OWN,E,home_improvement,6500,12.84,0.132,14,0,0
105411,20,110600,8.4,MORTGAGE,B,debt_consolidation,7800,11.48,0.071,4,0,0
105412,21,48100,3.0,RENT,D,credit_card,17800,8.03,0.37,4,0,1
105413,37,32600,8.8,MORTGAGE,B,home_improvement,6400,5.4,0.196,22,0,0
105414,27,99600,4.3,MORTGAGE,B,credit_card,7600,13.73,0.076,11,0,0
105415,27,44000,7.2,MORTGAGE,D,debt_consolidation,5300,10.59,0.12,6,1,1
105416,39,45600,2.2,MORTGAGE,C,debt_consolidation,14900,11.53,0.327,20,0,0
105417,22,17300,1.9,OWN,A,medical,3200,10.07,0.185,6,0,0
105418,20,48000,9.7,RENT,F,debt_consolidation,5100,8.92,0.106,2,0,1
105419,40,75000,5.1,MORTGAGE,A,medical,12000,13.94,0.16,21,0,1
105420,31,40700,2.9,MORTGAGE,B,credit_card,7500,17.64,0.184,13,0,0
105421,34,25500,1.8,OWN,B,credit_card,13200,7.18,0.518,16,0,1
105422,27,39600,0.0,OWN,C,medical,7300,5.4,0.184,10,0,0
105423,28,36700,0.4,RENT,E,credit_card,5600,10.65,0.153,9,0,0
105424,24,44800,4.4,MORTGAGE,A,debt_consolidation,7600,8.92,0.17,4,0,0
105425,31,38800,0.5,RENT,F,debt_consolidation,4000,15.76,0.103,14,1,1
105426,35,128700,0.6,MORTGAGE,D,home_improvement,5100,13.32,0.04,17,0,0
105427,30,60900,1.5,RENT,F,credit_card,13400,18.32,0.22,16,0,1
105428,36,19800,1.7,RENT,E,medical,7000,15.38,0.354,16,0,0
105429,34,53600,2.0,OWN,F,credit_card,8000,11.88,0.149,16,0,0
105430,22,50400,11.2,MORTGAGE,C,credit_card,8700,12.03,0.173,2,0,0
105431,28,99400,3.4,MORTGAGE,B,debt_consolidation,3400,12.91,0.034,11,1,1
105432,26,47300,4.6,RENT,C,debt_consolidation,3400,8.22,0.072,8,0,0
105433,34,46600,0.7,RENT,D,medical,10000,13.07,0.215,17,0,1
105434,32,143600,7.8,RENT,C,debt_consolidation,6500,16.43,0.045,13,0,0
105435,30,28600,0.2,RENT,D,education,7200,9.23,0.252,8,0,1
105436,36,79900,10.1,OWN,A,debt_consolidation,11400,10.63,0.143,21,0,1
105437,20,53400,1.8,MORTGAGE,E,credit_card,4800,13.86,0.09,4,0,1
105438,25,39100,4.8,RENT,B,debt_consolidation,5900,16.9,0.151,9,0,0
105439,25,36100,2.7,MORTGAGE,F,medical,6700,8.83,0.186,9,1,1
105440,31,108800,0.5,RENT,A,debt_consolidation,9800,12.38,0.09,13,0,0
105441,33,66600,1.4,RENT,A,credit_card,6600,11.39,0.099,16,0,0
105442,29,71700,6.2,RENT,E,education,5700,10.51,0.079,9,0,1
105443,20,84100,0.6,RENT,E,home_improvement,20600,5.4,0.245,2,0,1
105444,32,62200,2.6,MORTGAGE,D,debt_consolidation,8300,8.82,0.133,16,0,0
105445,30,28800,4.0,MORTGAGE,F,medical,11600,7.08,0.403,16,1,1
105446,20,21700,3.4,MORTGAGE,B,credit_card,3000,11.02,0.138,3,1,1
105447,27,120200,0.5,MORTGAGE,E,debt_consolidation,4000,9.87,0.033,2,0,0
105448,32,57800,8.9,OWN,B,credit_card,11200,7.22,0.194,15,0,0
105449,41,53800,10.8,MORTGAGE,C,medical,7100,10.54,0.132,26,0,1
105450,21,139000,0.4,OWN,C,credit_card,6600,18.22,0.047,2,0,0
105451,35,28700,1.9,OWN,A,small_business,4800,9.11,0.167,15,0,0
105452,21,12900,0.9,MORTGAGE,C,small_business,13800,10.1,0.9,5,0,1
105453,20,19000,4.7,RENT,D,credit_card,11600,10.69,0.611,2,1,1
105454,21,38500,11.3,RENT,A,debt_consolidation,7800,8.88,0.203,2,0,0
105455,33,55000,6.8,MORTGAGE,F,small_business,9300,5.82,0.169,12,0,0
105456,30,110800,3.1,MORTGAGE,C,credit_card,6900,18.01,0.062,9,0,0
105457,27,81900,7.5,MORTGAGE,A,debt_consolidation,5600,5.4,0.068,11,0,0
105458,32,12600,1.3,MORTGAGE,D,debt_consolidation,6100,5.4,0.484,12,1,0
105459,29,240500,5.4,MORTGAGE,B,education,12300,14.2,0.051,15,0,1
105460,30,41100,4.5,MORTGAGE,A,debt_consolidation,6500,5.4,0.158,16,0,0
105461,27,101200,2.1,MORTGAGE,D,debt_consolidation,8400,14.28,0.083,7,0,0
105462,22,69600,0.6,RENT,A,debt_consolidation,6400,14.6,0.092,3,1,0
105463,41,51700,10.2,MORTGAGE,A,debt_consolidation,13600,8.61,0.263,24,0,0
105464,39,45200,5.5,RENT,D,venture,5700,11.65,0.126,24,0,0
105465,40,28000,1.9,RENT,A,credit_card,18800,11.32,0.671,22,0,0
105466,25,25400,2.8,MORTGAGE,E,small_business,5900,8.6,0.232,6,0,1
105467,24,47000,5.6,RENT,E,medical,5900,9.29,0.126,5,1,0
105468,26,24000,11.7,OWN,A,credit_card,24400,10.94,0.9,8,0,0
105469,37,127600,3.2,RENT,C,medical,4500,9.82,0.035,18,0,0
105470,29,54400,3.8,MORTGAGE,A,venture,7900,13.57,0.145,13,0,0
105471,25,162900,0.4,RENT,D,small_business,14100,10.96,0.087,6,0,1
105472,32,40600,6.3,MORTGAGE,A,small_business,3500,13.12,0.086,15,0,0
105473,24,37200,4.1,MORTGAGE,F,credit_card,9300,10.1,0.25,8,0,1
105474,20,71300,1.9,MORTGAGE,B,medical,3500,13.8,0.049,2,0,1
105475,30,44700,0.3,MORTGAGE,D,debt_consolidation,8300,14.68,0.186,12,0,0
105476,25,88000,3.5,MORTGAGE,A,small_business,24800,5.4,0.282,7,1,0
105477,29,113700,1.9,MORTGAGE,B,credit_card,2200,12.86,0.019,9,0,0
105478,20,94300,1.1,MORTGAGE,C,credit_card,7800,9.0,0.083,4,0,0
105479,23,109100,4.5,MORTGAGE,C,education,6300,9.92,0.058,5,1,0
105480,29,80800,3.0,RENT,G,home_improvement,4700,12.63,0.058,10,0,1
105481,20,38100,0.3,OWN,A,debt_consolidation,3500,11.94,0.092,2,0,0
105482,20,96500,7.1,RENT,A,small_business,14800,10.66,0.153,6,0,0
105483,29,75600,4.3,RENT,B,education,9000,13.88,0.119,13,0,0
105484,34,36700,0.2,RENT,B,home_improvement,2900,12.15,0.079,13,0,0
105485,23,39300,3.1,RENT,E,education,4800,8.77,0.122,6,0,0
105486,27,49000,6.5,RENT,F,medical,6000,15.46,0.122,8,1,1
105487,27,95000,5.3,MORTGAGE,E,education,3400,15.33,0.036,7,0,0
105488,20,55000,1.4,MORTGAGE,A,credit_card,8500,11.55,0.155,2,0,0
105489,37,51400,5.5,OWN,C,credit_card,9300,9.49,0.181,20,0,0
105490,28,47200,8.2,RENT,D,medical,9300,8.72,0.197,10,0,0
105491,28,42400,5.7,MORTGAGE,B,education,24600,17.52,0.58,10,0,1
105492,32,27200,2.1,RENT,D,debt_consolidation,4800,10.84,0.176,15,0,0
105493,20,79800,2.9,RENT,B,debt_consolidation,6200,12.02,0.078,4,1,1
105494,35,29400,0.3,RENT,B,credit_card,6100,13.02,0.207,22,0,0
105495,36,53500,1.6,MORTGAGE,E,medical,13000,5.4,0.243,17,0,0
105496,30,41200,2.0,MORTGAGE,B,education,12200,8.2,0.296,11,0,0
105497,32,78500,0.5,RENT,F,home_improvement,4400,19.43,0.056,14,0,1
105498,27,42700,0.9,RENT,B,debt_consolidation,17900,5.4,0.419,10,0,1
105499,35,29600,7.8,RENT,A,debt_consolidation,4900,6.11,0.166,19,0,0
105500,23,88800,0.1,RENT,B,medical,13000,9.88,0.146,3,0,0
105501,29,32700,3.1,MORTGAGE,A,credit_card,12500,7.93,0.382,16,0,0
105502,29,56100,1.5,MORTGAGE,C,debt_consolidation,10100,8.8,0.18,9,0,1
105503,29,103800,18.6,MORTGAGE,A,debt_consolidation,6800,7.34,0.066,13,0,0
105504,36,34500,3.1,OTHER,D,medical,6800,10.88,0.197,20,0,0
105505,44,48700,7.7,RENT,E,credit_card,10600,12.79,0.218,23,1,0
105506,28,40700,6.7,OWN,B,debt_consolidation,10800,12.94,0.265,11,0,1
105507,32,55400,8.3,MORTGAGE,A,debt_consolidation,12000,8.54,0.217,11,0,0
105508,23,49600,4.0,RENT,C,venture,12000,15.0,0.242,3,0,1
105509,36,85500,6.4,MORTGAGE,E,credit_card,9800,12.01,0.115,18,0,1
105510,25,36600,1.3,MORTGAGE,C,credit_card,17600,15.36,0.481,7,0,1
105511,51,103900,13.3,MORTGAGE,A,debt_consolidation,5800,12.54,0.056,35,0,0
105512,20,124600,1.3,MORTGAGE,C,debt_consolidation,8300,10.56,0.067,2,0,0
105513,44,59300,1.3,OWN,C,medical,6000,10.65,0.101,27,0,0
105514,36,33400,9.8,MORTGAGE,B,medical,31100,12.77,0.9,20,0,0
105515,21,50400,0.5,MORTGAGE,A,credit_card,12300,16.04,0.244,3,0,0
105516,45,48100,6.5,RENT,G,education,14100,11.95,0.293,27,0,0
105517,23,136600,7.5,OWN,A,credit_card,10400,12.25,0.076,2,0,0
105518,27,48700,4.4,MORTGAGE,B,education,7900,13.53,0.162,6,0,0
105519,20,110300,1.7,MORTGAGE,A,debt_consolidation,35200,5.4,0.319,2,0,0
105520,28,54800,2.4,MORTGAGE,C,credit_card,15800,6.35,0.288,13,0,0
105521,29,52800,9.8,RENT,C,medical,6800,12.28,0.129,14,0,1
105522,35,42400,6.2,RENT,B,education,7000,8.06,0.165,19,0,1
105523,46,44600,4.0,MORTGAGE,C,small_business,9200,10.55,0.206,29,1,0
105524,25,84100,0.4,OWN,D,home_improvement,6000,11.45,0.071,8,0,0
105525,20,34500,6.9,MORTGAGE,B,medical,6700,20.19,0.194,2,0,0
105526,34,87400,1.9,MORTGAGE,F,small_business,3500,10.86,0.04,15,0,1
105527,25,113800,10.7,RENT,B,debt_consolidation,2200,5.4,0.019,3,0,0
105528,42,37200,7.7,MORTGAGE,B,credit_card,24000,12.23,0.645,24,0,0
105529,29,100100,6.1,RENT,F,home_improvement,6100,15.16,0.061,12,1,1
105530,24,91700,3.4,OWN,E,home_improvement,6900,13.42,0.075,5,0,1
105531,22,83100,3.8,MORTGAGE,B,education,8400,13.17,0.101,6,0,0
105532,33,36300,16.9,RENT,E,credit_card,11900,8.85,0.328,17,1,1
105533,27,48300,2.9,MORTGAGE,C,debt_consolidation,12400,9.99,0.257,7,0,0
105534,39,48200,5.8,OWN,B,debt_consolidation,14300,8.44,0.297,26,0,0
105535,28,162700,2.4,MORTGAGE,E,medical,11100,8.85,0.068,11,1,1
105536,39,51200,16.0,RENT,D,debt_consolidation,7000,10.75,0.137,24,0,0
105537,20,46600,1.0,MORTGAGE,B,education,16200,14.81,0.348,2,0,0
105538,20,27400,3.6,MORTGAGE,C,debt_consolidation,7300,21.87,0.266,5,0,0
105539,35,30200,0.1,RENT,B,credit_card,14300,12.03,0.474,18,0,0
105540,26,35400,3.0,MORTGAGE,A,medical,3500,13.45,0.099,7,0,0
105541,27,62900,12.0,RENT,F,credit_card,16600,5.4,0.264,7,1,1
105542,22,23500,3.4,MORTGAGE,C,medical,5000,9.92,0.213,4,1,1
105543,21,35700,8.2,RENT,C,debt_consolidation,3700,17.01,0.104,5,0,0
105544,33,18500,7.0,MORTGAGE,C,credit_card,4000,11.84,0.216,15,0,0
105545,29,111400,0.0,MORTGAGE,C,home_improvement,9100,11.12,0.082,11,0,0
105546,22,54600,6.8,MORTGAGE,B,education,28500,21.94,0.522,3,1,0
105547,35,61100,5.1,RENT,G,debt_consolidation,7300,15.78,0.119,14,0,1
105548,37,28300,0.5,RENT,D,debt_consolidation,7600,14.28,0.269,19,0,0
105549,28,97600,6.8,MORTGAGE,D,home_improvement,12400,11.27,0.127,8,0,0
105550,36,117800,5.7,OWN,C,venture,5900,12.48,0.05,20,0,0
105551,22,53500,8.4,RENT,B,medical,7500,19.2,0.14,6,0,0
105552,33,39600,0.0,RENT,A,medical,6700,19.54,0.169,18,1,0
105553,30,69800,3.2,OWN,B,credit_card,23900,9.57,0.342,11,0,0
105554,23,77200,11.6,RENT,A,credit_card,8400,5.65,0.109,5,0,0
105555,43,83200,0.2,OWN,D,medical,12200,11.68,0.147,22,1,1
105556,31,74200,0.1,MORTGAGE,E,education,5500,14.25,0.074,12,0,0
105557,25,87600,3.6,RENT,B,medical,4300,18.0,0.049,7,0,0
105558,29,35200,4.5,RENT,B,medical,11700,11.12,0.332,11,0,1
105559,23,85100,2.7,OWN,D,education,9300,10.24,0.109,4,0,0
105560,21,40200,0.6,RENT,A,debt_consolidation,14300,15.5,0.356,2,0,1
105561,26,13000,6.6,MORTGAGE,F,debt_consolidation,5000,8.18,0.385,8,1,1
105562,26,39900,1.7,RENT,B,venture,7700,10.65,0.193,7,0,1
105563,23,38000,4.5,MORTGAGE,A,credit_card,4000,11.52,0.105,8,1,0
105564,38,58800,6.6,MORTGAGE,A,debt_consolidation,6200,11.24,0.105,21,0,0
105565,24,81700,2.9,MORTGAGE,F,credit_card,3700,16.11,0.045,5,1,0
105566,22,57300,0.7,RENT,B,home_improvement,6900,13.43,0.12,6,1,1
105567,21,155600,9.4,MORTGAGE,D,medical,16600,9.55,0.107,2,0,0
105568,20,38600,1.6,MORTGAGE,A,medical,5100,10.65,0.132,2,0,0
105569,36,17300,12.9,RENT,B,debt_consolidation,5000,21.57,0.289,16,0,0
105570,31,60000,2.7,MORTGAGE,E,credit_card,7400,6.3,0.123,12,1,1
105571,34,38200,3.8,MORTGAGE,A,debt_consolidation,7300,5.4,0.191,19,0,0
105572,36,28400,1.2,RENT,A,education,12400,7.03,0.437,18,0,0
105573,27,43800,0.9,OWN,C,debt_consolidation,4000,12.59,0.091,6,0,0
105574,39,33500,1.4,RENT,E,home_improvement,2000,15.59,0.06,20,0,1
105575,25,35400,1.4,RENT,B,home_improvement,8400,11.09,0.237,8,0,0
105576,21,119100,2.0,RENT,A,home_improvement,20500,9.47,0.172,4,0,0
105577,32,55200,4.0,RENT,G,credit_card,7300,8.86,0.132,14,1,1
105578,30,44500,6.5,RENT,D,small_business,10100,5.4,0.227,14,0,0
105579,30,124100,3.0,RENT,E,home_improvement,7800,17.26,0.063,13,1,0
105580,36,43800,1.0,MORTGAGE,D,debt_consolidation,12200,10.77,0.279,18,0,1
105581,30,26200,3.2,MORTGAGE,D,credit_card,6900,12.3,0.263,12,1,1
105582,31,24800,2.2,RENT,B,credit_card,7800,14.57,0.315,13,1,1
105583,39,49300,5.8,MORTGAGE,B,debt_consolidation,20000,16.49,0.406,21,0,0
105584,31,20900,2.2,MORTGAGE,D,small_business,15200,10.69,0.727,13,0,0
105585,32,27000,9.5,MORTGAGE,D,debt_consolidation,5500,8.22,0.204,16,0,0
105586,20,41800,0.1,OTHER,F,medical,5600,11.42,0.134,3,1,1
105587,55,96000,0.0,RENT,C,debt_consolidation,5800,11.03,0.06,37,0,0
105588,20,104900,3.7,RENT,B,small_business,4400,9.49,0.042,2,0,0
105589,25,74100,6.8,RENT,C,debt_consolidation,6000,6.96,0.081,8,1,1
105590,25,51400,0.5,RENT,C,credit_card,7600,12.9,0.148,8,0,1
105591,44,37700,6.1,MORTGAGE,C,debt_consolidation,5300,16.27,0.141,26,1,0
105592,25,63800,1.1,RENT,E,home_improvement,10700,17.81,0.168,6,0,1
105593,32,137300,4.2,MORTGAGE,C,debt_consolidation,3200,8.78,0.023,14,1,1
105594,25,55700,3.2,OWN,A,medical,4200,17.83,0.075,6,0,0
105595,22,40000,1.0,MORTGAGE,C,home_improvement,11600,7.54,0.29,2,0,0
105596,33,47300,0.4,MORTGAGE,D,venture,23100,12.04,0.488,18,1,1
105597,24,44500,1.4,MORTGAGE,F,small_business,9300,15.26,0.209,9,1,1
105598,30,69700,3.6,MORTGAGE,C,home_improvement,5100,13.49,0.073,12,1,0
105599,33,33900,2.7,MORTGAGE,C,medical,4400,16.58,0.13,16,0,1
105600,42,64400,10.9,RENT,C,debt_consolidation,6600,7.81,0.102,24,0,0
105601,20,70400,1.6,RENT,C,home_improvement,16300,10.84,0.232,3,0,0
105602,28,62300,3.2,RENT,A,credit_card,10800,10.77,0.173,10,0,0
105603,28,28400,0.6,MORTGAGE,E,small_business,4100,15.6,0.144,10,0,0
105604,29,47500,3.5,MORTGAGE,F,debt_consolidation,9900,10.67,0.208,9,0,0
105605,47,38600,0.9,RENT,C,credit_card,17800,12.34,0.461,33,0,1
105606,28,49500,10.9,RENT,C,home_improvement,15500,10.57,0.313,8,0,0
105607,20,35700,2.4,MORTGAGE,A,credit_card,16800,12.8,0.471,4,0,0
105608,28,102100,2.5,RENT,C,debt_consolidation,12600,8.8,0.123,8,0,0
105609,28,57100,1.8,RENT,C,credit_card,4000,7.47,0.07,6,0,0
105610,27,21200,0.8,RENT,D,medical,5200,9.7,0.245,11,1,1
105611,24,24800,1.5,RENT,A,debt_consolidation,21100,8.19,0.851,6,0,1
105612,20,100000,6.7,MORTGAGE,D,credit_card,6700,10.77,0.067,2,0,1
105613,44,46700,14.0,RENT,B,venture,2900,14.31,0.062,27,0,0
105614,31,41600,4.2,RENT,D,education,11300,6.68,0.272,12,0,1
105615,28,95900,3.2,OTHER,D,debt_consolidation,14500,10.01,0.151,14,0,0
105616,44,47400,13.1,MORTGAGE,B,credit_card,7800,19.31,0.165,23,0,0
105617,23,26700,5.6,MORTGAGE,C,debt_consolidation,11000,5.4,0.412,4,0,0
105618,33,27700,8.5,MORTGAGE,E,education,5100,7.48,0.184,17,0,1
105619,20,72800,0.8,RENT,C,credit_card,6300,12.59,0.087,2,1,0
105620,34,157300,2.2,RENT,A,credit_card,3000,5.73,0.019,14,0,0
105621,21,81800,4.2,RENT,C,debt_consolidation,4500,11.03,0.055,4,0,0
105622,32,41800,0.1,RENT,B,credit_card,17900,17.52,0.428,16,0,1
105623,43,45500,7.7,RENT,D,debt_consolidation,1300,9.25,0.029,25,0,0
105624,30,52900,0.2,MORTGAGE,C,medical,6500,8.28,0.123,12,0,0
105625,20,17000,0.3,RENT,A,credit_card,6000,5.64,0.353,2,0,0
105626,29,52200,0.4,RENT,C,credit_card,11200,8.33,0.215,10,0,0
105627,32,71100,4.1,MORTGAGE,D,medical,2500,10.63,0.035,12,1,1
105628,35,136600,5.6,RENT,D,debt_consolidation,5300,19.18,0.039,20,0,0
105629,39,93900,5.7,MORTGAGE,A,debt_consolidation,5900,10.83,0.063,22,0,0
105630,40,149000,6.2,RENT,B,credit_card,10100,11.0,0.068,19,1,0
105631,28,129900,9.0,MORTGAGE,C,medical,8100,11.32,0.062,9,0,0
105632,24,111000,0.5,MORTGAGE,A,debt_consolidation,3300,8.36,0.03,8,0,0
105633,21,52300,2.0,MORTGAGE,C,medical,6700,5.4,0.128,4,0,0
105634,25,62300,0.2,MORTGAGE,A,credit_card,5300,16.69,0.085,7,0,1
105635,32,20600,12.3,RENT,A,credit_card,10500,13.67,0.51,14,0,0
105636,20,55400,3.2,RENT,D,credit_card,7100,15.5,0.128,2,0,0
105637,23,70400,3.9,RENT,B,debt_consolidation,21200,12.35,0.301,4,0,0
105638,33,44100,2.6,RENT,D,debt_consolidation,5600,15.67,0.127,17,0,0
105639,24,22100,14.4,OWN,A,small_business,5900,5.94,0.267,7,1,0
105640,32,123100,1.6,RENT,C,credit_card,6000,11.68,0.049,15,0,0
105641,23,64400,2.7,RENT,B,credit_card,7300,13.36,0.113,3,0,0
105642,31,132800,25.0,OWN,E,venture,12900,16.25,0.097,12,0,0
105643,24,77500,0.7,RENT,E,debt_consolidation,6400,13.0,0.083,5,0,1
105644,20,109400,1.6,MORTGAGE,B,credit_card,6500,13.0,0.059,2,0,0
105645,36,97700,12.7,RENT,D,credit_card,9900,12.31,0.101,18,0,0
105646,24,35500,0.0,OWN,B,debt_consolidation,4800,6.18,0.135,9,1,1
105647,27,39000,0.4,RENT,C,venture,11500,9.36,0.295,9,1,0
105648,24,40700,3.3,MORTGAGE,A,venture,6600,9.68,0.162,3,0,0
105649,33,30300,7.9,MORTGAGE,C,debt_consolidation,4900,14.5,0.162,16,0,1
105650,31,136100,1.1,OWN,B,venture,2900,13.35,0.021,10,0,0
105651,33,52700,2.7,OTHER,E,debt_consolidation,4400,16.92,0.083,16,0,0
105652,25,66400,4.9,MORTGAGE,C,venture,7200,13.26,0.108,6,0,0
105653,29,24800,17.5,RENT,C,medical,7700,10.73,0.31,12,0,0
105654,32,80800,8.0,MORTGAGE,B,debt_consolidation,6900,16.12,0.085,15,0,0
105655,40,41100,2.1,MORTGAGE,B,home_improvement,3600,7.02,0.088,22,0,0
105656,31,103100,1.4,MORTGAGE,B,medical,7200,10.45,0.07,11,0,0
105657,22,35300,0.6,OWN,F,debt_consolidation,3400,8.09,0.096,3,0,0
105658,31,107200,0.2,MORTGAGE,E,credit_card,4000,7.47,0.037,14,0,0
105659,28,86500,10.5,RENT,A,home_improvement,14700,7.59,0.17,10,0,0
105660,20,39900,0.6,RENT,D,debt_consolidation,7500,9.12,0.188,6,0,1
105661,20,112400,6.8,RENT,C,debt_consolidation,10200,12.19,0.091,2,0,1
105662,29,96900,0.0,MORTGAGE,A,debt_consolidation,17500,10.24,0.181,13,0,0
105663,29,67500,2.1,MORTGAGE,C,small_business,7700,12.44,0.114,10,0,0
105664,27,29800,0.3,RENT,A,credit_card,13500,12.3,0.453,7,0,0
105665,35,80000,1.8,MORTGAGE,B,credit_card,9900,5.4,0.124,19,0,0
105666,22,53400,6.1,RENT,D,debt_consolidation,5400,12.06,0.101,3,0,1
105667,20,53000,11.5,RENT,B,debt_consolidation,7400,8.8,0.14,2,0,0
105668,23,53700,0.3,MORTGAGE,E,home_improvement,5300,5.59,0.099,2,0,1
105669,25,50700,0.9,MORTGAGE,D,debt_consolidation,11100,12.32,0.219,8,1,1
105670,29,32000,1.5,RENT,E,home_improvement,13800,11.73,0.431,10,0,0
105671,23,22400,5.2,MORTGAGE,C,credit_card,3800,12.03,0.17,2,0,1
105672,20,20000,10.2,MORTGAGE,E,home_improvement,4900,14.0,0.245,6,0,0
105673,20,60800,1.1,MORTGAGE,B,credit_card,6500,9.05,0.107,2,0,0
105674,30,13600,0.9,OWN,C,medical,5100,7.93,0.375,11,0,0
105675,21,76800,0.2,RENT,C,debt_consolidation,7000,11.35,0.091,6,0,0
105676,20,68100,0.0,RENT,F,education,9700,9.84,0.142,2,0,1
105677,33,43600,2.5,RENT,A,debt_consolidation,16100,21.21,0.369,20,0,0
105678,40,90600,0.2,MORTGAGE,C,debt_consolidation,6000,10.93,0.066,24,0,0
105679,28,44700,0.3,RENT,D,credit_card,5900,11.39,0.132,8,0,0
105680,31,64900,3.5,OWN,B,debt_consolidation,9800,8.21,0.151,15,0,0
105681,31,17600,5.1,MORTGAGE,E,credit_card,7700,7.6,0.438,12,0,0
105682,20,15000,8.1,MORTGAGE,B,medical,3400,5.4,0.227,2,0,0
105683,35,45300,4.2,RENT,A,medical,4900,10.1,0.108,15,1,0
105684,38,65000,10.2,MORTGAGE,C,home_improvement,6600,10.52,0.102,19,0,1
105685,42,86900,11.4,RENT,C,venture,12200,15.2,0.14,25,0,0
105686,26,46700,1.7,MORTGAGE,A,credit_card,14600,10.33,0.313,6,0,0
105687,21,59000,2.9,MORTGAGE,A,debt_consolidation,4400,9.76,0.075,2,0,0
105688,39,79400,0.8,RENT,B,medical,5200,12.06,0.065,22,0,0
105689,32,48000,0.7,OWN,D,debt_consolidation,12800,10.8,0.267,14,0,0
105690,35,71200,1.1,MORTGAGE,E,debt_consolidation,6200,14.62,0.087,19,0,1
105691,24,27700,2.9,MORTGAGE,C,debt_consolidation,9700,16.33,0.35,4,0,0
105692,31,20700,6.3,RENT,A,debt_consolidation,7100,11.02,0.343,15,0,0
105693,22,38400,5.4,RENT,C,debt_consolidation,8100,7.65,0.211,5,0,0
105694,29,78900,17.2,RENT,E,debt_consolidation,6300,10.62,0.08,12,0,0
105695,27,34900,1.8,MORTGAGE,D,home_improvement,14600,11.9,0.418,6,0,0
105696,45,73700,2.2,RENT,B,small_business,3400,6.28,0.046,27,0,0
105697,33,29300,9.3,OTHER,A,education,6400,10.09,0.218,17,1,0
105698,20,37400,1.3,OWN,F,debt_consolidation,13900,5.74,0.372,2,0,0
105699,29,58900,14.7,RENT,E,debt_consolidation,7000,12.64,0.119,7,0,1
105700,32,35700,1.2,MORTGAGE,A,home_improvement,7400,7.15,0.207,13,0,0
105701,26,39200,3.7,RENT,E,debt_consolidation,13400,9.97,0.342,6,0,0
105702,21,12300,5.5,RENT,A,credit_card,10200,10.58,0.829,2,0,1
105703,34,81800,1.5,RENT,A,home_improvement,12600,6.5,0.154,13,0,0
105704,22,48300,0.5,MORTGAGE,D,medical,15200,11.3,0.315,6,0,0
105705,33,30600,0.1,OWN,C,debt_consolidation,3600,7.26,0.118,16,0,0
105706,22,141200,4.5,RENT,C,home_improvement,6100,16.5,0.043,2,0,1
105707,25,33400,6.0,RENT,F,home_improvement,5000,15.95,0.15,6,0,1
105708,36,38800,3.5,RENT,E,medical,9400,15.4,0.242,16,0,1
105709,32,30400,0.6,MORTGAGE,A,debt_consolidation,13900,11.7,0.457,15,0,0
105710,29,94600,2.3,RENT,C,small_business,2000,12.39,0.021,9,0,0
105711,29,113400,3.8,MORTGAGE,D,small_business,3300,10.54,0.029,9,0,0
105712,30,107300,8.2,OWN,C,debt_consolidation,2500,13.11,0.023,12,0,1
105713,23,106800,8.0,RENT,G,home_improvement,4900,17.07,0.046,3,0,0
105714,20,37100,1.5,MORTGAGE,D,home_improvement,8000,7.65,0.216,5,0,0
105715,33,129300,0.1,MORTGAGE,A,debt_consolidation,18900,12.76,0.146,14,0,0
105716,40,46300,3.8,MORTGAGE,B,credit_card,3800,5.4,0.082,23,0,0
105717,33,22100,2.5,MORTGAGE,E,credit_card,28800,9.69,0.9,17,0,0
105718,31,40800,4.6,MORTGAGE,G,medical,10300,10.95,0.252,10,0,1
105719,21,61700,5.7,MORTGAGE,A,debt_consolidation,10500,12.32,0.17,2,0,1
105720,35,36100,7.7,RENT,A,credit_card,11400,13.61,0.316,15,0,0
105721,32,55900,8.9,MORTGAGE,D,debt_consolidation,3500,15.89,0.063,16,0,0
105722,34,69200,3.5,RENT,A,home_improvement,5600,6.14,0.081,16,0,1
105723,36,64600,1.6,RENT,A,small_business,4400,14.31,0.068,20,0,0
105724,40,73900,7.3,MORTGAGE,E,credit_card,11000,17.67,0.149,25,0,1
105725,21,46700,4.2,RENT,E,credit_card,4700,9.83,0.101,6,0,1
105726,20,34500,1.0,RENT,E,debt_consolidation,6800,9.38,0.197,2,1,0
105727,30,23000,3.0,RENT,D,debt_consolidation,5300,11.93,0.23,10,0,0
105728,23,49100,1.0,OWN,B,small_business,16800,10.96,0.342,3,0,1
105729,21,38400,1.9,MORTGAGE,F,debt_consolidation,5500,10.72,0.143,5,0,0
105730,38,48300,10.6,RENT,B,medical,4200,16.67,0.087,22,0,0
105731,22,16500,0.2,MORTGAGE,B,home_improvement,10000,20.06,0.606,5,0,1
105732,29,22400,0.4,MORTGAGE,E,education,7400,10.33,0.33,12,0,1
105733,20,68200,5.6,RENT,D,debt_consolidation,16600,19.82,0.243,2,1,0
105734,29,21000,2.3,MORTGAGE,E,credit_card,9100,10.22,0.433,11,0,0
105735,37,46400,4.7,RENT,A,debt_consolidation,8900,14.22,0.192,20,0,0
105736,37,32600,6.3,MORTGAGE,F,education,12400,7.73,0.38,19,0,1
105737,36,31500,1.6,MORTGAGE,C,home_improvement,9900,8.32,0.314,17,0,1
105738,28,54000,7.5,RENT,D,home_improvement,11900,10.33,0.22,13,0,0
105739,37,52400,4.6,MORTGAGE,F,small_business,11300,14.49,0.216,17,1,1
105740,32,69600,5.9,RENT,B,debt_consolidation,6400,12.25,0.092,13,1,0
105741,26,28100,1.2,MORTGAGE,D,home_improvement,4000,5.58,0.142,11,1,1
105742,32,31700,1.3,RENT,D,medical,7000,6.7,0.221,16,0,1
105743,35,95600,3.7,MORTGAGE,E,debt_consolidation,2500,5.4,0.026,14,0,0
105744,20,45500,5.3,MORTGAGE,E,venture,5100,12.64,0.112,2,0,0
105745,22,63000,1.0,RENT,D,education,6200,12.03,0.098,2,0,1
105746,28,39200,0.5,MORTGAGE,A,venture,15700,11.96,0.401,10,0,0
105747,20,66200,1.5,RENT,B,medical,7100,11.92,0.107,2,1,0
105748,20,13100,5.2,MORTGAGE,F,debt_consolidation,20100,8.77,0.9,2,0,1
105749,26,97100,18.3,MORTGAGE,F,home_improvement,9900,12.11,0.102,9,0,0
105750,36,40100,2.3,RENT,F,debt_consolidation,3100,16.66,0.077,18,0,0
105751,36,25900,8.6,RENT,A,small_business,14400,13.55,0.556,20,0,0
105752,31,28700,4.5,RENT,B,debt_consolidation,13600,7.29,0.474,15,1,0
105753,30,44600,0.2,MORTGAGE,D,education,3100,10.29,0.07,8,0,1
105754,44,48500,4.2,MORTGAGE,D,debt_consolidation,11400,9.24,0.235,26,0,1
105755,25,55700,11.9,RENT,A,debt_consolidation,17000,14.67,0.305,7,0,0
105756,31,26700,11.1,RENT,C,debt_consolidation,2400,7.69,0.09,14,0,0
105757,25,83200,4.6,OWN,A,small_business,4200,12.15,0.05,7,0,0
105758,20,38600,5.5,RENT,C,debt_consolidation,13000,10.26,0.337,2,0,1
105759,37,37600,5.9,RENT,B,debt_consolidation,7000,8.7,0.186,20,0,1
105760,27,45500,4.9,MORTGAGE,A,debt_consolidation,17400,12.24,0.382,10,1,1
105761,34,74200,9.0,RENT,A,debt_consolidation,13000,10.7,0.175,12,0,0
105762,27,50600,1.2,OWN,F,venture,12200,14.18,0.241,12,0,1
105763,38,38200,3.1,RENT,D,credit_card,14700,9.74,0.385,22,1,1
105764,22,43100,1.7,MORTGAGE,F,debt_consolidation,4900,7.24,0.114,2,0,0
105765,37,100800,0.6,RENT,C,debt_consolidation,6500,10.75,0.064,17,0,0
105766,35,92100,8.2,RENT,C,debt_consolidation,22600,12.4,0.245,17,1,0
105767,20,63000,1.0,RENT,B,credit_card,6400,13.7,0.102,2,0,0
105768,25,55900,2.0,OWN,C,debt_consolidation,14100,10.83,0.252,8,0,0
105769,36,184000,13.2,MORTGAGE,B,debt_consolidation,6900,14.53,0.038,19,1,0
105770,40,66500,2.1,RENT,D,debt_consolidation,5100,6.67,0.077,23,0,1
105771,34,56900,3.2,OWN,E,debt_consolidation,4500,15.03,0.079,14,1,1
105772,26,46100,0.1,RENT,E,small_business,10500,13.55,0.228,8,0,1
105773,22,62700,13.1,RENT,B,debt_consolidation,15900,9.9,0.254,5,0,0
105774,33,12000,8.0,RENT,C,home_improvement,10100,15.27,0.842,15,0,1
105775,26,90700,1.9,MORTGAGE,B,home_improvement,8900,12.62,0.098,9,0,0
105776,26,25600,21.6,RENT,A,education,4100,16.1,0.16,10,0,0
105777,27,34700,2.9,RENT,D,debt_consolidation,7700,8.7,0.222,7,0,1
105778,35,23900,2.9,OWN,C,medical,8600,9.04,0.36,17,0,0
105779,42,34400,0.4,MORTGAGE,D,education,4800,13.48,0.14,23,1,1
105780,36,42700,0.2,RENT,A,venture,9800,11.74,0.23,17,0,0
105781,29,84000,1.8,MORTGAGE,G,medical,5300,6.32,0.063,8,0,1
105782,23,104700,0.7,RENT,G,debt_consolidation,6200,18.23,0.059,6,0,0
105783,34,149900,5.4,MORTGAGE,C,venture,11900,17.81,0.079,22,0,1
105784,41,54500,7.4,RENT,E,medical,18700,12.19,0.343,24,1,0
105785,36,45700,2.5,MORTGAGE,B,debt_consolidation,17800,9.03,0.389,23,0,0
105786,30,79100,6.3,MORTGAGE,D,debt_consolidation,7200,9.11,0.091,15,0,0
105787,26,32200,3.2,RENT,E,education,10500,12.89,0.326,6,0,1
105788,31,30300,1.0,RENT,E,debt_consolidation,11000,16.67,0.363,14,1,1
105789,37,42100,1.3,RENT,E,medical,11000,21.02,0.261,21,0,1
105790,31,50600,1.0,MORTGAGE,C,credit_card,8300,10.41,0.164,14,0,1
105791,28,16500,5.5,MORTGAGE,E,small_business,15800,10.22,0.9,9,0,1
105792,24,92700,0.0,MORTGAGE,D,debt_consolidation,5500,10.9,0.059,6,0,0
105793,47,58800,1.4,OWN,A,small_business,4100,12.97,0.07,32,1,0
105794,23,79900,14.0,MORTGAGE,A,credit_card,9400,8.42,0.118,2,0,0
105795,22,21700,0.9,OWN,D,education,6500,6.59,0.3,6,0,0
105796,30,35700,6.7,MORTGAGE,D,debt_consolidation,22300,10.66,0.625,14,0,1
105797,28,34800,1.8,RENT,C,debt_consolidation,6000,12.62,0.172,7,0,0
105798,36,46100,0.3,MORTGAGE,F,debt_consolidation,13700,17.67,0.297,17,0,1
105799,36,50600,1.9,RENT,D,debt_consolidation,10100,7.61,0.2,17,0,0
105800,20,83100,1.2,RENT,B,venture,3600,15.57,0.043,4,0,0
105801,24,54400,1.6,RENT,C,debt_consolidation,10800,11.13,0.199,6,0,0
105802,23,34300,7.9,RENT,C,debt_consolidation,5400,10.62,0.157,4,0,0
105803,34,171700,1.8,MORTGAGE,D,medical,29200,5.91,0.17,16,0,1
105804,32,44500,2.8,RENT,C,debt_consolidation,5000,12.91,0.112,15,0,0
105805,26,31300,2.3,RENT,C,debt_consolidation,4700,12.49,0.15,8,0,0
105806,31,18300,0.1,OWN,D,home_improvement,2300,19.66,0.126,16,1,0
105807,21,54200,0.0,MORTGAGE,D,credit_card,5100,10.57,0.094,3,0,0
105808,24,75400,1.4,RENT,E,medical,11600,17.09,0.154,7,0,1
105809,20,27500,7.8,RENT,A,home_improvement,4400,10.4,0.16,2,0,0
105810,30,72700,6.8,RENT,D,debt_consolidation,10300,10.27,0.142,13,0,0
105811,30,54000,9.4,OWN,C,home_improvement,9000,5.45,0.167,11,0,0
105812,22,19400,4.6,RENT,A,education,4500,15.64,0.232,3,0,0
105813,32,72700,0.6,OWN,D,credit_card,7300,12.0,0.1,17,0,0
105814,36,44500,1.3,RENT,D,small_business,4600,11.48,0.103,17,0,1
105815,22,27700,3.8,MORTGAGE,C,credit_card,12500,10.46,0.451,3,0,0
105816,27,87200,0.4,RENT,E,credit_card,2900,12.35,0.033,6,0,1
105817,33,86300,4.8,MORTGAGE,B,small_business,11700,8.94,0.136,13,0,0
105818,29,27400,8.6,RENT,B,debt_consolidation,5200,13.12,0.19,8,0,0
105819,20,60600,17.5,RENT,B,credit_card,8300,8.06,0.137,4,0,0
105820,26,57600,6.0,OTHER,C,debt_consolidation,10100,11.02,0.175,9,0,0
105821,26,49600,9.9,MORTGAGE,D,small_business,8400,13.29,0.169,10,0,1
105822,28,38800,9.9,RENT,E,home_improvement,24200,16.57,0.624,11,0,1
105823,28,47500,10.9,MORTGAGE,D,debt_consolidation,6200,12.26,0.131,8,0,0
105824,40,86400,0.2,RENT,A,debt_consolidation,3700,16.17,0.043,24,0,0
105825,28,64500,0.3,OWN,B,education,25700,11.45,0.398,10,1,1
105826,20,17800,11.4,RENT,A,debt_consolidation,9500,8.13,0.534,3,0,0
105827,30,15900,9.4,RENT,D,debt_consolidation,8500,18.99,0.535,7,0,1
105828,41,18600,1.1,RENT,B,debt_consolidation,26700,11.08,0.9,21,0,1
105829,28,24400,3.6,RENT,C,home_improvement,3800,14.91,0.156,9,1,1
105830,26,34000,9.7,OWN,E,debt_consolidation,7500,9.27,0.221,9,0,0
105831,27,40200,0.4,RENT,D,medical,4300,13.37,0.107,6,0,1
105832,33,49700,0.2,RENT,B,small_business,7400,12.74,0.149,20,0,0
105833,27,50600,5.3,MORTGAGE,B,debt_consolidation,3600,11.5,0.071,12,1,0
105834,20,50200,1.8,RENT,D,credit_card,8200,18.8,0.163,5,0,1
105835,24,96700,0.7,RENT,C,debt_consolidation,7900,13.04,0.082,9,0,0
105836,29,20500,1.7,MORTGAGE,A,debt_consolidation,7700,10.16,0.376,12,0,0
105837,33,61900,3.3,RENT,E,home_improvement,2200,17.17,0.036,13,0,0
105838,25,61800,3.1,MORTGAGE,C,debt_consolidation,12000,5.4,0.194,8,1,0
105839,27,25700,3.6,MORTGAGE,C,education,6900,6.25,0.268,8,1,0
105840,29,69100,3.7,RENT,B,home_improvement,33300,14.67,0.482,11,0,0
105841,24,63300,19.7,MORTGAGE,B,debt_consolidation,6100,12.32,0.096,8,1,0
105842,28,50300,17.9,RENT,B,venture,5500,9.53,0.109,9,0,0
105843,32,13600,0.1,MORTGAGE,B,credit_card,8600,12.91,0.632,13,0,0
105844,21,87600,5.6,MORTGAGE,C,debt_consolidation,4000,15.34,0.046,5,0,0
105845,31,58400,1.5,MORTGAGE,C,credit_card,15400,7.7,0.264,11,0,0
105846,21,64300,7.2,MORTGAGE,E,venture,4700,11.18,0.073,2,0,1
105847,22,12000,0.1,MORTGAGE,F,credit_card,5000,11.64,0.417,4,0,0
105848,24,38500,10.1,RENT,B,credit_card,12500,12.6,0.325,7,0,1
105849,39,23400,1.7,OWN,A,credit_card,9100,13.82,0.389,22,1,0
105850,20,105000,1.9,RENT,E,debt_consolidation,9000,5.4,0.086,2,0,1
105851,26,28100,7.9,MORTGAGE,G,debt_consolidation,3800,13.43,0.135,5,0,1
105852,29,116300,0.8,MORTGAGE,E,home_improvement,13800,5.4,0.119,14,0,0
105853,37,87000,5.6,RENT,A,education,4600,11.37,0.053,14,0,0
105854,43,58200,3.0,RENT,B,small_business,3100,7.7,0.053,26,0,0
105855,26,96200,5.4,OWN,A,debt_consolidation,9900,12.21,0.103,8,0,0
105856,33,30700,4.4,MORTGAGE,E,credit_card,7200,13.9,0.235,16,1,1
105857,28,33800,3.2,MORTGAGE,C,debt_consolidation,7100,11.71,0.21,11,0,0
105858,28,85600,3.4,RENT,C,debt_consolidation,11700,9.15,0.137,10,0,1
105859,31,30700,4.9,MORTGAGE,C,home_improvement,6800,6.76,0.221,13,0,0
105860,20,24900,1.5,RENT,B,debt_consolidation,3100,11.37,0.124,3,0,0
105861,29,43200,4.2,MORTGAGE,C,medical,6700,10.03,0.155,12,0,0
105862,32,31700,7.5,RENT,A,credit_card,9500,12.71,0.3,8,1,0
105863,23,143800,0.2,MORTGAGE,D,home_improvement,8900,9.95,0.062,5,0,1
105864,32,78900,2.3,MORTGAGE,D,education,7300,16.55,0.093,16,0,0
105865,20,37500,8.5,RENT,D,small_business,30500,11.67,0.813,2,0,1
105866,30,29700,0.0,MORTGAGE,B,education,20200,14.81,0.68,13,0,0
105867,38,62100,8.4,RENT,E,medical,4200,9.7,0.068,22,0,0
105868,27,99000,0.4,RENT,D,credit_card,3800,14.15,0.038,9,0,0
105869,22,60500,0.9,RENT,A,debt_consolidation,16800,13.75,0.278,4,0,0
105870,20,30500,1.5,RENT,B,debt_consolidation,14600,9.05,0.479,2,1,0
105871,32,23400,5.1,RENT,D,education,18300,6.11,0.782,14,0,1
105872,35,41900,4.3,MORTGAGE,B,debt_consolidation,6300,16.07,0.15,18,0,0
105873,29,61300,12.6,MORTGAGE,A,venture,7400,9.99,0.121,10,0,0
105874,26,39800,4.9,RENT,A,debt_consolidation,3000,9.17,0.075,7,1,0
105875,20,89700,0.9,OTHER,A,small_business,8800,10.42,0.098,3,1,0
105876,30,68900,7.4,OWN,C,debt_consolidation,5700,8.09,0.083,13,0,0
105877,24,58700,0.9,RENT,C,venture,5300,13.77,0.09,7,0,0
105878,25,68100,9.2,MORTGAGE,A,debt_consolidation,13500,11.47,0.198,4,1,0
105879,40,24000,2.6,OWN,D,credit_card,7400,11.69,0.308,23,1,1
105880,20,39200,6.7,RENT,B,education,12800,15.6,0.327,2,0,0
105881,20,29100,0.2,RENT,B,debt_consolidation,7600,11.86,0.261,2,0,1
105882,31,63700,5.9,OWN,B,debt_consolidation,11000,17.17,0.173,17,0,0
105883,26,29300,1.3,MORTGAGE,E,education,3900,11.43,0.133,9,0,1
105884,25,53900,0.9,MORTGAGE,F,medical,4700,6.08,0.087,8,1,1
105885,31,47100,3.7,OWN,C,debt_consolidation,10400,8.31,0.221,11,0,0
105886,31,71700,0.5,RENT,A,home_improvement,20600,8.88,0.287,16,1,0
105887,22,26700,5.2,MORTGAGE,B,debt_consolidation,10500,11.91,0.393,5,0,0
105888,25,66100,8.0,MORTGAGE,A,debt_consolidation,8200,16.98,0.124,2,0,0
105889,29,28600,6.2,RENT,E,home_improvement,18500,12.18,0.647,10,0,1
105890,30,30300,1.6,RENT,A,debt_consolidation,7200,10.68,0.238,13,0,0
105891,32,47600,0.3,RENT,F,credit_card,5200,10.41,0.109,14,0,1
105892,25,99400,0.3,MORTGAGE,C,debt_consolidation,8100,13.46,0.081,9,0,0
105893,31,32400,13.7,MORTGAGE,C,medical,9900,13.0,0.306,11,0,0
105894,36,19400,2.0,OWN,E,credit_card,4000,14.37,0.206,18,0,1
105895,29,30600,0.7,RENT,A,debt_consolidation,8700,8.97,0.284,10,0,0
105896,28,41700,2.6,MORTGAGE,D,education,3100,19.6,0.074,10,0,0
105897,27,144100,1.6,RENT,A,medical,6900,10.26,0.048,8,0,0
105898,25,63800,5.9,OWN,E,debt_consolidation,7400,9.21,0.116,7,0,0
105899,22,34100,1.3,MORTGAGE,C,venture,8000,15.8,0.235,7,0,0
105900,27,47700,15.7,MORTGAGE,A,debt_consolidation,2800,14.75,0.059,6,1,1
105901,32,122300,3.5,RENT,E,debt_consolidation,8600,9.18,0.07,18,0,1
105902,23,45200,2.1,RENT,A,credit_card,13100,13.94,0.29,12,0,0
105903,28,45500,7.2,RENT,A,debt_consolidation,17600,9.97,0.387,9,1,0
105904,28,41200,2.5,MORTGAGE,E,small_business,18000,13.01,0.437,13,0,0
105905,41,75600,0.7,RENT,C,credit_card,8200,12.34,0.108,25,0,0
105906,34,38600,5.0,MORTGAGE,E,education,31700,20.66,0.821,18,0,1
105907,34,83300,5.7,RENT,D,debt_consolidation,5300,16.51,0.064,14,0,0
105908,35,92500,7.3,MORTGAGE,D,debt_consolidation,5400,15.34,0.058,15,0,0
105909,25,72200,9.1,RENT,B,credit_card,8200,14.26,0.114,6,0,0
105910,39,45600,3.0,RENT,A,debt_consolidation,12800,6.99,0.281,20,0,0
105911,30,23900,6.6,MORTGAGE,F,venture,11500,12.17,0.481,10,0,1
105912,29,45600,3.2,RENT,A,small_business,2200,9.92,0.048,9,0,0
105913,20,35700,3.1,RENT,C,medical,4800,11.32,0.134,4,0,0
105914,26,33600,20.4,MORTGAGE,B,small_business,12400,11.81,0.369,11,0,0
105915,20,45200,0.0,RENT,B,debt_consolidation,5000,5.4,0.111,2,0,0
105916,27,67100,1.1,MORTGAGE,C,debt_consolidation,7500,10.48,0.112,14,0,0
105917,25,36600,6.8,MORTGAGE,E,credit_card,9900,11.96,0.27,4,0,0
105918,26,24200,0.4,RENT,D,medical,10600,14.83,0.438,6,0,0
105919,20,30400,0.1,RENT,E,debt_consolidation,13000,8.68,0.428,2,0,1
105920,34,130600,1.2,RENT,B,debt_consolidation,16300,8.65,0.125,12,0,0
105921,33,69700,0.5,RENT,C,home_improvement,11500,8.42,0.165,17,0,0
105922,41,30400,4.8,RENT,A,debt_consolidation,4100,10.35,0.135,22,0,0
105923,41,104700,8.2,MORTGAGE,D,credit_card,11200,7.44,0.107,23,1,0
105924,30,45200,0.9,RENT,B,debt_consolidation,14700,16.28,0.325,11,0,1
105925,36,180400,0.0,OWN,C,credit_card,10400,14.29,0.058,15,0,0
105926,31,59500,0.6,MORTGAGE,A,credit_card,16500,21.27,0.277,9,1,0
105927,26,70300,0.1,RENT,E,education,9200,9.59,0.131,3,1,0
105928,27,81700,8.5,MORTGAGE,E,small_business,7600,14.6,0.093,8,0,1
105929,33,116700,21.3,RENT,E,debt_consolidation,5100,7.13,0.044,16,1,0
105930,58,40500,7.9,RENT,A,medical,24800,16.79,0.612,38,0,1
105931,37,111300,2.1,OTHER,G,medical,4600,10.73,0.041,14,0,0
105932,31,36600,0.1,RENT,B,home_improvement,8100,11.2,0.221,15,0,0
105933,32,42200,5.9,RENT,B,education,6700,16.09,0.159,16,0,0
105934,32,51800,0.3,MORTGAGE,B,medical,3900,15.87,0.075,11,0,0
105935,28,85500,3.8,OWN,B,debt_consolidation,13200,7.97,0.154,7,0,0
105936,34,43000,2.5,MORTGAGE,C,credit_card,10700,11.12,0.249,17,0,0
105937,28,127800,4.7,MORTGAGE,B,credit_card,9300,16.63,0.073,6,0,0
105938,22,106900,7.7,MORTGAGE,B,credit_card,5700,10.18,0.053,2,0,0
105939,32,52700,1.5,MORTGAGE,D,venture,11000,12.6,0.209,17,0,0
105940,33,30300,5.2,MORTGAGE,E,home_improvement,7000,13.44,0.231,14,0,0
105941,28,89400,5.8,MORTGAGE,D,debt_consolidation,10600,16.57,0.119,10,0,0
105942,31,16300,5.4,MORTGAGE,C,venture,17900,13.9,0.9,10,0,1
105943,36,77500,7.3,RENT,A,small_business,2100,10.62,0.027,20,0,0
105944,29,32800,3.4,RENT,E,debt_consolidation,14100,5.4,0.43,11,0,1
105945,26,102800,7.5,RENT,A,education,29900,14.03,0.291,10,0,0
105946,24,24000,0.2,RENT,B,credit_card,20900,12.12,0.871,5,0,1
105947,27,35800,5.2,RENT,A,credit_card,12400,17.89,0.346,6,0,0
105948,40,65600,3.2,MORTGAGE,D,credit_card,15900,13.57,0.242,21,0,0
105949,28,71700,2.3,OWN,B,education,5100,9.46,0.071,8,0,0
105950,32,36500,1.7,RENT,D,debt_consolidation,9200,7.01,0.252,13,0,0
105951,27,42900,14.4,RENT,B,debt_consolidation,7500,10.88,0.175,7,0,0
105952,26,87000,6.9,MORTGAGE,C,home_improvement,6300,12.81,0.072,5,0,0
105953,23,89700,0.1,RENT,C,education,14000,11.88,0.156,6,0,1
105954,30,42500,6.2,MORTGAGE,A,debt_consolidation,7300,6.96,0.172,13,1,0
105955,25,36900,0.4,MORTGAGE,C,debt_consolidation,2900,5.4,0.079,5,1,0
105956,38,24300,2.1,MORTGAGE,D,venture,10300,8.05,0.424,23,0,0
105957,28,59200,1.6,RENT,C,medical,8000,5.4,0.135,8,0,0
105958,29,80600,4.7,RENT,A,credit_card,11900,7.97,0.148,12,0,0
105959,28,56000,2.5,MORTGAGE,D,credit_card,6500,12.37,0.116,4,0,0
105960,32,31000,1.9,RENT,B,credit_card,3100,16.71,0.1,13,0,0
105961,39,137700,1.8,RENT,A,home_improvement,4700,5.4,0.034,17,0,0
105962,22,16200,2.1,RENT,A,credit_card,4900,7.81,0.302,2,0,0
105963,31,83500,0.5,MORTGAGE,C,medical,4600,12.92,0.055,13,0,0
105964,20,58100,13.2,MORTGAGE,B,debt_consolidation,5900,9.88,0.102,2,0,0
105965,38,66700,1.5,MORTGAGE,D,medical,12100,12.09,0.181,18,0,1
105966,28,33400,1.9,MORTGAGE,B,debt_consolidation,3800,12.86,0.114,10,0,0
105967,20,47400,0.2,RENT,D,education,13200,10.02,0.278,2,1,0
105968,20,60600,9.0,OWN,B,debt_consolidation,4000,15.84,0.066,2,0,0
105969,35,49200,1.9,MORTGAGE,D,debt_consolidation,6600,20.24,0.134,18,1,1
105970,20,19200,2.8,RENT,E,debt_consolidation,7900,7.66,0.411,2,0,0
105971,31,132200,7.1,MORTGAGE,B,debt_consolidation,6900,14.84,0.052,12,0,0
105972,26,73700,15.0,RENT,A,credit_card,11400,19.09,0.155,11,1,1
105973,28,52500,6.5,OWN,C,home_improvement,7600,16.71,0.145,9,1,1
105974,24,54400,0.2,RENT,G,education,7400,9.02,0.136,4,0,0
105975,22,130100,7.3,RENT,F,credit_card,2200,10.32,0.017,6,0,0
105976,26,34300,17.2,OWN,B,credit_card,10100,5.4,0.294,9,0,0
105977,33,30300,6.0,MORTGAGE,D,debt_consolidation,22800,9.45,0.752,11,0,1
105978,27,82300,3.6,RENT,B,medical,6200,9.56,0.075,5,0,1
105979,32,66500,0.0,MORTGAGE,A,debt_consolidation,11700,13.15,0.176,15,0,0
105980,27,29600,1.3,MORTGAGE,D,debt_consolidation,5200,7.41,0.176,7,0,1
105981,33,93800,0.0,RENT,C,debt_consolidation,13900,11.76,0.148,15,0,0
105982,32,60600,2.8,MORTGAGE,C,debt_consolidation,10800,12.25,0.178,13,0,1
105983,25,31400,0.1,MORTGAGE,E,home_improvement,6600,9.82,0.21,8,1,1
105984,22,67500,1.2,MORTGAGE,B,debt_consolidation,6400,14.52,0.095,5,0,0
105985,36,62200,4.2,OTHER,D,debt_consolidation,11600,9.87,0.186,14,0,0
105986,23,49100,8.6,MORTGAGE,B,medical,8300,12.67,0.169,3,0,0
105987,33,63700,10.2,MORTGAGE,A,debt_consolidation,4100,6.82,0.064,18,1,0
105988,29,72700,4.4,MORTGAGE,B,home_improvement,3500,8.7,0.048,12,0,0
105989,26,85200,4.4,RENT,F,credit_card,11200,14.96,0.131,9,0,0
105990,32,54700,3.9,RENT,C,education,5300,5.48,0.097,18,0,0
105991,39,44400,0.0,OWN,A,small_business,8300,14.21,0.187,23,0,0
105992,33,58800,8.1,MORTGAGE,D,debt_consolidation,11200,10.32,0.19,15,0,0
105993,30,99200,5.7,RENT,F,education,4200,5.4,0.042,9,0,0
105994,40,72900,0.5,RENT,F,credit_card,4600,9.9,0.063,24,0,1
105995,20,43100,1.3,RENT,C,debt_consolidation,19800,14.14,0.459,4,0,1
105996,21,53100,2.0,RENT,B,home_improvement,6500,19.8,0.122,3,0,0
105997,26,128800,0.3,RENT,C,small_business,14200,18.22,0.11,12,0,0
105998,39,77800,0.2,MORTGAGE,E,debt_consolidation,32200,8.15,0.414,22,0,1
105999,36,56000,8.3,RENT,E,credit_card,9200,14.38,0.164,18,0,0
106000,20,96500,2.4,MORTGAGE,E,debt_consolidation,5000,9.89,0.052,4,1,1
106001,26,38200,11.3,OWN,C,home_improvement,8700,9.3,0.228,9,0,0
106002,20,61800,1.9,OTHER,A,venture,7300,15.12,0.118,4,0,0
106003,29,144600,1.9,MORTGAGE,C,credit_card,8400,12.32,0.058,7,0,0
106004,35,73800,1.2,RENT,A,venture,12000,12.33,0.163,18,0,0
106005,36,125700,1.6,MORTGAGE,A,debt_consolidation,12800,5.46,0.102,17,0,0
106006,31,49200,1.7,MORTGAGE,C,medical,2700,8.02,0.055,12,0,0
106007,26,39700,1.3,RENT,D,education,15600,8.26,0.393,8,0,0
106008,28,97500,2.4,MORTGAGE,E,small_business,9400,13.35,0.096,9,0,0
106009,34,18900,9.1,MORTGAGE,E,debt_consolidation,5900,14.13,0.312,17,0,0
106010,45,56900,1.5,MORTGAGE,E,debt_consolidation,12100,17.75,0.213,25,1,0
106011,21,90900,0.3,RENT,D,debt_consolidation,4500,8.11,0.05,2,0,0
106012,40,70200,0.9,RENT,D,home_improvement,4700,17.83,0.067,22,1,0
106013,31,16200,2.1,OWN,A,venture,14500,10.56,0.895,16,0,1
106014,35,24600,4.0,RENT,D,credit_card,8400,11.78,0.341,16,0,1
106015,30,48400,7.9,RENT,A,debt_consolidation,19200,11.08,0.397,11,1,1
106016,39,66900,0.5,MORTGAGE,A,debt_consolidation,5600,12.41,0.084,20,0,0
106017,31,68400,3.0,MORTGAGE,A,home_improvement,9500,14.01,0.139,18,0,0
106018,24,51400,3.2,RENT,E,credit_card,10000,15.24,0.195,8,0,0
106019,32,77000,2.6,RENT,D,debt_consolidation,10100,10.62,0.131,13,1,1
106020,37,65500,15.7,MORTGAGE,F,small_business,11400,11.82,0.174,19,0,0
106021,29,48000,1.2,OWN,G,debt_consolidation,10400,8.22,0.217,9,0,1
106022,20,69300,0.7,MORTGAGE,E,home_improvement,8200,13.94,0.118,6,0,0
106023,28,36100,0.3,MORTGAGE,A,credit_card,2800,12.46,0.078,7,0,0
106024,30,73100,4.9,RENT,E,debt_consolidation,13000,8.7,0.178,10,0,0
106025,29,32300,3.0,MORTGAGE,E,home_improvement,2200,7.02,0.068,13,0,0
106026,26,67400,0.1,MORTGAGE,E,home_improvement,4100,12.08,0.061,11,0,0
106027,38,66500,3.2,MORTGAGE,A,credit_card,5500,16.2,0.083,20,0,0
106028,20,43700,2.5,MORTGAGE,A,medical,13300,17.21,0.304,2,0,0
106029,30,73100,0.7,RENT,F,credit_card,7200,6.84,0.098,12,0,1
106030,30,120400,3.2,RENT,A,debt_consolidation,22700,14.86,0.189,12,0,0
106031,44,29400,1.4,MORTGAGE,B,venture,3800,14.37,0.129,30,0,0
106032,29,87100,0.4,RENT,C,venture,4400,16.49,0.051,12,0,1
106033,32,93700,25.0,MORTGAGE,A,debt_consolidation,2400,13.21,0.026,13,0,0
106034,30,46000,3.1,MORTGAGE,A,venture,4300,10.3,0.093,13,0,0
106035,30,80100,0.5,RENT,G,medical,5700,14.33,0.071,14,0,1
106036,41,44800,0.9,MORTGAGE,E,debt_consolidation,18100,5.4,0.404,21,0,1
106037,21,102800,1.0,MORTGAGE,F,credit_card,14400,7.93,0.14,4,0,0
106038,24,12000,1.5,OWN,B,debt_consolidation,9200,8.37,0.767,6,0,1
106039,34,114100,12.0,RENT,B,home_improvement,6800,9.08,0.06,14,0,0
106040,31,28000,0.1,RENT,C,education,12300,6.03,0.439,12,1,0
106041,27,54100,2.2,RENT,C,credit_card,16300,9.47,0.301,8,0,0
106042,29,32900,3.7,RENT,A,credit_card,5700,9.51,0.173,10,0,0
106043,35,117400,1.2,MORTGAGE,D,debt_consolidation,6000,10.55,0.051,21,0,0
106044,32,45400,1.0,RENT,G,credit_card,6400,12.52,0.141,14,1,1
106045,24,38200,0.8,RENT,C,medical,3100,7.0,0.081,7,1,0
106046,31,95400,1.2,OTHER,B,debt_consolidation,15800,9.87,0.166,14,0,0
106047,29,77100,0.5,RENT,B,credit_card,5900,11.17,0.077,11,0,0
106048,32,42900,0.2,RENT,A,credit_card,6900,5.4,0.161,13,0,0
106049,27,29900,1.3,OWN,B,small_business,18000,11.23,0.602,12,0,1
106050,21,27700,2.0,MORTGAGE,C,small_business,6000,12.36,0.217,6,0,0
106051,34,103900,3.6,RENT,C,small_business,16300,14.23,0.157,18,0,0
106052,33,64900,5.8,OWN,C,credit_card,3100,6.75,0.048,15,0,0
106053,39,56700,0.2,MORTGAGE,E,home_improvement,11000,10.95,0.194,22,0,0
106054,20,67600,3.9,RENT,B,home_improvement,6300,15.96,0.093,2,0,0
106055,29,17600,8.5,RENT,A,small_business,3400,5.4,0.193,11,0,0
106056,27,43100,2.2,OWN,A,home_improvement,4300,11.48,0.1,7,0,0
106057,26,43700,1.0,RENT,A,education,8800,6.02,0.201,10,1,1
106058,20,88400,1.9,MORTGAGE,C,debt_consolidation,4800,9.95,0.054,5,0,0
106059,22,23000,18.2,RENT,E,debt_consolidation,10000,8.6,0.435,2,0,1
106060,31,92000,2.2,RENT,E,venture,5400,12.85,0.059,17,0,0
106061,26,138300,1.4,MORTGAGE,D,debt_consolidation,3300,10.44,0.024,9,0,0
106062,23,20000,0.6,OTHER,C,education,13800,6.9,0.69,3,0,1
106063,39,52000,3.3,RENT,A,home_improvement,9500,16.98,0.183,22,1,1
106064,46,67800,1.8,RENT,C,education,3000,12.14,0.044,31,1,0
106065,29,83300,8.0,MORTGAGE,B,credit_card,11600,15.05,0.139,13,1,0
106066,20,15700,5.8,MORTGAGE,E,medical,8700,7.56,0.554,4,1,1
106067,32,62000,11.6,RENT,C,small_business,6400,10.08,0.103,13,0,0
106068,20,45700,0.1,RENT,B,credit_card,6500,15.1,0.142,2,0,1
106069,20,44100,21.6,OWN,B,credit_card,16900,8.8,0.383,2,1,0
106070,32,160800,2.0,RENT,A,debt_consolidation,9700,11.48,0.06,14,1,0
106071,20,45800,13.0,RENT,F,debt_consolidation,17400,11.26,0.38,2,0,1
106072,27,66000,0.9,RENT,A,venture,10500,5.4,0.159,8,0,0
106073,20,48200,1.1,RENT,A,debt_consolidation,9200,11.25,0.191,2,0,0
106074,29,58800,0.8,MORTGAGE,B,small_business,5300,9.99,0.09,12,0,0
106075,37,69800,2.0,RENT,E,credit_card,8800,10.9,0.126,18,0,0
106076,25,84200,4.9,MORTGAGE,C,debt_consolidation,14200,8.91,0.169,9,1,1
106077,29,33600,4.5,RENT,D,venture,8500,6.86,0.253,10,0,0
106078,23,56000,4.5,RENT,B,debt_consolidation,23500,8.57,0.42,5,1,1
106079,24,57100,1.5,OWN,A,home_improvement,14200,9.6,0.249,4,0,0
106080,23,20800,6.4,MORTGAGE,E,credit_card,4200,13.68,0.202,6,0,1
106081,35,30500,2.7,RENT,B,debt_consolidation,6200,9.48,0.203,16,0,0
106082,20,84100,2.0,RENT,A,debt_consolidation,11700,11.9,0.139,2,0,0
106083,27,40000,2.4,MORTGAGE,C,small_business,3500,12.22,0.088,9,0,1
106084,32,216800,0.2,MORTGAGE,A,debt_consolidation,7600,9.55,0.035,12,1,0
106085,35,87500,6.8,MORTGAGE,A,medical,4900,15.0,0.056,14,0,0
106086,32,66100,9.1,MORTGAGE,E,home_improvement,8300,10.15,0.126,16,0,0
106087,28,118300,5.0,RENT,C,debt_consolidation,4900,9.48,0.041,8,1,0
106088,25,78800,0.9,OWN,B,debt_consolidation,14500,15.48,0.184,8,0,0
106089,35,57000,0.6,RENT,B,debt_consolidation,6100,11.99,0.107,22,0,0
106090,23,23700,6.7,RENT,D,medical,11700,5.4,0.494,3,1,1
106091,23,74300,0.0,MORTGAGE,A,credit_card,3600,5.4,0.048,6,0,0
106092,38,111100,2.8,RENT,A,debt_consolidation,6900,17.24,0.062,19,0,0
106093,32,37200,12.0,RENT,C,credit_card,4000,11.8,0.108,14,0,0
106094,32,18900,8.2,RENT,C,credit_card,15600,10.87,0.825,10,0,1
106095,33,28600,1.0,MORTGAGE,G,home_improvement,5300,5.4,0.185,16,0,1
106096,28,135600,1.0,MORTGAGE,B,debt_consolidation,7700,10.97,0.057,10,0,0
106097,20,53900,3.3,MORTGAGE,A,debt_consolidation,9800,7.7,0.182,7,1,0
106098,31,115000,1.1,RENT,C,credit_card,5400,10.36,0.047,9,1,1
106099,29,52100,0.2,RENT,D,small_business,4200,8.88,0.081,10,0,1
106100,23,39200,1.3,MORTGAGE,A,home_improvement,9000,10.46,0.23,6,1,0
106101,21,166700,0.2,MORTGAGE,C,debt_consolidation,2800,12.2,0.017,5,0,0
106102,29,42000,1.5,MORTGAGE,B,debt_consolidation,16900,12.84,0.402,11,1,1
106103,20,44900,5.4,RENT,E,small_business,7500,11.26,0.167,5,0,1
106104,28,66400,1.6,RENT,E,debt_consolidation,3600,11.88,0.054,10,1,0
106105,27,43900,8.2,RENT,C,credit_card,7000,5.4,0.159,9,1,0
106106,28,79100,2.9,MORTGAGE,F,credit_card,11100,11.2,0.14,7,1,1
106107,32,65900,3.5,MORTGAGE,G,debt_consolidation,5200,12.24,0.079,15,0,0
106108,33,67300,0.1,OTHER,A,credit_card,2800,11.21,0.042,18,0,0
106109,24,36700,0.0,RENT,B,debt_consolidation,7600,16.85,0.207,4,0,0
106110,35,20700,0.2,RENT,C,credit_card,12300,10.55,0.594,16,0,0
106111,27,32600,8.3,MORTGAGE,A,debt_consolidation,9200,6.73,0.282,6,0,0
106112,41,34200,9.1,RENT,B,credit_card,10100,11.5,0.295,24,0,0
106113,25,60500,14.1,MORTGAGE,B,credit_card,13700,9.43,0.226,7,0,0
106114,20,32900,21.9,MORTGAGE,F,debt_consolidation,19400,5.4,0.59,4,0,1
106115,35,23000,3.3,RENT,C,home_improvement,1800,10.4,0.078,17,0,0
106116,32,27400,1.2,RENT,D,small_business,3900,16.81,0.142,14,0,1
106117,37,63800,6.6,RENT,B,venture,8900,10.17,0.139,19,0,0
106118,31,75200,2.1,MORTGAGE,A,debt_consolidation,9400,15.4,0.125,13,0,0
106119,45,39000,1.2,RENT,E,debt_consolidation,3500,14.08,0.09,27,0,0
106120,28,41400,0.1,RENT,A,debt_consolidation,5300,20.02,0.128,11,0,0
106121,36,72200,0.8,RENT,A,education,20900,13.13,0.289,21,0,0
106122,25,56400,2.7,MORTGAGE,B,credit_card,6700,11.78,0.119,9,0,0
106123,32,98900,1.7,OWN,D,debt_consolidation,9100,11.82,0.092,18,0,0
106124,34,47300,7.4,OWN,B,small_business,21700,12.5,0.459,14,0,0
106125,35,32600,5.2,MORTGAGE,A,debt_consolidation,8500,10.56,0.261,15,1,0
106126,34,93700,1.1,RENT,B,credit_card,12500,9.67,0.133,18,0,0
106127,20,43400,3.9,RENT,B,credit_card,11100,13.16,0.256,2,1,0
106128,29,33400,3.0,MORTGAGE,A,home_improvement,6700,9.22,0.201,14,0,0
106129,25,84200,4.1,MORTGAGE,C,small_business,6500,5.4,0.077,6,0,0
106130,26,114400,1.2,MORTGAGE,A,debt_consolidation,15500,6.78,0.135,8,0,0
106131,27,57000,0.7,RENT,B,home_improvement,8100,17.43,0.142,8,0,0
106132,36,29700,4.9,OWN,D,credit_card,4700,10.35,0.158,18,1,1
106133,30,119900,2.6,RENT,D,debt_consolidation,14700,14.27,0.123,15,1,0
106134,25,63400,1.3,MORTGAGE,B,education,1700,8.99,0.027,10,1,0
106135,20,58200,4.7,OWN,B,small_business,19300,14.7,0.332,6,0,0
106136,40,41300,6.0,MORTGAGE,B,education,7300,12.95,0.177,27,0,0
106137,24,95900,6.2,MORTGAGE,F,small_business,8100,18.67,0.084,5,0,1
106138,28,28000,5.1,MORTGAGE,B,debt_consolidation,8500,16.24,0.304,8,0,0
106139,44,26600,1.2,MORTGAGE,B,credit_card,16800,14.15,0.632,26,0,0
106140,25,146100,0.9,MORTGAGE,C,credit_card,8900,9.38,0.061,8,0,0
106141,27,32100,11.5,RENT,B,debt_consolidation,8000,7.27,0.249,6,0,0
106142,31,87400,0.9,RENT,A,credit_card,4800,11.0,0.055,15,0,0
106143,20,110000,3.4,MORTGAGE,A,credit_card,5500,11.57,0.05,2,0,0
106144,20,57800,0.8,MORTGAGE,D,debt_consolidation,11500,10.03,0.199,2,0,0
106145,26,31700,5.2,MORTGAGE,C,medical,9200,14.04,0.29,9,0,1
106146,26,72900,15.9,RENT,D,debt_consolidation,20500,11.78,0.281,9,1,0
106147,30,110800,2.0,RENT,D,credit_card,5200,11.49,0.047,12,0,0
106148,22,62200,0.3,RENT,B,medical,4300,16.99,0.069,4,0,0
106149,32,34200,7.7,OWN,F,home_improvement,9600,11.88,0.281,15,0,0
106150,20,61000,2.2,RENT,D,debt_consolidation,7700,6.62,0.126,2,0,1
106151,29,24100,8.1,RENT,E,home_improvement,4200,15.19,0.174,12,0,0
106152,32,30200,5.0,RENT,D,small_business,6100,12.25,0.202,14,0,0
106153,31,44700,7.7,MORTGAGE,B,medical,11900,10.52,0.266,13,0,1
106154,28,53300,0.4,RENT,B,debt_consolidation,3900,8.06,0.073,12,0,0
106155,24,26600,1.5,MORTGAGE,C,debt_consolidation,4300,16.04,0.162,7,0,0
106156,28,59100,4.9,RENT,A,home_improvement,5400,17.59,0.091,13,0,0
106157,38,68700,11.9,RENT,C,debt_consolidation,5500,9.08,0.08,19,0,0
106158,25,45800,5.1,RENT,A,medical,12500,12.57,0.273,7,0,1
106159,36,15700,10.3,RENT,A,home_improvement,6000,13.08,0.382,15,0,0
106160,37,54600,1.7,MORTGAGE,F,medical,19900,5.4,0.364,17,0,1
106161,20,139800,4.6,OWN,D,venture,4600,11.34,0.033,2,1,0
106162,28,66300,6.4,MORTGAGE,C,home_improvement,9900,5.4,0.149,11,0,0
106163,22,52000,0.1,OWN,B,education,7900,11.43,0.152,3,0,0
106164,20,42000,2.0,RENT,C,home_improvement,8100,19.65,0.193,2,0,0
106165,35,70800,1.0,OWN,E,debt_consolidation,2100,6.28,0.03,18,0,0
106166,32,57800,2.3,MORTGAGE,D,medical,4400,18.25,0.076,11,0,1
106167,31,76000,2.9,MORTGAGE,C,small_business,7400,17.89,0.097,10,1,0
106168,21,28200,1.9,MORTGAGE,C,venture,2700,11.48,0.096,2,0,0
106169,30,55100,3.1,RENT,B,debt_consolidation,1600,13.35,0.029,13,0,1
106170,20,40000,3.1,RENT,D,debt_consolidation,4100,10.48,0.102,2,1,0
106171,30,63200,8.5,RENT,G,medical,9800,9.89,0.155,12,0,0
106172,24,17700,9.7,RENT,C,debt_consolidation,10500,12.23,0.593,7,1,0
106173,36,41500,1.7,MORTGAGE,B,home_improvement,4100,8.71,0.099,19,0,0
106174,26,69400,0.7,OTHER,C,credit_card,7300,13.2,0.105,11,1,0
106175,31,75900,8.3,RENT,C,debt_consolidation,10200,11.65,0.134,13,1,0
106176,31,50700,0.4,MORTGAGE,G,debt_consolidation,16800,7.66,0.331,16,0,0
106177,28,15700,3.7,MORTGAGE,D,medical,16400,14.05,0.9,11,1,1
106178,30,73300,2.3,RENT,B,debt_consolidation,13400,14.15,0.183,11,0,0
106179,31,123200,7.3,RENT,B,small_business,6000,15.54,0.049,11,1,0
106180,23,32500,3.3,RENT,C,small_business,7900,9.77,0.243,5,0,0
106181,32,40800,4.3,MORTGAGE,A,home_improvement,8400,15.2,0.206,11,0,1
106182,35,80300,2.9,RENT,C,credit_card,7200,19.3,0.09,17,0,0
106183,32,81500,1.6,RENT,E,debt_consolidation,3800,11.61,0.047,14,0,0
106184,27,94200,0.9,RENT,D,medical,17900,11.93,0.19,11,0,0
106185,30,90000,2.9,MORTGAGE,B,debt_consolidation,10300,13.94,0.114,11,0,0
106186,26,22200,6.6,MORTGAGE,D,debt_consolidation,13100,5.4,0.59,9,1,1
106187,28,39600,7.5,RENT,D,venture,11700,6.58,0.295,8,0,1
106188,21,72700,16.2,MORTGAGE,B,debt_consolidation,6400,9.52,0.088,5,1,0
106189,39,49100,1.6,OWN,D,debt_consolidation,3600,10.27,0.073,24,0,1
106190,43,63000,3.6,RENT,C,venture,12200,11.9,0.194,23,0,0
106191,24,48000,1.2,RENT,E,debt_consolidation,11800,12.46,0.246,6,0,1
106192,35,40500,3.2,RENT,A,debt_consolidation,9500,6.56,0.235,22,0,0
106193,39,45100,18.8,RENT,B,credit_card,26500,15.65,0.588,20,0,1
106194,22,27800,2.4,MORTGAGE,C,medical,5900,12.7,0.212,2,0,0
106195,20,34600,0.5,MORTGAGE,A,education,6800,11.72,0.197,2,0,1
106196,40,49700,6.2,MORTGAGE,C,small_business,9100,13.27,0.183,20,0,0
106197,29,50200,12.7,RENT,E,venture,6200,9.28,0.124,12,1,0
106198,25,70400,0.7,MORTGAGE,A,debt_consolidation,7100,10.64,0.101,9,0,0
106199,29,44100,7.7,RENT,C,home_improvement,14300,7.6,0.324,9,0,1
106200,26,129500,2.4,RENT,G,debt_consolidation,5700,5.4,0.044,5,0,0
106201,50,101400,2.1,RENT,C,education,5900,10.65,0.058,34,0,0
106202,25,39100,2.2,MORTGAGE,C,education,11100,17.71,0.284,10,0,1
106203,31,57500,1.6,MORTGAGE,C,debt_consolidation,3900,9.45,0.068,12,0,0
106204,38,100400,1.1,MORTGAGE,B,medical,7700,5.9,0.077,23,0,0
106205,38,36200,3.3,MORTGAGE,A,home_improvement,7500,13.53,0.207,24,0,0
106206,37,34200,0.1,RENT,D,debt_consolidation,11400,9.78,0.333,20,0,0
106207,26,105300,1.8,RENT,B,home_improvement,12600,13.07,0.12,8,0,1
106208,28,75400,1.8,MORTGAGE,B,venture,7400,13.88,0.098,11,0,0
106209,20,93000,0.6,OWN,A,debt_consolidation,7700,9.68,0.083,4,1,0
106210,28,61300,3.6,MORTGAGE,E,debt_consolidation,7900,12.99,0.129,6,1,1
106211,29,44800,1.2,RENT,A,venture,6800,11.37,0.152,11,0,0
106212,34,24600,6.8,OWN,D,credit_card,16500,5.4,0.671,13,0,0
106213,42,55600,1.3,RENT,B,credit_card,10700,9.61,0.192,22,0,0
106214,34,101500,1.3,RENT,C,small_business,16300,8.51,0.161,17,0,0
106215,36,102100,0.4,RENT,B,home_improvement,5000,6.07,0.049,18,0,0
106216,29,92900,3.1,RENT,A,debt_consolidation,16100,8.45,0.173,11,0,0
106217,38,79500,3.7,MORTGAGE,C,debt_consolidation,8700,13.92,0.109,20,0,0
106218,29,173900,6.1,MORTGAGE,D,medical,11800,11.55,0.068,11,0,0
106219,37,22000,1.2,RENT,B,credit_card,2800,5.4,0.127,19,0,0
106220,35,58500,5.7,RENT,C,home_improvement,19800,7.5,0.338,20,0,1
106221,32,30800,4.9,MORTGAGE,C,education,10300,11.55,0.334,15,1,0
106222,20,121000,0.2,RENT,B,debt_consolidation,22600,11.49,0.187,2,0,1
106223,37,38000,3.0,RENT,C,medical,14900,10.35,0.392,18,0,1
106224,32,89700,0.2,RENT,A,small_business,2600,14.21,0.029,15,0,0
106225,34,40200,0.5,MORTGAGE,C,venture,18700,12.83,0.465,15,0,1
106226,31,64900,0.5,OTHER,A,debt_consolidation,9000,9.44,0.139,14,1,0
106227,32,48500,0.5,RENT,C,debt_consolidation,11500,9.07,0.237,14,0,1
106228,38,51100,2.5,MORTGAGE,B,home_improvement,10900,10.77,0.213,20,0,0
106229,26,61900,0.5,OWN,C,education,7700,5.4,0.124,11,0,1
106230,32,85500,0.3,RENT,C,venture,6500,12.55,0.076,15,0,0
106231,24,48500,0.3,OWN,F,credit_card,11900,6.98,0.245,10,1,1
106232,33,84100,1.4,MORTGAGE,C,credit_card,5100,15.85,0.061,14,0,1
106233,31,91200,5.2,MORTGAGE,E,debt_consolidation,8200,5.4,0.09,11,0,1
106234,25,41000,0.9,MORTGAGE,B,small_business,17500,12.83,0.427,8,0,0
106235,30,145300,12.3,RENT,B,medical,4100,5.4,0.028,12,0,0
106236,25,77600,2.4,MORTGAGE,A,medical,7300,9.18,0.094,7,1,0
106237,26,40600,5.5,MORTGAGE,C,credit_card,15400,12.92,0.379,9,1,1
106238,31,72200,2.7,RENT,D,venture,5200,14.8,0.072,10,0,0
106239,31,91200,0.7,MORTGAGE,E,debt_consolidation,2800,14.62,0.031,9,0,0
106240,20,71300,0.7,OWN,C,credit_card,2700,13.97,0.038,3,1,1
106241,32,57600,0.7,OWN,D,credit_card,6300,14.37,0.109,11,1,0
106242,27,12000,3.9,MORTGAGE,A,credit_card,20500,14.68,0.9,8,0,0
106243,26,30300,7.2,RENT,A,small_business,5300,9.46,0.175,8,0,1
106244,21,74800,4.1,RENT,E,home_improvement,6900,10.1,0.092,3,0,0
106245,29,29900,6.4,RENT,A,debt_consolidation,8300,13.91,0.278,13,0,0
106246,25,68400,5.5,MORTGAGE,A,debt_consolidation,14900,15.41,0.218,8,0,1
106247,38,83800,2.1,MORTGAGE,F,credit_card,13000,10.89,0.155,20,0,0
106248,20,48400,6.9,OWN,F,small_business,7400,9.5,0.153,3,0,1
106249,22,19500,6.1,RENT,C,credit_card,11300,9.37,0.579,2,1,1
106250,22,34400,9.1,OWN,B,credit_card,14500,8.43,0.422,2,0,1
106251,31,75100,0.5,OWN,E,debt_consolidation,3300,13.1,0.044,20,1,0
106252,37,102900,4.2,MORTGAGE,B,medical,6600,15.49,0.064,19,0,0
106253,33,16400,5.1,OWN,C,credit_card,4200,13.15,0.256,17,0,1
106254,21,53900,4.0,RENT,B,credit_card,5400,11.34,0.1,2,1,1
106255,26,23000,0.6,RENT,F,credit_card,11600,18.31,0.504,9,1,1
106256,23,54200,3.2,RENT,F,debt_consolidation,4200,11.43,0.077,4,1,1
106257,33,47300,5.2,RENT,D,debt_consolidation,28900,16.43,0.611,14,1,1
106258,26,188800,1.3,RENT,A,debt_consolidation,11600,7.55,0.061,12,0,0
106259,20,38300,0.8,MORTGAGE,C,small_business,5900,12.25,0.154,5,0,0
106260,33,91800,0.7,RENT,B,debt_consolidation,7500,7.94,0.082,15,0,0
106261,38,89800,1.3,RENT,E,debt_consolidation,4000,8.16,0.045,20,1,0
106262,28,46300,10.1,RENT,A,venture,3600,8.57,0.078,9,1,0
106263,30,55000,0.7,MORTGAGE,A,credit_card,6600,11.72,0.12,10,0,0
106264,20,51500,5.5,OWN,D,credit_card,16600,9.83,0.322,2,0,1
106265,20,34200,0.7,RENT,C,credit_card,3700,5.4,0.108,2,0,0
106266,20,32600,19.7,MORTGAGE,E,debt_consolidation,16000,9.93,0.491,4,0,0
106267,29,41100,0.4,OWN,A,debt_consolidation,7300,9.25,0.178,12,0,0
106268,27,27600,3.6,MORTGAGE,E,medical,9200,5.4,0.333,7,0,0
106269,33,39100,7.4,MORTGAGE,A,credit_card,8400,13.13,0.215,11,0,0
106270,28,46300,1.5,MORTGAGE,A,small_business,12400,13.89,0.268,9,0,0
106271,36,56300,8.6,OWN,C,venture,14800,13.72,0.263,15,0,0
106272,35,65800,0.8,RENT,B,debt_consolidation,7200,17.63,0.109,17,0,0
106273,27,46300,1.1,MORTGAGE,C,home_improvement,10700,7.46,0.231,10,1,0
106274,22,33800,0.6,RENT,A,debt_consolidation,16600,7.55,0.491,5,0,0
106275,20,65100,1.1,RENT,A,credit_card,12700,11.38,0.195,2,0,0
106276,39,79600,4.0,MORTGAGE,D,medical,6500,11.07,0.082,22,0,0
106277,22,39400,2.0,MORTGAGE,B,debt_consolidation,7300,11.98,0.185,7,0,0
106278,20,30000,9.0,OWN,D,venture,4700,14.51,0.157,3,0,0
106279,30,40300,0.3,OWN,D,home_improvement,22000,10.58,0.546,13,0,1
106280,20,46600,6.4,MORTGAGE,A,credit_card,9600,15.22,0.206,2,0,1
106281,30,96700,5.4,MORTGAGE,D,debt_consolidation,3700,8.72,0.038,12,0,0
106282,27,75500,0.0,OWN,B,home_improvement,5100,9.67,0.068,12,0,0
106283,35,51400,3.4,RENT,B,credit_card,7400,7.5,0.144,17,1,0
106284,35,146600,5.7,RENT,A,debt_consolidation,17000,5.4,0.116,16,0,0
106285,37,50600,0.0,RENT,E,credit_card,7300,5.4,0.144,21,0,1
106286,30,112100,1.7,MORTGAGE,C,debt_consolidation,11300,14.72,0.101,12,0,0
106287,23,100900,1.3,MORTGAGE,C,venture,5500,15.47,0.055,6,0,0
106288,22,97000,1.3,MORTGAGE,F,debt_consolidation,11500,6.9,0.119,5,0,0
106289,25,61500,1.5,RENT,B,credit_card,16600,14.85,0.27,8,0,0
106290,43,55000,2.9,MORTGAGE,E,medical,12500,5.4,0.227,27,0,1
106291,27,51700,2.0,MORTGAGE,D,small_business,2100,7.79,0.041,12,1,0
106292,30,82300,13.5,OWN,F,education,7500,9.82,0.091,14,0,0
106293,40,33400,0.3,RENT,F,venture,4500,15.29,0.135,25,0,0
106294,31,44600,0.8,MORTGAGE,G,debt_consolidation,11700,18.0,0.262,13,1,1
106295,24,128900,10.6,MORTGAGE,A,credit_card,8400,9.83,0.065,4,0,0
106296,34,72600,10.3,MORTGAGE,E,small_business,20800,11.25,0.287,16,0,0
106297,26,87100,0.7,RENT,E,debt_consolidation,6700,15.25,0.077,14,0,0
106298,31,26300,4.8,RENT,D,small_business,8400,19.59,0.319,13,0,0
106299,33,40600,1.4,RENT,B,debt_consolidation,7600,15.78,0.187,11,0,0
106300,26,61900,5.0,MORTGAGE,F,education,12000,7.14,0.194,13,0,0
106301,30,50400,6.6,MORTGAGE,B,small_business,4700,14.65,0.093,13,0,0
106302,40,26300,0.9,MORTGAGE,C,credit_card,4700,9.17,0.179,20,0,0
106303,25,78300,0.7,MORTGAGE,C,credit_card,5900,16.54,0.075,5,0,0
106304,38,93200,2.2,RENT,A,venture,11200,13.78,0.12,20,0,1
106305,25,44000,2.1,RENT,D,small_business,14400,7.82,0.327,9,0,0
106306,42,79800,0.1,MORTGAGE,A,medical,7700,15.48,0.096,25,0,0
106307,23,157300,8.2,MORTGAGE,D,medical,11200,13.4,0.071,7,0,0
106308,26,119200,2.5,MORTGAGE,E,debt_consolidation,10700,12.93,0.09,5,0,0
106309,40,45100,2.9,MORTGAGE,B,debt_consolidation,7900,11.61,0.175,20,0,0
106310,40,28100,2.0,OWN,D,debt_consolidation,7700,9.61,0.274,22,0,0
106311,35,58500,3.2,OWN,A,home_improvement,12300,13.72,0.21,19,0,0
106312,21,187400,3.1,MORTGAGE,E,home_improvement,23200,19.43,0.124,2,0,1
106313,30,107600,6.8,RENT,F,debt_consolidation,14000,18.37,0.13,8,0,0
106314,29,51400,9.0,RENT,A,venture,15700,10.84,0.305,13,1,0
106315,23,121700,3.8,MORTGAGE,D,debt_consolidation,24900,5.4,0.205,2,0,0
106316,34,98000,5.9,RENT,C,medical,5500,9.53,0.056,15,0,0
106317,24,18100,0.2,RENT,C,credit_card,11900,12.03,0.657,8,1,1
106318,20,92400,3.0,RENT,D,credit_card,18100,12.53,0.196,4,1,0
106319,20,55000,1.4,OWN,C,debt_consolidation,13600,14.73,0.247,2,0,0
106320,41,32000,0.3,RENT,C,small_business,5800,14.11,0.181,25,0,0
106321,25,54200,6.1,MORTGAGE,B,medical,5200,14.17,0.096,10,0,0
106322,26,64700,0.4,OWN,B,debt_consolidation,19900,9.22,0.308,9,0,0
106323,22,33300,0.6,MORTGAGE,E,credit_card,10200,9.62,0.306,4,0,0
106324,39,48200,5.0,RENT,A,home_improvement,9600,7.61,0.199,22,1,0
106325,20,43000,3.3,MORTGAGE,C,credit_card,8200,12.44,0.191,2,0,0
106326,21,79800,12.7,MORTGAGE,B,home_improvement,18600,14.61,0.233,5,0,1
106327,27,43700,2.3,RENT,E,credit_card,13800,15.35,0.316,12,0,0
106328,29,20200,0.0,MORTGAGE,C,education,7300,5.4,0.361,10,0,0
106329,34,40300,25.0,RENT,C,small_business,13400,13.19,0.333,18,0,0
106330,24,30600,0.2,MORTGAGE,B,debt_consolidation,8900,7.75,0.291,8,0,0
106331,40,25300,0.1,OWN,C,medical,13100,13.62,0.518,22,1,1
106332,24,98600,3.9,MORTGAGE,F,debt_consolidation,17100,7.72,0.173,2,0,0
106333,22,80200,1.6,OWN,C,education,16000,14.14,0.2,4,0,1
106334,21,30300,7.4,RENT,C,home_improvement,3100,9.17,0.102,2,0,0
106335,24,25600,5.6,MORTGAGE,D,debt_consolidation,10700,9.25,0.418,9,0,1
106336,21,48700,3.5,MORTGAGE,B,small_business,18300,14.39,0.376,4,0,0
106337,34,24900,5.0,RENT,C,debt_consolidation,5500,9.51,0.221,16,0,0
106338,22,45100,2.2,OWN,B,education,24200,14.95,0.537,6,0,0
106339,28,53600,1.4,OWN,A,venture,11400,14.17,0.213,8,1,0
106340,22,60900,1.1,RENT,D,small_business,13700,11.1,0.225,6,0,0
106341,21,62100,19.7,MORTGAGE,E,credit_card,13700,9.87,0.221,4,1,0
106342,37,33500,1.6,RENT,F,home_improvement,3900,16.09,0.116,20,0,1
106343,40,53600,1.3,RENT,E,credit_card,14000,14.49,0.261,21,1,0
106344,38,104200,0.8,RENT,C,debt_consolidation,10600,17.41,0.102,19,0,1
106345,20,16300,3.2,MORTGAGE,B,education,6300,5.4,0.387,3,0,0
106346,20,61600,5.9,RENT,D,debt_consolidation,19800,10.46,0.321,2,0,0
106347,43,27000,8.6,RENT,F,debt_consolidation,2900,9.86,0.107,23,1,0
106348,27,111500,3.2,OWN,D,debt_consolidation,5800,13.34,0.052,11,0,0
106349,20,80800,13.3,MORTGAGE,C,venture,18000,8.08,0.223,3,1,0
106350,37,79400,11.4,MORTGAGE,D,venture,14100,8.59,0.178,17,0,0
106351,29,32200,2.8,RENT,D,credit_card,6000,11.65,0.186,11,1,0
106352,33,59600,0.8,RENT,F,debt_consolidation,5500,5.4,0.092,15,0,1
106353,20,63300,6.1,MORTGAGE,D,medical,7400,5.4,0.117,2,1,0
106354,27,14000,0.9,RENT,C,credit_card,10100,11.09,0.721,9,0,1
106355,36,55900,2.7,RENT,B,venture,6700,21.05,0.12,18,0,0
106356,25,72200,1.2,OTHER,C,education,8200,11.91,0.114,9,0,0
106357,38,23700,1.0,RENT,B,small_business,9000,10.14,0.38,21,0,0
106358,20,71800,13.9,MORTGAGE,F,debt_consolidation,7200,13.05,0.1,2,0,0
106359,28,54400,3.6,MORTGAGE,C,small_business,6800,13.58,0.125,9,0,1
106360,41,110200,0.4,RENT,C,venture,4500,11.04,0.041,24,0,1
106361,21,41100,1.3,MORTGAGE,B,credit_card,8600,9.07,0.209,2,0,0
106362,31,56800,3.1,RENT,D,education,8500,5.85,0.15,11,1,1
106363,33,62200,4.3,RENT,C,credit_card,5200,14.74,0.084,15,0,0
106364,30,12000,11.0,RENT,A,venture,10100,9.81,0.842,12,0,0
106365,27,42400,2.6,MORTGAGE,E,home_improvement,16600,13.21,0.392,11,1,1
106366,23,54000,10.5,MORTGAGE,B,debt_consolidation,9000,15.3,0.167,2,0,0
106367,30,14100,0.2,OWN,C,credit_card,11000,10.4,0.78,11,1,1
106368,28,74700,4.0,MORTGAGE,B,debt_consolidation,15000,6.22,0.201,10,0,0
106369,20,54000,9.1,RENT,C,credit_card,8500,10.68,0.157,2,0,1
106370,37,53900,2.5,OWN,D,education,14200,10.94,0.263,18,0,1
106371,23,76600,8.3,MORTGAGE,E,debt_consolidation,2400,13.28,0.031,4,0,0
106372,20,41100,0.2,RENT,A,venture,5900,9.44,0.144,3,0,0
106373,25,52800,4.3,RENT,G,debt_consolidation,4700,9.26,0.089,6,1,1
106374,23,82900,6.4,RENT,D,home_improvement,18900,10.11,0.228,4,0,0
106375,27,53100,7.6,RENT,B,venture,12300,12.84,0.232,7,1,0
106376,20,18700,8.0,MORTGAGE,B,home_improvement,4500,14.74,0.241,7,0,0
106377,32,53000,12.1,RENT,B,education,5100,19.9,0.096,14,0,0
106378,39,53400,0.9,OWN,E,venture,4100,18.44,0.077,24,1,1
106379,30,84600,6.9,MORTGAGE,B,home_improvement,10400,11.02,0.123,11,0,0
106380,20,42700,5.6,RENT,C,medical,9700,8.91,0.227,2,0,0
106381,23,30100,2.7,OWN,D,debt_consolidation,6900,9.26,0.229,6,1,0
106382,31,30100,6.0,MORTGAGE,E,credit_card,5400,6.77,0.179,13,0,0
106383,20,113900,14.9,RENT,D,debt_consolidation,8500,11.95,0.075,2,0,0
106384,20,60400,2.7,RENT,D,medical,35800,7.93,0.593,2,0,1
106385,20,110800,1.8,MORTGAGE,A,home_improvement,7000,7.51,0.063,2,1,0
106386,30,120000,1.9,MORTGAGE,E,home_improvement,16300,7.75,0.136,12,0,1
106387,44,34200,9.7,MORTGAGE,B,education,7400,14.7,0.216,28,0,0
106388,20,32800,4.6,MORTGAGE,A,debt_consolidation,14800,11.2,0.451,2,0,0
106389,35,48000,0.5,MORTGAGE,G,venture,12100,6.59,0.252,20,0,1
106390,25,72300,8.9,OWN,B,debt_consolidation,8500,14.67,0.118,8,0,0
106391,20,23800,0.7,MORTGAGE,A,credit_card,12300,15.79,0.517,2,0,0
106392,40,66200,4.1,MORTGAGE,D,home_improvement,16800,9.84,0.254,24,0,0
106393,44,64400,1.2,RENT,B,credit_card,9000,8.68,0.14,28,1,0
106394,32,27800,10.9,MORTGAGE,A,small_business,7800,8.36,0.281,15,0,0
106395,32,28300,3.1,RENT,C,medical,12500,12.45,0.442,14,0,0
106396,29,65800,3.0,MORTGAGE,D,medical,21300,14.78,0.324,8,0,1
106397,28,161200,1.3,RENT,E,debt_consolidation,4000,12.11,0.025,9,0,0
106398,31,43800,1.3,MORTGAGE,A,debt_consolidation,4300,6.66,0.098,13,0,0
106399,34,61800,8.9,RENT,C,debt_consolidation,18900,15.33,0.306,17,1,0
106400,41,36900,5.3,MORTGAGE,E,credit_card,6400,11.3,0.173,23,1,0
106401,25,58700,7.3,RENT,A,debt_consolidation,17200,10.78,0.293,8,0,0
106402,30,36500,7.6,OWN,B,debt_consolidation,6000,13.05,0.164,12,0,0
106403,28,44700,0.9,RENT,A,medical,6700,15.26,0.15,11,0,0
106404,36,198200,3.4,MORTGAGE,C,venture,15400,7.4,0.078,22,0,0
106405,46,54700,4.0,MORTGAGE,B,medical,13000,6.67,0.238,28,1,0
106406,36,21800,1.1,RENT,D,debt_consolidation,4600,11.33,0.211,18,1,1
106407,35,73400,6.4,MORTGAGE,F,credit_card,12000,11.37,0.163,17,0,0
106408,35,95900,3.6,OWN,B,debt_consolidation,6000,14.75,0.063,19,1,0
106409,38,74700,4.7,MORTGAGE,D,credit_card,11000,16.06,0.147,20,0,0
106410,46,46800,1.8,OWN,B,credit_card,9000,9.69,0.192,30,1,0
106411,20,31100,4.1,RENT,A,venture,7900,12.68,0.254,4,0,0
106412,33,31500,18.0,OWN,D,home_improvement,6200,13.15,0.197,19,0,0
106413,20,46400,2.2,OWN,C,debt_consolidation,3500,13.5,0.075,3,0,0
106414,36,42100,1.2,MORTGAGE,F,home_improvement,6100,5.66,0.145,18,0,1
106415,33,37900,2.0,MORTGAGE,C,venture,12700,13.38,0.335,16,0,0
106416,25,100600,0.5,MORTGAGE,A,debt_consolidation,11100,8.51,0.11,7,0,0
106417,20,85500,7.1,MORTGAGE,C,medical,5500,13.56,0.064,2,0,0
106418,29,103500,4.6,MORTGAGE,B,debt_consolidation,15900,7.34,0.154,14,0,0
106419,31,33400,5.6,RENT,E,debt_consolidation,10600,11.71,0.317,12,0,1
106420,29,31100,0.8,MORTGAGE,D,education,12200,10.39,0.392,8,1,0
106421,25,53800,0.5,RENT,B,debt_consolidation,4900,19.17,0.091,7,0,0
106422,23,64700,1.9,MORTGAGE,C,small_business,23600,8.27,0.365,5,0,1
106423,29,53600,7.3,MORTGAGE,D,debt_consolidation,11400,8.0,0.213,13,0,0
106424,23,62400,7.9,RENT,E,home_improvement,20400,16.77,0.327,5,0,0
106425,35,123200,4.5,RENT,A,home_improvement,6200,14.55,0.05,16,0,0
106426,28,45700,4.9,RENT,A,education,3200,12.36,0.07,9,0,0
106427,20,80300,16.1,MORTGAGE,A,medical,5200,9.63,0.065,2,0,0
106428,30,68500,4.4,RENT,B,small_business,15600,7.21,0.228,10,0,1
106429,32,54300,0.4,RENT,C,credit_card,4700,9.79,0.087,12,0,0
106430,40,78300,3.8,RENT,A,debt_consolidation,19900,9.41,0.254,18,1,1
106431,35,33800,4.6,RENT,C,home_improvement,5900,8.82,0.175,19,0,0
106432,23,30200,5.3,RENT,C,credit_card,10900,9.5,0.361,5,0,1
106433,39,65400,1.9,RENT,A,debt_consolidation,10000,9.33,0.153,25,0,0
106434,20,20900,7.3,MORTGAGE,F,venture,7400,14.81,0.354,2,0,0
106435,29,68300,0.5,MORTGAGE,C,debt_consolidation,7400,6.33,0.108,15,0,0
106436,34,27700,1.6,OWN,B,debt_consolidation,5100,12.76,0.184,16,1,0
106437,39,118800,15.7,RENT,C,education,25800,12.32,0.217,18,0,0
106438,42,41400,2.8,RENT,B,home_improvement,11700,11.11,0.283,20,0,0
106439,38,114600,7.6,RENT,E,small_business,3600,13.75,0.031,19,1,1
106440,28,45900,2.4,MORTGAGE,C,debt_consolidation,4200,12.9,0.092,12,0,0
106441,33,44800,23.2,RENT,C,credit_card,11800,11.72,0.263,16,0,0
106442,31,83000,8.4,RENT,F,home_improvement,8700,15.33,0.105,12,0,0
106443,24,60500,1.9,MORTGAGE,E,debt_consolidation,3200,5.4,0.053,8,0,0
106444,28,49700,1.0,RENT,E,small_business,35500,19.24,0.714,10,0,1
106445,42,41300,1.3,MORTGAGE,B,debt_consolidation,1900,15.58,0.046,21,0,0
106446,34,41500,0.2,MORTGAGE,A,debt_consolidation,6800,17.57,0.164,19,0,0
106447,43,188500,15.6,MORTGAGE,D,debt_consolidation,8900,8.22,0.047,23,0,0
106448,21,20500,2.4,RENT,C,debt_consolidation,6000,11.64,0.293,2,1,0
106449,26,26600,1.1,RENT,D,debt_consolidation,14000,12.51,0.526,8,1,1
106450,32,98400,0.2,MORTGAGE,D,small_business,11600,10.06,0.118,15,0,0
106451,34,94500,2.0,RENT,B,credit_card,9500,12.04,0.101,15,0,0
106452,28,31000,9.3,RENT,B,debt_consolidation,8400,12.34,0.271,6,0,0
106453,35,19700,1.3,RENT,C,credit_card,11800,7.08,0.599,16,0,0
106454,35,103800,4.5,RENT,B,debt_consolidation,7800,14.07,0.075,19,0,0
106455,20,29000,0.5,RENT,D,credit_card,3800,13.78,0.131,2,1,1
106456,34,39300,9.0,MORTGAGE,D,education,14900,8.97,0.379,18,0,0
106457,37,54300,2.9,MORTGAGE,C,small_business,23000,6.73,0.424,20,0,0
106458,31,28600,0.2,RENT,D,home_improvement,9200,11.88,0.322,12,0,1
106459,20,85700,3.7,MORTGAGE,C,debt_consolidation,9300,8.46,0.109,2,0,0
106460,27,52100,2.3,OTHER,D,debt_consolidation,8600,12.47,0.165,9,0,0
106461,32,31700,8.4,RENT,B,small_business,4200,8.64,0.132,14,0,0
106462,23,33300,13.7,MORTGAGE,D,credit_card,6500,16.89,0.195,5,1,0
106463,35,105200,1.7,RENT,D,home_improvement,13600,9.03,0.129,17,0,0
106464,34,44200,3.9,OWN,B,venture,10100,8.28,0.229,16,0,0
106465,30,72300,0.4,RENT,C,credit_card,22600,11.59,0.313,12,0,0
106466,29,51300,1.0,RENT,E,medical,13200,5.74,0.257,9,0,1
106467,30,19600,9.0,OWN,B,credit_card,7000,8.38,0.357,10,0,0
106468,29,77700,2.5,MORTGAGE,D,debt_consolidation,12700,5.54,0.163,12,0,1
106469,20,93000,3.5,RENT,F,debt_consolidation,7900,12.26,0.085,2,0,0
106470,26,142000,4.6,MORTGAGE,E,home_improvement,3600,14.84,0.025,4,0,0
106471,30,18100,9.0,OWN,C,debt_consolidation,15600,9.95,0.862,11,0,1
106472,39,12000,3.6,MORTGAGE,C,small_business,11600,16.02,0.9,22,0,1
106473,34,73200,0.7,RENT,G,small_business,40000,8.44,0.546,16,0,0
106474,39,37100,7.2,RENT,C,credit_card,6600,9.82,0.178,19,0,0
106475,20,23500,1.8,OWN,A,credit_card,13200,14.72,0.562,4,0,0
106476,27,54700,5.6,RENT,A,home_improvement,5900,14.08,0.108,9,1,1
106477,44,40300,6.3,RENT,E,credit_card,5500,13.14,0.136,28,0,0
106478,24,25500,5.5,RENT,C,education,31800,15.5,0.9,6,0,1
106479,24,49200,15.1,RENT,B,debt_consolidation,2800,11.31,0.057,7,0,0
106480,27,70400,2.0,MORTGAGE,B,venture,8600,12.59,0.122,7,0,0
106481,43,56700,0.3,RENT,D,debt_consolidation,22900,9.05,0.404,19,0,0
106482,24,57000,0.1,RENT,C,debt_consolidation,3800,18.43,0.067,6,0,0
106483,33,65800,11.7,RENT,E,small_business,6600,9.88,0.1,12,0,0
106484,32,20300,1.9,RENT,D,debt_consolidation,14400,10.73,0.709,16,1,0
106485,20,50100,3.2,RENT,G,debt_consolidation,4500,12.25,0.09,4,0,1
106486,29,58800,0.9,RENT,E,debt_consolidation,10500,13.9,0.179,12,0,1
106487,25,41900,5.3,MORTGAGE,B,small_business,5700,13.86,0.136,5,0,0
106488,34,32700,4.7,RENT,D,home_improvement,18300,5.4,0.56,16,0,0
106489,41,34200,0.2,RENT,A,debt_consolidation,17900,17.86,0.523,24,0,1
106490,27,43900,4.4,MORTGAGE,G,credit_card,6700,17.3,0.153,10,0,1
106491,27,85200,2.0,MORTGAGE,B,debt_consolidation,1800,16.01,0.021,7,1,0
106492,47,119400,3.9,MORTGAGE,D,venture,11600,12.03,0.097,25,0,0
106493,24,106700,3.1,OTHER,E,debt_consolidation,15400,15.99,0.144,7,0,0
106494,20,21800,3.5,RENT,A,home_improvement,11700,12.44,0.537,2,0,0
106495,39,30700,2.3,RENT,E,credit_card,10900,12.4,0.355,22,0,1
106496,29,74000,13.4,RENT,A,home_improvement,10100,14.01,0.136,11,0,0
106497,31,105400,3.7,RENT,C,venture,7300,13.46,0.069,13,0,0
106498,45,30300,11.2,OWN,C,credit_card,5700,15.19,0.188,27,1,0
106499,20,57000,3.5,MORTGAGE,B,small_business,8900,5.4,0.156,2,1,0
106500,28,27700,1.7,MORTGAGE,C,credit_card,7700,11.18,0.278,15,0,0
106501,20,60000,1.1,OTHER,F,home_improvement,12700,7.1,0.212,2,1,1
106502,31,36200,1.1,MORTGAGE,B,credit_card,5400,14.85,0.149,12,0,0
106503,25,57000,6.8,RENT,C,debt_consolidation,6800,8.22,0.119,8,0,0
106504,21,26500,6.9,OWN,E,debt_consolidation,9000,10.48,0.34,4,0,0
106505,34,21000,10.2,RENT,D,debt_consolidation,5700,14.87,0.271,16,0,0
106506,29,283200,5.7,RENT,A,venture,4000,16.21,0.014,9,0,0
106507,20,53500,0.3,MORTGAGE,F,medical,12200,14.68,0.228,2,0,1
106508,21,166700,0.4,OWN,A,debt_consolidation,4200,14.21,0.025,3,0,0
106509,30,118200,6.4,MORTGAGE,C,credit_card,9500,7.23,0.08,12,1,0
106510,20,21000,3.2,RENT,C,small_business,11500,7.84,0.548,2,1,0
106511,31,62900,2.2,MORTGAGE,E,credit_card,18700,6.67,0.297,15,0,0
106512,38,25300,0.7,MORTGAGE,A,credit_card,30500,7.7,0.9,22,0,1
106513,34,43800,3.6,MORTGAGE,A,small_business,17700,12.07,0.404,18,0,0
106514,25,18300,1.0,RENT,D,debt_consolidation,5800,15.12,0.317,5,1,0
106515,31,21700,1.3,RENT,A,credit_card,7300,15.11,0.336,15,1,0
106516,20,32200,6.7,RENT,C,debt_consolidation,10100,5.4,0.314,2,0,1
106517,30,38200,6.3,OWN,D,debt_consolidation,8300,11.37,0.217,12,0,0
106518,27,52600,12.0,OTHER,D,small_business,9300,10.51,0.177,11,0,0
106519,22,29100,2.0,RENT,B,small_business,17000,5.4,0.584,2,0,1
106520,33,55900,4.4,RENT,B,venture,9200,14.49,0.165,12,1,0
106521,20,96200,0.8,RENT,F,debt_consolidation,14100,14.39,0.147,2,1,1
106522,21,59900,0.1,MORTGAGE,C,small_business,4600,9.31,0.077,6,0,0
106523,22,49700,10.1,MORTGAGE,A,venture,11100,10.39,0.223,7,0,0
106524,25,62200,7.5,MORTGAGE,B,home_improvement,3400,12.02,0.055,9,0,0
106525,38,23400,14.0,RENT,B,venture,15800,12.99,0.675,18,1,0
106526,34,87000,0.6,RENT,G,venture,7700,9.16,0.089,16,0,0
106527,30,26700,5.7,OWN,B,medical,4000,8.41,0.15,16,0,0
106528,29,121000,4.3,MORTGAGE,A,venture,7300,7.59,0.06,13,1,0
106529,29,78700,3.2,RENT,C,home_improvement,11100,16.86,0.141,8,0,0
106530,39,70000,2.0,RENT,A,credit_card,4300,15.89,0.061,23,0,0
106531,20,71700,0.4,RENT,B,education,5300,7.57,0.074,2,1,0
106532,34,51500,1.1,RENT,G,medical,6800,8.28,0.132,15,1,1
106533,25,33400,5.8,RENT,D,debt_consolidation,13500,7.68,0.404,8,0,0
106534,33,30700,9.0,MORTGAGE,A,debt_consolidation,2800,6.15,0.091,14,1,0
106535,33,135000,1.8,RENT,C,debt_consolidation,11000,18.52,0.081,14,0,0
106536,34,54500,3.2,RENT,A,medical,7400,8.86,0.136,18,0,0
106537,40,27900,0.6,MORTGAGE,A,debt_consolidation,15300,14.23,0.548,24,0,0
106538,20,68500,2.6,RENT,C,debt_consolidation,10600,10.28,0.155,3,0,0
106539,36,62200,4.6,MORTGAGE,C,credit_card,18000,10.71,0.289,22,0,0
106540,29,43000,12.6,OWN,D,debt_consolidation,10700,10.46,0.249,11,0,1
106541,26,31400,2.4,RENT,E,venture,4400,12.82,0.14,9,0,1
106542,43,77200,17.2,MORTGAGE,B,credit_card,10800,10.83,0.14,24,0,0
106543,34,86700,5.1,RENT,F,debt_consolidation,11200,14.18,0.129,14,0,1
106544,26,61500,10.3,RENT,C,debt_consolidation,5800,15.66,0.094,5,0,1
106545,36,53600,2.0,RENT,B,medical,6300,9.27,0.118,20,0,0
106546,29,33500,4.3,MORTGAGE,E,home_improvement,2300,12.24,0.069,10,0,1
106547,26,67100,0.8,RENT,A,credit_card,12700,5.62,0.189,13,0,0
106548,25,36300,1.3,MORTGAGE,C,debt_consolidation,7800,9.62,0.215,5,0,0
106549,31,25600,2.7,RENT,D,education,6200,11.57,0.242,11,0,1
106550,25,95700,3.1,MORTGAGE,B,medical,4800,10.78,0.05,8,0,0
106551,30,29200,8.2,RENT,E,small_business,6400,11.11,0.219,10,0,0
106552,35,18200,8.5,RENT,B,credit_card,10700,13.36,0.588,14,0,1
106553,30,105900,8.4,MORTGAGE,E,venture,9300,14.11,0.088,13,0,0
106554,43,19700,2.9,RENT,A,small_business,7000,5.4,0.355,21,0,0
106555,29,41600,5.6,RENT,A,credit_card,4300,12.16,0.103,11,0,0
106556,38,28200,9.7,MORTGAGE,B,venture,6900,10.37,0.245,20,0,0
106557,36,34600,0.5,MORTGAGE,E,education,5300,9.77,0.153,20,0,0
106558,40,175100,0.7,MORTGAGE,A,small_business,7400,16.53,0.042,23,0,0
106559,43,48700,3.9,RENT,E,small_business,11700,5.4,0.24,31,0,1
106560,20,62800,13.3,RENT,B,credit_card,6200,11.31,0.099,2,0,0
106561,31,79600,3.7,RENT,C,credit_card,20900,16.68,0.263,10,0,0
106562,28,36100,14.0,RENT,B,debt_consolidation,6100,11.76,0.169,16,1,0
106563,30,93100,1.4,RENT,A,home_improvement,3200,8.08,0.034,12,0,0
106564,26,63400,18.9,RENT,F,credit_card,7300,10.72,0.115,6,0,0
106565,25,78000,7.4,RENT,C,credit_card,6000,17.88,0.077,4,0,0
106566,21,34600,1.9,MORTGAGE,D,venture,40000,15.72,0.9,2,0,1
106567,30,65800,0.3,RENT,C,debt_consolidation,6400,9.64,0.097,10,0,0
106568,36,51300,3.1,RENT,C,medical,3600,17.03,0.07,16,0,0
106569,26,95900,0.3,RENT,C,debt_consolidation,8300,13.79,0.087,4,0,0
106570,27,38300,2.1,RENT,E,debt_consolidation,7400,5.4,0.193,8,0,0
106571,24,157600,6.3,MORTGAGE,D,debt_consolidation,4300,11.12,0.027,7,0,0
106572,22,62100,1.0,RENT,C,credit_card,9900,18.07,0.159,2,0,0
106573,27,48100,1.8,RENT,D,credit_card,11100,10.94,0.231,8,0,0
106574,31,45100,12.2,MORTGAGE,C,debt_consolidation,8500,16.97,0.188,12,1,1
106575,38,51300,1.8,RENT,C,home_improvement,7000,6.34,0.136,20,1,0
106576,21,36500,0.0,RENT,D,credit_card,6600,6.79,0.181,6,0,0
106577,29,74400,0.9,MORTGAGE,C,debt_consolidation,5800,15.58,0.078,11,0,0
106578,37,51200,4.4,MORTGAGE,D,credit_card,4000,14.57,0.078,17,0,0
106579,21,150100,0.1,OWN,F,debt_consolidation,18300,11.41,0.122,3,0,0
106580,38,40600,0.4,OWN,F,debt_consolidation,31000,14.63,0.764,21,0,0
106581,26,48200,1.0,MORTGAGE,E,debt_consolidation,4600,9.37,0.095,6,0,1
106582,34,40600,11.9,RENT,C,small_business,5800,7.45,0.143,14,0,1
106583,27,144100,1.6,MORTGAGE,D,small_business,4500,12.89,0.031,7,0,1
106584,32,23300,1.2,RENT,A,education,13200,10.47,0.567,14,0,0
106585,40,54300,3.8,MORTGAGE,C,small_business,4600,13.0,0.085,21,1,0
106586,28,61200,0.0,OWN,B,credit_card,11900,12.24,0.194,7,1,0
106587,36,27700,3.9,RENT,A,debt_consolidation,10300,10.29,0.372,17,0,0
106588,31,220500,10.4,OWN,F,debt_consolidation,7400,18.28,0.034,13,1,1
106589,23,30900,7.5,MORTGAGE,E,home_improvement,17100,7.76,0.553,7,0,1
106590,28,52500,2.8,RENT,C,debt_consolidation,6700,12.05,0.128,7,0,0
106591,28,130100,0.2,MORTGAGE,B,debt_consolidation,8100,11.16,0.062,8,0,0
106592,20,41900,2.2,MORTGAGE,D,venture,4100,12.61,0.098,2,0,0
106593,32,55800,7.4,RENT,C,debt_consolidation,2100,11.67,0.038,11,0,0
106594,34,42600,5.0,MORTGAGE,E,debt_consolidation,14500,15.39,0.34,11,0,1
106595,35,50000,8.5,RENT,G,venture,5800,12.63,0.116,18,1,1
106596,39,93400,0.7,RENT,B,debt_consolidation,15300,9.16,0.164,21,0,0
106597,36,40900,3.0,MORTGAGE,B,credit_card,6700,7.8,0.164,19,1,0
106598,25,12000,1.1,OWN,B,debt_consolidation,7600,8.73,0.633,8,0,0
106599,26,50600,1.2,MORTGAGE,A,credit_card,9100,8.57,0.18,7,0,0
106600,35,53300,0.0,MORTGAGE,B,venture,6000,13.94,0.113,16,0,0
106601,32,57400,0.7,MORTGAGE,A,small_business,3300,11.2,0.057,16,1,0
106602,29,46600,8.1,RENT,A,credit_card,5000,12.92,0.107,12,0,0
106603,23,32100,0.4,MORTGAGE,B,debt_consolidation,4800,6.54,0.15,5,0,0
106604,25,45000,0.3,MORTGAGE,A,credit_card,8000,10.36,0.178,5,0,0
106605,33,136100,2.1,RENT,D,home_improvement,15000,13.24,0.11,15,0,0
106606,20,50400,4.3,RENT,A,debt_consolidation,5400,15.24,0.107,2,0,0
106607,20,73800,0.2,MORTGAGE,E,debt_consolidation,7700,6.15,0.104,2,0,0
106608,34,29200,9.7,OTHER,B,small_business,9200,17.14,0.315,16,0,1
106609,25,43900,1.1,OTHER,A,education,5200,16.69,0.118,8,0,0
106610,32,29700,1.3,MORTGAGE,A,education,10000,15.16,0.337,15,0,0
106611,40,105000,3.9,MORTGAGE,D,medical,14800,16.06,0.141,24,0,0
106612,22,21900,0.5,MORTGAGE,B,credit_card,10100,10.14,0.461,6,0,0
106613,20,63200,1.0,OWN,C,medical,7900,8.63,0.125,4,0,0
106614,27,62200,11.3,MORTGAGE,A,education,5100,11.81,0.082,8,0,0
106615,24,60000,3.6,OWN,G,debt_consolidation,7600,12.58,0.127,8,0,0
106616,29,14200,3.5,OTHER,A,credit_card,5400,9.25,0.38,12,0,0
106617,33,16900,11.3,RENT,C,debt_consolidation,5900,13.62,0.349,17,0,0
106618,31,55000,8.4,OWN,E,venture,7600,16.57,0.138,13,0,0
106619,29,31000,3.0,MORTGAGE,B,education,7200,14.72,0.232,12,0,0
106620,36,36200,5.2,RENT,B,medical,14300,11.67,0.395,16,0,0
106621,34,40800,4.8,RENT,E,debt_consolidation,5900,5.4,0.145,17,0,0
106622,28,28900,6.5,MORTGAGE,B,venture,10000,5.97,0.346,12,1,0
106623,33,26300,2.9,RENT,A,debt_consolidation,6300,11.16,0.24,18,0,0
106624,20,51500,4.2,RENT,C,debt_consolidation,4900,13.81,0.095,2,0,1
106625,36,18100,2.5,MORTGAGE,A,home_improvement,11300,6.38,0.624,22,0,0
106626,29,39000,1.0,RENT,F,medical,10200,11.85,0.262,11,0,1
106627,21,35700,1.5,RENT,D,education,5800,14.06,0.162,4,1,1
106628,26,50900,8.1,MORTGAGE,C,debt_consolidation,1500,11.27,0.029,8,1,1
106629,36,191600,0.5,RENT,B,credit_card,15000,9.26,0.078,21,0,0
106630,24,30000,0.7,MORTGAGE,D,credit_card,12400,6.16,0.413,6,0,0
106631,32,64400,0.5,RENT,D,debt_consolidation,15300,14.28,0.238,13,0,0
106632,35,58200,8.2,OWN,A,education,15700,9.14,0.27,19,0,0
106633,29,70100,0.6,RENT,E,debt_consolidation,8200,17.43,0.117,10,1,1
106634,23,45800,0.5,MORTGAGE,C,debt_consolidation,6400,12.14,0.14,6,0,1
106635,29,113900,11.9,MORTGAGE,E,credit_card,3000,12.83,0.026,8,0,0
106636,20,75100,1.6,OWN,B,small_business,8700,14.5,0.116,4,0,0
106637,26,75800,6.6,MORTGAGE,A,education,6300,10.19,0.083,4,0,0
106638,21,23700,2.2,MORTGAGE,D,debt_consolidation,5300,13.19,0.224,2,0,1
106639,29,54300,9.1,RENT,E,debt_consolidation,3800,9.18,0.07,8,0,0
106640,20,38900,1.0,MORTGAGE,B,venture,4600,8.62,0.118,2,0,0
106641,30,32100,9.5,MORTGAGE,A,credit_card,3900,8.22,0.121,12,0,0
106642,37,36500,2.3,MORTGAGE,E,credit_card,14000,9.74,0.384,18,0,1
106643,37,50000,8.2,RENT,B,debt_consolidation,15000,18.91,0.3,20,0,0
106644,20,66300,1.9,MORTGAGE,B,venture,5400,8.25,0.081,2,0,0
106645,24,88400,1.7,RENT,D,small_business,15900,13.71,0.18,6,1,1
106646,35,86200,14.8,MORTGAGE,A,debt_consolidation,8600,10.68,0.1,15,0,0
106647,34,60500,8.0,MORTGAGE,A,debt_consolidation,18200,7.41,0.301,17,0,0
106648,25,53100,9.6,RENT,A,debt_consolidation,11200,14.35,0.211,7,1,0
106649,26,43100,1.1,MORTGAGE,F,debt_consolidation,11500,9.69,0.267,9,1,0
106650,30,45000,4.9,RENT,B,debt_consolidation,9300,9.89,0.207,14,0,1
106651,20,33600,7.9,MORTGAGE,D,debt_consolidation,5400,15.4,0.161,4,0,0
106652,33,40700,5.2,MORTGAGE,G,debt_consolidation,3900,10.56,0.096,16,0,1
106653,37,62600,5.0,RENT,D,credit_card,9100,12.31,0.145,19,0,0
106654,26,120200,0.2,RENT,C,credit_card,7700,11.4,0.064,10,1,1
106655,20,47500,2.4,MORTGAGE,C,credit_card,33900,11.16,0.714,2,0,0
106656,39,33000,2.0,MORTGAGE,B,medical,12200,6.75,0.37,20,1,0
106657,31,87800,4.8,RENT,C,debt_consolidation,5100,14.59,0.058,15,0,1
106658,34,17100,2.0,RENT,F,education,7700,12.3,0.45,18,1,1
106659,20,91500,2.0,RENT,E,education,6600,14.43,0.072,2,0,0
106660,20,23400,1.3,MORTGAGE,C,venture,7900,11.92,0.338,3,1,1
106661,32,74000,2.8,RENT,B,debt_consolidation,3900,15.3,0.053,15,0,0
106662,36,39700,1.5,MORTGAGE,E,debt_consolidation,13300,12.05,0.335,18,0,0
106663,21,61500,1.2,MORTGAGE,A,home_improvement,6500,16.44,0.106,2,0,0
106664,28,162100,1.7,MORTGAGE,E,debt_consolidation,11600,8.24,0.072,8,0,1
106665,20,32500,0.7,OTHER,B,debt_consolidation,5800,8.65,0.178,2,0,0
106666,24,29700,9.8,MORTGAGE,D,debt_consolidation,6500,17.93,0.219,6,0,0
106667,27,53800,6.1,MORTGAGE,E,home_improvement,11200,14.48,0.208,7,0,0
106668,32,119200,3.2,MORTGAGE,C,medical,2600,18.22,0.022,10,0,0
106669,20,56900,4.1,MORTGAGE,B,debt_consolidation,13900,13.71,0.244,2,1,0
106670,38,52800,3.3,MORTGAGE,E,education,18200,10.5,0.345,20,0,1
106671,28,56600,3.6,RENT,B,medical,18000,18.22,0.318,12,0,1
106672,38,29700,2.4,OWN,B,debt_consolidation,5500,5.4,0.185,24,1,1
106673,34,56900,2.3,RENT,C,credit_card,9600,14.38,0.169,13,0,1
106674,35,41500,7.6,OWN,C,debt_consolidation,6300,5.4,0.152,18,0,0
106675,43,106700,4.5,RENT,D,education,3600,16.92,0.034,30,0,1
106676,24,79900,14.2,MORTGAGE,A,small_business,8500,7.8,0.106,3,0,0
106677,30,24900,1.2,OWN,C,small_business,3600,10.4,0.145,10,1,0
106678,22,44100,1.5,MORTGAGE,E,small_business,11300,8.02,0.256,6,0,1
106679,28,68900,1.5,MORTGAGE,A,debt_consolidation,12700,13.63,0.184,10,0,0
106680,34,30000,5.9,RENT,C,education,16500,10.83,0.55,17,0,0
106681,37,28500,2.5,RENT,D,education,10700,16.48,0.375,20,0,1
106682,26,40000,1.2,RENT,E,small_business,6500,9.13,0.162,9,1,0
106683,21,62300,4.6,MORTGAGE,C,credit_card,7300,7.25,0.117,4,1,0
106684,30,91200,2.5,RENT,E,debt_consolidation,8700,9.8,0.095,13,0,1
106685,23,58600,5.5,RENT,B,debt_consolidation,18100,17.4,0.309,3,1,1
106686,25,199600,1.4,RENT,B,debt_consolidation,18200,15.25,0.091,9,1,0
106687,34,35500,2.7,OWN,F,home_improvement,7700,15.66,0.217,19,0,1
106688,32,77400,0.6,MORTGAGE,E,medical,13900,9.52,0.18,16,0,1
106689,35,28000,9.9,RENT,C,venture,6100,6.75,0.218,18,0,0
106690,27,125000,4.5,OWN,C,debt_consolidation,10300,16.62,0.082,13,0,1
106691,36,108800,2.7,MORTGAGE,C,debt_consolidation,6700,6.54,0.062,18,0,0
106692,29,76200,0.4,RENT,A,debt_consolidation,9300,11.52,0.122,13,1,0
106693,27,19800,3.2,RENT,E,venture,5200,9.11,0.263,12,0,1
106694,21,75800,0.4,OWN,E,medical,3700,11.77,0.049,2,0,0
106695,20,32800,2.9,RENT,C,credit_card,4100,5.4,0.125,5,0,0
106696,20,66100,2.6,RENT,B,home_improvement,11200,14.56,0.169,2,0,0
106697,31,23200,5.5,OWN,B,credit_card,4400,16.43,0.19,11,1,0
106698,23,59800,0.4,MORTGAGE,A,debt_consolidation,6700,15.26,0.112,3,1,0
106699,20,42400,3.5,MORTGAGE,D,debt_consolidation,13200,7.49,0.311,2,0,0
106700,26,33600,1.5,MORTGAGE,C,debt_consolidation,15000,13.06,0.446,7,0,0
106701,31,71400,1.2,MORTGAGE,B,debt_consolidation,4700,10.88,0.066,13,0,1
106702,32,50100,1.8,RENT,D,credit_card,2200,11.5,0.044,13,0,0
106703,29,46000,2.6,MORTGAGE,G,debt_consolidation,5200,17.47,0.113,8,0,0
106704,29,77300,2.3,RENT,A,small_business,9000,9.93,0.116,6,0,0
106705,25,146900,10.2,RENT,C,credit_card,11700,13.95,0.08,5,0,0
106706,33,60000,3.6,OTHER,C,credit_card,4200,5.4,0.07,13,0,1
106707,28,19100,2.9,RENT,A,venture,3100,11.76,0.162,14,0,0
106708,28,21900,3.9,RENT,C,debt_consolidation,4900,14.85,0.224,10,1,0
106709,36,53500,4.3,RENT,C,home_improvement,6100,10.96,0.114,22,1,0
106710,35,90600,0.1,MORTGAGE,A,debt_consolidation,25500,13.71,0.281,16,1,0
106711,28,55500,1.4,OWN,A,small_business,8600,8.58,0.155,12,0,0
106712,27,68300,0.9,RENT,E,credit_card,11600,9.82,0.17,9,0,1
106713,27,49900,2.2,RENT,B,debt_consolidation,14800,11.02,0.297,7,0,0
106714,20,87500,4.5,MORTGAGE,D,debt_consolidation,6300,9.55,0.072,3,0,0
106715,37,72300,8.7,MORTGAGE,D,small_business,8600,14.73,0.119,19,0,0
106716,24,29400,2.8,RENT,E,home_improvement,9300,15.44,0.316,5,0,0
106717,35,65900,0.2,RENT,D,home_improvement,11300,13.83,0.171,14,0,0
106718,29,22100,2.9,MORTGAGE,E,credit_card,7500,5.4,0.339,15,0,1
106719,39,65900,3.0,RENT,D,home_improvement,14400,10.35,0.219,22,0,0
106720,33,44100,1.3,MORTGAGE,C,home_improvement,14900,14.53,0.338,13,0,1
106721,35,56300,5.8,RENT,B,debt_consolidation,6900,10.91,0.123,18,0,0
106722,25,61600,1.5,MORTGAGE,B,credit_card,12300,10.7,0.2,6,0,0
106723,20,60200,5.2,MORTGAGE,C,credit_card,10000,14.87,0.166,5,0,1
106724,30,112400,5.9,MORTGAGE,A,medical,35000,15.05,0.311,11,0,1
106725,20,52500,6.2,MORTGAGE,C,credit_card,13300,13.65,0.253,2,1,1
106726,26,57200,4.4,RENT,B,credit_card,10000,6.14,0.175,7,0,0
106727,21,107100,0.2,RENT,A,venture,5900,7.47,0.055,4,0,1
106728,23,146300,5.3,MORTGAGE,B,education,4600,12.92,0.031,5,0,0
106729,33,51000,1.0,MORTGAGE,D,debt_consolidation,10800,5.4,0.212,17,0,0
106730,33,38900,5.4,MORTGAGE,C,education,3200,17.4,0.082,16,0,0
106731,28,40000,6.7,RENT,E,debt_consolidation,19800,11.99,0.495,15,1,1
106732,31,66000,0.3,MORTGAGE,C,medical,2600,8.97,0.039,13,0,0
106733,25,46100,1.6,RENT,E,debt_consolidation,4600,9.59,0.1,5,1,1
106734,46,19700,1.0,RENT,E,credit_card,14000,15.85,0.711,27,0,1
106735,31,95600,8.5,RENT,A,venture,7900,6.97,0.083,12,0,0
106736,25,80700,6.2,OWN,G,debt_consolidation,9000,5.4,0.112,5,0,0
106737,35,96800,0.2,MORTGAGE,A,medical,5600,7.92,0.058,20,1,0
106738,38,107900,0.5,MORTGAGE,C,credit_card,7600,12.56,0.07,19,0,0
106739,24,57200,2.7,MORTGAGE,E,debt_consolidation,11800,17.27,0.206,7,0,1
106740,20,59500,13.3,RENT,B,venture,5100,15.88,0.086,2,0,0
106741,20,89600,5.5,RENT,C,credit_card,7000,9.93,0.078,2,0,0
106742,24,26400,3.4,RENT,B,education,8100,12.52,0.307,2,0,0
106743,29,42500,4.3,RENT,A,education,7000,12.75,0.165,12,1,0
106744,20,49900,3.8,RENT,A,debt_consolidation,12200,12.3,0.244,2,0,1
106745,26,85600,0.1,RENT,A,debt_consolidation,10400,5.4,0.121,11,0,0
106746,28,38300,2.4,MORTGAGE,A,debt_consolidation,7600,10.37,0.198,12,0,0
106747,31,34800,0.1,MORTGAGE,C,credit_card,3200,14.34,0.092,15,0,1
106748,33,40700,1.6,OWN,C,debt_consolidation,15500,18.22,0.381,13,0,0
106749,32,66700,2.6,RENT,C,credit_card,4900,12.93,0.073,15,0,0
106750,42,49600,0.1,MORTGAGE,D,medical,21500,15.43,0.433,28,0,1
106751,37,23200,4.1,RENT,A,debt_consolidation,5100,14.68,0.22,17,0,0
106752,31,25900,1.0,RENT,B,small_business,9300,10.13,0.359,11,0,1
106753,22,55600,0.7,MORTGAGE,D,credit_card,11500,6.69,0.207,4,0,1
106754,24,56600,1.5,RENT,F,debt_consolidation,7300,15.57,0.129,7,0,1
106755,20,52300,6.9,MORTGAGE,C,debt_consolidation,9600,18.17,0.184,3,1,0
106756,30,39800,0.9,MORTGAGE,A,debt_consolidation,6900,9.98,0.173,13,1,0
106757,31,79500,8.0,RENT,E,home_improvement,22900,15.79,0.288,13,0,0
106758,35,63100,7.6,OWN,E,debt_consolidation,9100,12.04,0.144,16,0,0
106759,31,62000,1.9,RENT,C,medical,7600,6.53,0.123,17,0,0
106760,36,63200,0.6,OTHER,B,medical,9300,11.67,0.147,21,1,0
106761,37,124100,1.4,MORTGAGE,A,debt_consolidation,15100,9.45,0.122,20,0,0
106762,22,29300,1.6,RENT,C,education,10000,13.09,0.341,7,0,1
106763,25,40900,1.1,RENT,F,venture,9000,12.94,0.22,7,0,1
106764,29,42800,0.6,RENT,D,debt_consolidation,3700,9.18,0.086,9,1,0
106765,24,102900,4.6,MORTGAGE,B,venture,15300,6.79,0.149,8,0,0
106766,27,42000,5.8,RENT,D,debt_consolidation,9800,9.85,0.233,7,0,0
106767,31,33300,5.3,MORTGAGE,E,home_improvement,6300,17.08,0.189,17,0,1
106768,28,48600,0.1,RENT,C,debt_consolidation,9700,7.27,0.2,8,0,1
106769,29,54600,0.4,OTHER,E,medical,17400,14.11,0.319,14,0,0
106770,22,99500,4.9,RENT,B,medical,12000,13.65,0.121,8,0,0
106771,33,41800,6.0,MORTGAGE,B,venture,23900,9.51,0.572,12,0,0
106772,32,35300,6.0,MORTGAGE,C,venture,13100,8.47,0.371,11,0,1
106773,24,31200,4.8,RENT,C,debt_consolidation,2800,13.64,0.09,7,0,0
106774,20,42600,1.7,RENT,G,home_improvement,16200,11.4,0.38,5,0,1
106775,38,211100,16.3,MORTGAGE,C,debt_consolidation,3100,9.69,0.015,22,0,0
106776,41,63600,18.9,MORTGAGE,B,debt_consolidation,17000,13.2,0.267,21,0,0
106777,31,71600,5.0,MORTGAGE,B,debt_consolidation,13200,17.35,0.184,16,0,0
106778,26,51500,3.0,RENT,C,education,20400,15.96,0.396,13,0,1
106779,36,55600,5.2,OWN,B,small_business,10300,11.96,0.185,16,0,0
106780,32,79400,18.5,OWN,D,debt_consolidation,9500,5.4,0.12,15,0,0
106781,28,70200,0.1,MORTGAGE,B,venture,16000,10.64,0.228,11,0,0
106782,36,62400,1.0,RENT,B,medical,4200,7.89,0.067,18,1,1
106783,23,52000,1.9,RENT,C,debt_consolidation,8300,10.77,0.16,3,0,0
106784,24,42500,4.1,OTHER,A,credit_card,7100,10.24,0.167,4,0,0
106785,32,65100,2.4,MORTGAGE,D,small_business,6400,10.36,0.098,11,0,0
106786,30,54000,1.8,MORTGAGE,C,home_improvement,5900,15.38,0.109,14,0,0
106787,33,166500,1.0,OWN,C,credit_card,8800,10.68,0.053,14,0,0
106788,37,91800,4.3,RENT,D,credit_card,12000,10.52,0.131,22,0,0
106789,20,35600,14.3,MORTGAGE,D,debt_consolidation,18400,13.22,0.517,3,0,1
106790,29,27100,0.7,MORTGAGE,E,credit_card,6900,7.69,0.255,11,0,1
106791,42,41400,0.1,MORTGAGE,B,credit_card,6600,10.28,0.159,27,0,0
106792,25,28400,2.1,MORTGAGE,B,debt_consolidation,1700,6.57,0.06,7,0,0
106793,24,40100,4.4,MORTGAGE,D,debt_consolidation,18100,13.74,0.451,5,0,0
106794,20,30200,20.3,RENT,C,home_improvement,3800,12.33,0.126,4,1,0
106795,30,43100,2.0,OWN,D,credit_card,10600,18.95,0.246,11,0,1
106796,33,43300,17.8,MORTGAGE,C,credit_card,9500,5.62,0.219,15,1,0
106797,33,55900,1.6,RENT,D,debt_consolidation,14000,14.99,0.25,16,0,0
106798,22,46000,4.1,OTHER,B,venture,5000,5.4,0.109,4,0,0
106799,29,31400,2.6,RENT,C,debt_consolidation,11100,7.92,0.354,12,0,0
106800,31,100500,11.4,RENT,A,credit_card,19800,5.4,0.197,14,0,0
106801,29,64300,2.4,OWN,C,debt_consolidation,9200,11.75,0.143,11,0,1
106802,21,38200,3.5,MORTGAGE,D,small_business,5000,12.48,0.131,2,0,0
106803,30,31700,18.4,OWN,C,credit_card,3600,10.34,0.114,10,0,0
106804,23,23000,4.8,OWN,B,credit_card,18400,5.4,0.8,4,0,1
106805,20,22100,3.4,MORTGAGE,E,education,6400,9.58,0.29,2,1,1
106806,34,91700,7.3,RENT,D,small_business,7100,11.97,0.077,17,0,0
106807,30,86500,2.9,MORTGAGE,C,credit_card,32600,8.21,0.377,16,0,1
106808,33,37400,1.0,MORTGAGE,F,credit_card,13500,11.4,0.361,15,0,0
106809,25,109300,2.0,MORTGAGE,C,venture,15200,15.39,0.139,10,0,0
106810,33,72300,19.3,MORTGAGE,E,venture,20000,9.43,0.277,14,1,0
106811,36,57600,1.2,RENT,A,small_business,3400,7.59,0.059,18,0,0
106812,41,82800,5.2,RENT,B,small_business,18800,11.21,0.227,23,0,0
106813,35,72400,1.0,MORTGAGE,B,education,20300,18.04,0.28,18,0,1
106814,32,56100,5.9,MORTGAGE,A,venture,6300,13.32,0.112,13,0,0
106815,20,45200,1.0,RENT,C,debt_consolidation,12300,6.07,0.272,4,0,0
106816,28,48600,1.2,RENT,B,venture,13800,16.38,0.284,11,0,0
106817,20,21300,5.5,RENT,D,small_business,5500,10.01,0.258,2,0,0
106818,23,33200,0.0,MORTGAGE,B,home_improvement,13400,10.66,0.404,4,1,1
106819,43,138700,16.4,RENT,A,credit_card,5700,6.86,0.041,22,0,0
106820,22,32700,5.3,MORTGAGE,F,debt_consolidation,33700,12.03,0.9,3,0,0
106821,20,18600,0.3,MORTGAGE,D,medical,8900,5.4,0.478,4,0,1
106822,35,84700,0.4,RENT,F,home_improvement,11100,7.44,0.131,14,0,0
106823,24,59100,3.6,MORTGAGE,C,debt_consolidation,3300,13.69,0.056,3,0,0
106824,34,60900,3.1,OWN,A,home_improvement,10100,11.96,0.166,15,1,0
106825,21,47300,5.2,RENT,C,debt_consolidation,15900,8.79,0.336,2,0,0
106826,26,85000,4.6,RENT,C,credit_card,5000,10.8,0.059,14,0,0
106827,37,119500,1.4,RENT,A,home_improvement,6100,14.01,0.051,20,0,0
106828,20,38700,3.3,MORTGAGE,E,home_improvement,5500,12.88,0.142,2,0,0
106829,28,73000,3.6,OWN,C,debt_consolidation,4300,13.88,0.059,12,1,0
106830,31,95300,2.4,MORTGAGE,D,debt_consolidation,4000,7.22,0.042,13,0,0
106831,24,37500,1.2,OWN,C,debt_consolidation,14300,8.95,0.381,6,0,0
106832,31,118200,1.1,MORTGAGE,C,home_improvement,4000,18.47,0.034,17,1,1
106833,29,95200,0.9,RENT,B,education,3000,10.07,0.032,7,0,0
106834,33,26000,4.0,RENT,G,medical,6000,9.85,0.231,13,1,1
106835,42,123900,6.7,MORTGAGE,C,small_business,8300,11.94,0.067,25,0,0
106836,48,26800,10.8,MORTGAGE,A,debt_consolidation,11100,12.29,0.414,28,0,0
106837,32,35300,5.2,MORTGAGE,A,debt_consolidation,5000,7.91,0.142,12,0,0
106838,28,75100,15.3,MORTGAGE,D,education,5900,5.4,0.079,12,1,0
106839,32,91400,4.5,RENT,G,credit_card,10900,10.34,0.119,13,0,1
106840,27,54400,0.8,RENT,E,debt_consolidation,13300,11.43,0.244,10,0,1
106841,20,36400,10.9,MORTGAGE,D,credit_card,16100,5.4,0.442,2,0,0
106842,29,44700,11.1,MORTGAGE,G,home_improvement,10500,12.46,0.235,12,1,0
106843,37,41800,0.0,MORTGAGE,D,debt_consolidation,3300,12.71,0.079,19,0,0
106844,20,81900,2.3,RENT,B,debt_consolidation,5000,15.0,0.061,4,1,1
106845,22,41200,7.0,MORTGAGE,C,home_improvement,16200,7.55,0.393,6,1,0
106846,25,36000,0.6,RENT,A,debt_consolidation,21500,12.82,0.597,6,0,1
106847,32,22900,0.4,RENT,B,credit_card,7700,13.49,0.336,11,0,0
106848,46,37200,0.6,MORTGAGE,C,medical,7400,16.82,0.199,28,0,0
106849,23,48300,3.6,OWN,B,venture,4700,14.57,0.097,4,0,0
106850,30,27700,2.8,OWN,F,credit_card,17700,15.3,0.639,11,1,1
106851,29,19700,3.9,RENT,G,debt_consolidation,4500,12.05,0.228,8,1,1
106852,27,88300,0.2,RENT,B,credit_card,23800,9.87,0.27,8,0,1
106853,29,29700,5.6,MORTGAGE,D,debt_consolidation,7700,16.07,0.259,11,0,0
106854,26,25100,1.8,MORTGAGE,C,education,5000,6.93,0.199,7,0,0
106855,48,122200,5.0,MORTGAGE,A,small_business,3000,16.99,0.025,30,0,0
106856,34,82200,2.3,RENT,B,credit_card,7000,14.35,0.085,17,0,0
106857,26,90600,0.5,MORTGAGE,B,small_business,7600,10.29,0.084,11,0,0
106858,37,68000,7.3,RENT,B,credit_card,6800,5.78,0.1,22,0,0
106859,31,106000,2.6,RENT,B,credit_card,8100,11.25,0.076,12,0,0
106860,29,83800,0.4,MORTGAGE,A,education,17400,9.21,0.208,10,0,0
106861,28,42600,2.8,RENT,B,debt_consolidation,11400,5.8,0.268,7,0,0
106862,27,28700,1.2,MORTGAGE,F,debt_consolidation,9000,9.44,0.314,11,1,1
106863,20,25400,1.7,MORTGAGE,A,education,15200,14.75,0.598,2,1,0
106864,20,47700,2.0,RENT,B,credit_card,4900,11.46,0.103,5,1,1
106865,32,28100,4.8,RENT,C,debt_consolidation,12000,10.63,0.427,14,0,0
106866,28,33200,3.8,OWN,B,debt_consolidation,11900,5.85,0.358,9,0,0
106867,35,47400,0.2,MORTGAGE,C,credit_card,18500,10.84,0.39,17,0,1
106868,23,111200,5.0,OWN,A,credit_card,3800,17.17,0.034,5,0,1
106869,21,22500,9.0,RENT,D,credit_card,5000,11.64,0.222,2,0,0
106870,34,52400,2.0,MORTGAGE,C,debt_consolidation,5200,10.2,0.099,16,0,0
106871,27,25900,0.4,OWN,D,credit_card,10500,14.19,0.405,7,0,1
106872,35,37900,3.0,RENT,C,home_improvement,9200,16.06,0.243,20,0,0
106873,29,85900,13.7,RENT,C,education,11100,16.47,0.129,8,0,0
106874,42,32300,5.3,OWN,B,home_improvement,2500,12.74,0.077,26,1,0
106875,34,44600,1.4,RENT,B,home_improvement,18200,5.59,0.408,15,0,0
106876,32,55700,4.7,RENT,C,medical,9200,15.07,0.165,8,0,0
106877,35,75800,7.3,OTHER,A,debt_consolidation,11000,10.09,0.145,13,0,0
106878,27,38100,2.9,RENT,B,debt_consolidation,9900,9.6,0.26,9,0,1
106879,20,103100,2.9,MORTGAGE,D,debt_consolidation,5700,7.99,0.055,2,0,0
106880,32,40300,0.7,MORTGAGE,A,credit_card,10800,13.45,0.268,15,1,0
106881,43,67300,6.7,MORTGAGE,A,venture,8500,14.95,0.126,24,0,0
106882,20,46400,3.3,RENT,D,debt_consolidation,8400,9.1,0.181,3,0,0
106883,32,77500,0.0,RENT,B,medical,10600,13.81,0.137,14,0,0
106884,20,157200,12.4,MORTGAGE,E,debt_consolidation,7700,15.46,0.049,3,0,1
106885,29,44200,0.9,MORTGAGE,F,credit_card,3800,12.82,0.086,13,0,1
106886,30,51100,4.2,RENT,F,credit_card,7300,11.5,0.143,13,0,1
106887,34,40600,1.1,RENT,C,debt_consolidation,19800,10.95,0.488,15,0,0
106888,30,37300,4.1,MORTGAGE,B,credit_card,6000,9.14,0.161,15,0,0
106889,39,35100,0.2,RENT,C,home_improvement,8500,14.24,0.242,21,0,0
106890,37,51000,2.3,MORTGAGE,D,credit_card,12800,15.6,0.251,18,1,1
106891,28,33600,0.1,OWN,D,medical,26000,11.97,0.774,9,1,1
106892,37,34200,0.1,RENT,B,education,7000,9.9,0.205,20,0,0
106893,27,12000,1.1,OWN,A,credit_card,4100,13.27,0.342,11,0,0
106894,26,110400,3.4,MORTGAGE,B,venture,11700,8.25,0.106,9,0,0
106895,21,127300,3.5,MORTGAGE,A,debt_consolidation,5200,16.03,0.041,4,0,0
106896,38,73600,6.1,OWN,A,debt_consolidation,9500,15.61,0.129,19,0,0
106897,27,31900,1.4,RENT,F,credit_card,11300,13.29,0.354,11,0,1
106898,20,25700,7.1,OWN,A,home_improvement,6200,9.96,0.241,2,0,0
106899,33,21800,5.8,RENT,C,credit_card,7000,10.81,0.321,14,1,1
106900,26,73200,2.0,MORTGAGE,F,credit_card,12700,5.4,0.173,4,0,0
106901,27,103400,7.8,MORTGAGE,B,education,14800,8.74,0.143,10,0,0
106902,27,56500,8.0,RENT,C,debt_consolidation,8300,14.15,0.147,8,0,0
106903,27,82600,1.4,MORTGAGE,D,medical,8900,8.72,0.108,7,0,1
106904,48,65800,2.3,MORTGAGE,B,credit_card,4400,20.09,0.067,27,0,0
106905,41,33700,3.3,RENT,C,credit_card,8600,9.71,0.255,25,0,1
106906,34,89800,5.6,MORTGAGE,E,debt_consolidation,6500,8.16,0.072,16,1,0
106907,31,86700,0.4,RENT,D,debt_consolidation,8500,12.71,0.098,14,0,0
106908,37,29900,4.7,RENT,E,credit_card,17700,12.87,0.592,19,0,1
106909,31,80300,1.9,RENT,G,small_business,4400,16.41,0.055,13,0,0
106910,35,47500,5.7,OWN,B,credit_card,15500,10.58,0.326,17,1,0
106911,33,44600,1.6,MORTGAGE,D,debt_consolidation,9000,8.3,0.202,13,0,0
106912,30,63900,16.1,MORTGAGE,C,small_business,8000,9.4,0.125,14,0,0
106913,36,62800,3.3,MORTGAGE,D,home_improvement,5000,15.83,0.08,16,0,0
106914,26,84000,0.3,MORTGAGE,D,venture,9400,17.41,0.112,7,0,0
106915,29,32300,0.2,RENT,D,credit_card,26800,9.35,0.83,12,0,1
106916,22,70300,3.1,RENT,E,home_improvement,2000,10.96,0.028,6,1,1
106917,23,27200,2.9,MORTGAGE,B,credit_card,2800,16.48,0.103,4,1,0
106918,20,46700,0.5,RENT,D,small_business,7400,14.15,0.158,4,0,1
106919,32,48500,2.6,OWN,B,credit_card,9700,9.38,0.2,15,0,0
106920,34,87900,1.8,RENT,C,debt_consolidation,13600,7.23,0.155,16,0,0
106921,37,51800,6.1,MORTGAGE,D,venture,10400,9.06,0.201,19,0,0
106922,21,44600,0.5,RENT,E,small_business,3300,14.46,0.074,3,1,0
106923,32,112900,1.5,MORTGAGE,C,home_improvement,11400,6.03,0.101,14,0,0
106924,29,40700,4.3,OWN,C,credit_card,7400,12.13,0.182,13,0,0
106925,34,39800,3.3,RENT,B,small_business,13200,10.09,0.332,17,0,1
106926,24,18400,13.4,RENT,A,debt_consolidation,5500,8.77,0.299,5,0,0
106927,27,45700,0.4,MORTGAGE,B,debt_consolidation,3500,9.65,0.077,8,1,0
106928,20,30700,0.6,RENT,F,debt_consolidation,6300,14.55,0.205,2,1,1
106929,24,44900,9.7,RENT,B,debt_consolidation,10600,13.32,0.236,5,0,0
106930,29,58800,3.4,MORTGAGE,G,debt_consolidation,10000,15.13,0.17,7,1,1
106931,30,28400,3.9,RENT,B,small_business,8200,8.47,0.289,14,0,0
106932,20,32800,13.8,RENT,D,debt_consolidation,5800,5.4,0.177,2,0,0
106933,25,21400,0.9,RENT,C,medical,7500,12.06,0.35,7,0,0
106934,30,38900,0.9,RENT,D,education,18300,11.35,0.47,15,1,0
106935,39,30700,9.3,OWN,D,debt_consolidation,33000,9.64,0.9,20,0,1
106936,23,167600,0.8,RENT,D,small_business,10200,5.4,0.061,6,0,0
106937,32,117900,1.3,RENT,F,credit_card,14200,14.5,0.12,14,0,0
106938,25,107800,0.6,MORTGAGE,C,education,5400,5.4,0.05,8,0,0
106939,26,25300,1.4,MORTGAGE,A,credit_card,17100,13.96,0.676,7,0,0
106940,23,46700,3.2,RENT,B,credit_card,6700,13.8,0.143,7,0,0
106941,22,26600,0.6,MORTGAGE,D,debt_consolidation,4000,13.57,0.15,8,0,0
106942,26,142000,0.5,MORTGAGE,C,education,15300,11.16,0.108,6,1,0
106943,36,81400,2.8,RENT,C,debt_consolidation,8500,5.4,0.104,20,0,1
106944,24,28900,2.3,RENT,C,medical,17400,5.62,0.602,6,0,0
106945,23,63100,11.4,MORTGAGE,B,debt_consolidation,12800,8.39,0.203,6,0,1
106946,30,22800,6.9,RENT,D,home_improvement,4000,18.05,0.175,13,0,0
106947,29,47800,0.1,RENT,D,credit_card,9000,14.83,0.188,8,0,0
106948,29,46800,8.7,MORTGAGE,D,debt_consolidation,4900,10.74,0.105,9,0,0
106949,31,77400,16.5,RENT,D,debt_consolidation,16200,9.19,0.209,13,1,0
106950,22,88700,4.3,RENT,E,debt_consolidation,8500,11.87,0.096,6,0,0
106951,23,52100,3.1,RENT,C,small_business,5600,14.44,0.107,4,0,0
106952,36,45600,13.3,OWN,F,small_business,2700,12.48,0.059,19,1,1
106953,28,12000,3.3,MORTGAGE,A,debt_consolidation,15400,6.39,0.9,10,0,0
106954,33,121700,0.6,RENT,D,credit_card,6700,16.56,0.055,15,0,0
106955,38,35900,0.3,RENT,D,debt_consolidation,7000,13.13,0.195,20,0,0
106956,35,54500,1.5,OTHER,C,small_business,10600,9.57,0.194,15,0,0
106957,20,178500,6.4,MORTGAGE,B,medical,5000,12.66,0.028,2,0,0
106958,28,26700,1.1,MORTGAGE,C,education,3500,15.77,0.131,9,0,1
106959,36,52100,6.5,RENT,B,education,9000,12.78,0.173,18,0,0
106960,33,67700,4.3,RENT,F,debt_consolidation,4900,12.98,0.072,14,0,0
106961,30,94000,3.9,RENT,B,debt_consolidation,7800,16.91,0.083,16,1,1
106962,20,51600,4.3,MORTGAGE,A,education,5000,9.15,0.097,2,0,0
106963,25,98400,0.6,OWN,C,debt_consolidation,3800,7.95,0.039,4,0,0
106964,29,41000,1.1,RENT,B,debt_consolidation,3300,9.81,0.08,12,0,0
106965,20,69500,2.3,MORTGAGE,A,debt_consolidation,8600,14.53,0.124,4,0,0
106966,35,64700,0.0,OWN,C,small_business,14800,14.95,0.229,20,1,0
106967,28,49000,5.3,OWN,C,small_business,13900,12.08,0.284,9,0,0
106968,20,61600,0.3,RENT,A,venture,8200,8.45,0.133,2,0,0
106969,25,31900,3.3,RENT,C,credit_card,17700,17.91,0.555,8,0,0
106970,27,43700,10.6,OWN,C,debt_consolidation,6000,7.32,0.137,12,0,0
106971,28,25400,2.4,RENT,D,credit_card,12700,9.85,0.5,7,0,1
106972,39,40400,4.9,RENT,B,medical,6200,8.96,0.153,21,0,0
106973,33,96400,0.8,RENT,B,debt_consolidation,5400,15.32,0.056,16,0,0
106974,20,64900,13.7,MORTGAGE,F,venture,12600,10.86,0.194,2,1,1
106975,20,61000,7.7,RENT,C,credit_card,10300,17.42,0.169,3,0,0
106976,27,21400,5.0,MORTGAGE,A,medical,11500,14.38,0.537,8,0,0
106977,30,61500,9.6,OWN,E,medical,3600,8.15,0.059,14,1,0
106978,36,49800,7.6,MORTGAGE,B,credit_card,14300,10.36,0.287,14,0,0
106979,41,69300,1.1,OWN,E,small_business,11800,9.58,0.17,22,0,1
106980,41,110300,0.9,OWN,D,credit_card,6500,16.48,0.059,24,0,1
106981,26,41200,23.8,MORTGAGE,F,medical,11200,14.55,0.272,7,1,1
106982,36,43300,3.4,MORTGAGE,F,medical,14800,5.79,0.342,20,0,0
106983,32,85400,1.7,OWN,B,credit_card,5400,13.39,0.063,14,0,0
106984,21,37000,0.4,MORTGAGE,D,debt_consolidation,5400,11.27,0.146,4,0,1
106985,20,54100,1.0,RENT,B,venture,6900,6.91,0.128,3,0,1
106986,30,17200,4.1,OWN,D,venture,2400,8.52,0.14,12,0,0
106987,20,43500,1.4,MORTGAGE,C,home_improvement,9700,10.72,0.223,2,0,0
106988,23,105600,2.0,OWN,A,venture,13400,5.4,0.127,9,0,0
106989,24,62000,0.2,RENT,A,credit_card,11100,12.3,0.179,9,0,0
106990,31,84500,5.1,RENT,A,credit_card,10500,11.81,0.124,14,0,0
106991,38,87200,1.6,MORTGAGE,A,credit_card,14200,10.58,0.163,19,0,0
106992,29,108200,2.7,MORTGAGE,B,debt_consolidation,7700,11.63,0.071,12,0,1
106993,25,42600,0.2,RENT,F,credit_card,3400,10.69,0.08,4,1,1
106994,20,86500,0.3,OWN,C,home_improvement,8700,7.45,0.101,2,0,0
106995,32,177400,7.8,MORTGAGE,E,debt_consolidation,16600,9.19,0.094,19,0,0
106996,29,50800,4.8,RENT,E,debt_consolidation,9900,8.7,0.195,9,1,0
106997,25,24900,0.0,MORTGAGE,D,small_business,6600,13.77,0.265,6,0,0
106998,37,37200,6.8,RENT,B,medical,12500,7.66,0.336,19,0,0
106999,21,66700,1.4,MORTGAGE,E,venture,10000,9.51,0.15,4,0,0
107000,24,20700,2.0,RENT,D,debt_consolidation,7200,11.6,0.348,6,0,1
107001,27,33900,3.9,RENT,D,medical,8700,6.01,0.257,8,0,0
107002,25,43000,2.8,OWN,F,debt_consolidation,6800,9.86,0.158,7,1,1
107003,33,54700,0.6,RENT,C,debt_consolidation,11400,11.58,0.208,17,0,1
107004,32,138400,17.5,MORTGAGE,C,small_business,4900,12.06,0.035,15,0,0
107005,36,75200,0.4,MORTGAGE,E,credit_card,9700,12.72,0.129,19,0,1
107006,33,27900,2.1,RENT,C,medical,13100,8.72,0.47,11,0,0
107007,28,432400,0.2,OWN,E,debt_consolidation,9200,7.52,0.021,11,0,0
107008,27,51100,2.9,RENT,A,debt_consolidation,9300,9.77,0.182,9,0,0
107009,32,20500,2.2,MORTGAGE,A,credit_card,8400,12.16,0.41,13,1,1
107010,28,29100,23.5,MORTGAGE,C,debt_consolidation,10900,10.41,0.375,14,0,0
107011,29,29200,3.9,MORTGAGE,A,debt_consolidation,6700,7.44,0.229,8,0,0
107012,33,24600,8.5,RENT,G,debt_consolidation,7500,19.43,0.305,15,1,1
107013,30,68300,5.1,MORTGAGE,A,debt_consolidation,4900,8.61,0.072,14,0,0
107014,31,12000,1.7,OWN,D,small_business,7000,6.69,0.583,13,0,0
107015,23,88500,3.5,MORTGAGE,B,debt_consolidation,2700,8.96,0.031,2,0,0
107016,38,80700,0.8,MORTGAGE,F,home_improvement,8200,14.61,0.102,23,1,1
107017,21,40100,0.1,RENT,B,home_improvement,11400,13.55,0.284,2,0,1
107018,32,85300,0.7,RENT,A,credit_card,7800,17.92,0.091,12,0,0
107019,26,28300,5.1,MORTGAGE,A,credit_card,13400,7.86,0.473,10,0,0
107020,37,32400,1.6,RENT,C,home_improvement,16900,10.41,0.522,17,1,1
107021,35,69700,3.2,MORTGAGE,G,medical,8000,15.15,0.115,16,0,0
107022,29,45900,3.4,RENT,G,debt_consolidation,4700,7.72,0.102,9,0,1
107023,40,36500,1.7,RENT,B,medical,14800,15.67,0.405,22,0,0
107024,28,48400,0.5,RENT,C,debt_consolidation,13200,11.62,0.273,12,0,0
107025,35,106400,2.5,RENT,A,credit_card,10400,8.63,0.098,14,0,0
107026,24,104200,0.1,MORTGAGE,C,credit_card,6100,5.4,0.059,6,0,0
107027,32,65100,0.0,MORTGAGE,C,debt_consolidation,10000,13.38,0.154,11,1,1
107028,22,42400,1.0,RENT,B,debt_consolidation,6800,16.81,0.16,8,0,0
107029,29,68700,3.4,RENT,C,debt_consolidation,5400,12.72,0.079,9,0,0
107030,29,32100,4.0,RENT,E,debt_consolidation,9900,12.93,0.308,12,0,0
107031,35,98000,2.9,MORTGAGE,A,home_improvement,4700,12.45,0.048,18,0,0
107032,24,86900,6.2,RENT,B,debt_consolidation,12300,14.82,0.142,6,1,0
107033,51,149100,5.7,MORTGAGE,B,medical,9500,15.92,0.064,32,1,0
107034,20,33200,6.7,MORTGAGE,A,education,7600,5.4,0.229,2,0,1
107035,31,31000,10.6,RENT,A,debt_consolidation,7900,10.35,0.255,16,0,0
107036,31,69800,0.1,RENT,D,debt_consolidation,4500,9.27,0.064,11,0,0
107037,33,44300,0.7,RENT,A,credit_card,4600,12.18,0.104,15,1,0
107038,25,89300,6.7,RENT,D,education,21000,10.07,0.235,6,0,0
107039,31,106400,6.0,RENT,E,credit_card,7500,13.1,0.07,15,1,0
107040,25,131500,6.4,OWN,F,debt_consolidation,3700,12.7,0.028,12,0,0
107041,42,53200,2.1,RENT,D,venture,13400,5.4,0.252,23,0,1
107042,25,83600,2.3,RENT,B,credit_card,4600,5.4,0.055,7,0,0
107043,28,38800,1.0,MORTGAGE,A,credit_card,11100,14.22,0.286,12,0,0
107044,24,58100,3.4,OWN,B,education,18200,8.51,0.313,9,0,0
107045,23,50000,0.6,MORTGAGE,F,education,7200,17.69,0.144,5,0,1
107046,20,48600,1.3,MORTGAGE,F,credit_card,15300,14.57,0.315,2,0,0
107047,34,140500,7.9,RENT,B,debt_consolidation,12100,5.4,0.086,19,0,0
107048,24,24600,9.4,MORTGAGE,B,credit_card,19300,8.63,0.785,2,0,1
107049,23,51400,4.1,MORTGAGE,C,debt_consolidation,11200,12.36,0.218,7,0,1
107050,22,53100,0.4,MORTGAGE,B,credit_card,6100,9.89,0.115,2,0,0
107051,31,73400,0.6,RENT,G,debt_consolidation,2600,10.88,0.035,13,0,1
107052,29,28200,3.2,RENT,B,home_improvement,5200,7.51,0.184,11,0,0
107053,29,43700,0.5,MORTGAGE,B,small_business,6100,12.74,0.14,10,0,1
107054,24,37100,2.2,RENT,C,venture,14000,11.57,0.377,7,0,0
107055,32,14900,1.3,MORTGAGE,A,medical,15800,14.22,0.9,13,0,0
107056,24,97700,5.7,RENT,B,debt_consolidation,4400,11.33,0.045,8,0,0
107057,29,23000,0.9,MORTGAGE,E,debt_consolidation,15900,9.24,0.691,9,1,1
107058,28,21300,6.5,RENT,A,credit_card,5300,11.99,0.249,8,0,0
107059,20,86800,0.1,OWN,C,debt_consolidation,5100,12.81,0.059,2,0,0
107060,43,42900,1.5,MORTGAGE,C,debt_consolidation,3800,11.51,0.089,25,0,0
107061,33,43700,2.0,RENT,A,small_business,9800,15.92,0.224,18,0,0
107062,30,44100,16.0,RENT,A,credit_card,5900,7.59,0.134,12,0,0
107063,31,93100,21.2,MORTGAGE,B,debt_consolidation,16700,14.77,0.179,13,0,0
107064,43,38000,0.4,RENT,A,credit_card,4900,7.11,0.129,23,0,0
107065,37,71500,0.4,RENT,B,venture,12100,13.85,0.169,19,0,0
107066,31,27500,9.4,RENT,E,home_improvement,4200,5.4,0.153,11,0,0
107067,24,61800,4.1,RENT,D,debt_consolidation,14300,10.42,0.231,6,0,0
107068,25,84700,0.4,MORTGAGE,F,credit_card,8600,14.93,0.102,5,0,1
107069,20,111600,0.4,RENT,C,education,9500,10.01,0.085,3,0,0
107070,26,22000,0.2,MORTGAGE,D,debt_consolidation,6700,11.13,0.305,8,0,0
107071,34,43800,3.1,OWN,D,home_improvement,6400,12.45,0.146,18,0,0
107072,33,124100,3.2,MORTGAGE,B,small_business,10600,5.4,0.085,13,1,1
107073,33,85600,1.6,RENT,B,small_business,21900,12.52,0.256,15,0,0
107074,25,46200,2.2,MORTGAGE,C,debt_consolidation,4500,8.01,0.097,7,0,0
107075,33,51600,1.1,MORTGAGE,E,education,6700,14.82,0.13,15,0,1
107076,35,60700,21.3,RENT,C,debt_consolidation,5800,11.05,0.096,19,0,0
107077,20,42000,2.3,RENT,B,debt_consolidation,3500,12.38,0.083,2,0,0
107078,31,69600,8.2,RENT,G,debt_consolidation,3500,7.1,0.05,11,0,1
107079,44,67500,3.3,RENT,A,credit_card,5400,14.25,0.08,27,0,0
107080,27,27900,0.2,RENT,F,debt_consolidation,6500,11.25,0.233,13,0,0
107081,20,39400,2.7,RENT,E,medical,17700,5.91,0.449,2,0,1
107082,23,40100,2.9,MORTGAGE,E,education,14000,9.49,0.349,5,0,1
107083,20,44800,2.0,MORTGAGE,E,debt_consolidation,5200,13.73,0.116,2,0,0
107084,25,59800,3.2,RENT,B,medical,12400,11.8,0.207,9,0,0
107085,20,56900,8.6,OWN,D,venture,5200,13.87,0.091,3,0,0
107086,36,34700,24.1,RENT,D,debt_consolidation,7700,10.0,0.222,18,0,0
107087,34,107700,8.0,RENT,D,small_business,9700,15.67,0.09,15,0,1
107088,31,51700,3.8,RENT,B,venture,25900,16.38,0.501,12,0,0
107089,38,115300,3.4,RENT,B,medical,9400,5.4,0.082,21,0,0
107090,25,113800,3.8,MORTGAGE,B,credit_card,3600,13.43,0.032,6,0,0
107091,30,28800,2.1,RENT,C,education,12200,16.75,0.424,9,0,0
107092,44,39400,8.5,MORTGAGE,C,small_business,15100,13.03,0.383,26,0,0
107093,33,41000,0.4,OWN,E,debt_consolidation,13200,11.16,0.322,14,1,1
107094,33,61200,2.3,RENT,D,debt_consolidation,4700,6.53,0.077,14,0,0
107095,24,76800,6.1,MORTGAGE,D,credit_card,8700,10.19,0.113,7,1,1
107096,26,55900,1.4,MORTGAGE,B,credit_card,8000,9.47,0.143,8,0,0
107097,22,38100,0.1,MORTGAGE,C,debt_consolidation,21400,14.48,0.562,4,1,1
107098,41,127800,2.8,RENT,B,debt_consolidation,11400,14.89,0.089,21,0,0
107099,20,40500,8.2,MORTGAGE,B,medical,20800,10.71,0.514,2,0,0
107100,35,77500,6.7,RENT,A,small_business,5500,7.89,0.071,14,0,0
107101,33,50500,1.4,RENT,B,debt_consolidation,7200,5.4,0.143,13,0,1
107102,20,49700,0.5,OWN,B,debt_consolidation,6000,13.42,0.121,2,0,1
107103,37,74600,14.1,RENT,C,debt_consolidation,13900,13.12,0.186,19,1,1
107104,27,120400,1.8,RENT,A,debt_consolidation,15200,5.4,0.126,9,0,0
107105,20,60900,1.1,RENT,B,home_improvement,10000,13.18,0.164,2,0,0
107106,32,39400,6.3,OWN,A,debt_consolidation,8500,14.45,0.216,12,0,0
107107,23,116300,3.9,RENT,D,venture,10200,5.4,0.088,2,0,0
107108,28,67600,6.8,RENT,C,debt_consolidation,3800,7.68,0.056,13,0,0
107109,25,56600,0.8,MORTGAGE,B,debt_consolidation,6500,20.26,0.115,5,0,0
107110,23,90700,7.5,RENT,A,medical,6800,11.58,0.075,4,0,0
107111,21,61500,2.2,RENT,F,credit_card,8000,19.59,0.13,2,0,0
107112,35,199100,0.2,MORTGAGE,C,credit_card,5700,12.2,0.029,19,1,0
107113,31,51600,3.3,OWN,D,debt_consolidation,5100,15.37,0.099,14,0,0
107114,31,97000,0.9,MORTGAGE,C,home_improvement,3400,10.31,0.035,12,0,1
107115,26,65700,4.2,RENT,E,credit_card,10300,9.01,0.157,9,1,1
107116,29,65600,3.9,RENT,E,medical,3800,5.67,0.058,8,0,0
107117,24,42200,9.2,MORTGAGE,B,home_improvement,14000,13.37,0.332,6,0,0
107118,24,42300,18.9,RENT,D,education,9700,8.37,0.229,2,1,1
107119,41,67700,3.5,MORTGAGE,B,home_improvement,13200,7.98,0.195,24,0,0
107120,35,32000,0.5,MORTGAGE,D,medical,5000,5.83,0.156,16,0,0
107121,25,37600,2.8,OWN,B,small_business,22600,11.57,0.601,7,0,1
107122,20,52000,2.0,RENT,A,credit_card,27500,14.2,0.529,4,0,0
107123,20,101900,2.8,OWN,F,small_business,8200,10.6,0.08,2,0,1
107124,25,53900,1.3,RENT,E,home_improvement,10100,10.29,0.187,6,0,1
107125,30,53400,5.2,MORTGAGE,B,debt_consolidation,8000,16.98,0.15,9,0,0
107126,30,28800,7.3,RENT,G,small_business,14100,5.66,0.49,12,0,1
107127,30,131000,3.3,MORTGAGE,B,debt_consolidation,12500,17.99,0.095,12,0,0
107128,31,94700,0.4,RENT,C,credit_card,3100,6.62,0.033,14,0,0
107129,22,100800,6.2,RENT,E,debt_consolidation,5100,11.05,0.051,4,1,1
107130,40,23200,5.8,RENT,B,debt_consolidation,10100,12.81,0.435,23,0,1
107131,28,62500,1.7,RENT,C,debt_consolidation,12400,15.02,0.198,11,0,0
107132,31,30800,6.8,OWN,D,debt_consolidation,8800,5.73,0.286,14,0,0
107133,24,78800,5.5,MORTGAGE,A,debt_consolidation,3200,12.09,0.041,6,0,0
107134,31,61500,0.5,MORTGAGE,C,debt_consolidation,11000,9.28,0.179,14,0,0
107135,44,68600,3.3,RENT,B,credit_card,22100,15.07,0.322,27,0,0
107136,22,34700,1.6,RENT,D,credit_card,2300,9.23,0.066,6,0,0
107137,21,29100,6.3,RENT,A,venture,13600,5.4,0.467,8,0,0
107138,23,36200,19.9,RENT,B,medical,22200,12.81,0.613,3,1,0
107139,27,61000,4.2,MORTGAGE,D,debt_consolidation,13600,11.38,0.223,10,0,0
107140,25,45100,2.5,MORTGAGE,A,credit_card,7800,17.89,0.173,7,0,0
107141,22,59200,1.4,RENT,C,credit_card,13300,14.96,0.225,4,0,1
107142,29,29300,0.4,RENT,D,credit_card,7700,8.33,0.263,13,0,0
107143,40,51300,9.1,RENT,D,credit_card,10900,15.0,0.212,22,0,1
107144,28,111000,2.7,MORTGAGE,A,home_improvement,8500,11.85,0.077,8,1,0
107145,28,61900,2.5,RENT,E,home_improvement,8600,14.06,0.139,9,0,0
107146,31,64000,10.9,RENT,D,credit_card,5300,8.77,0.083,14,0,0
107147,34,64300,5.5,RENT,B,small_business,6300,10.13,0.098,14,1,0
107148,39,38900,0.9,RENT,D,debt_consolidation,19800,13.84,0.509,19,0,0
107149,31,126400,1.5,MORTGAGE,D,medical,5800,14.13,0.046,12,0,0
107150,29,62700,12.0,OTHER,C,venture,2800,5.4,0.045,8,0,0
107151,22,56800,7.4,RENT,C,debt_consolidation,40000,13.58,0.704,2,1,1
107152,34,75200,4.8,RENT,D,medical,6400,8.46,0.085,20,0,0
107153,23,86500,1.5,RENT,G,medical,7000,12.34,0.081,4,0,0
107154,23,26000,0.9,MORTGAGE,C,credit_card,6500,5.54,0.25,6,0,0
107155,30,53200,0.2,MORTGAGE,E,debt_consolidation,8200,14.68,0.154,10,1,0
107156,40,176200,3.7,MORTGAGE,D,medical,5300,13.93,0.03,23,1,1
107157,34,128100,2.4,MORTGAGE,E,credit_card,18400,8.53,0.144,15,0,0
107158,29,48600,1.2,OWN,F,debt_consolidation,7300,12.95,0.15,13,0,0
107159,22,76900,9.0,RENT,B,home_improvement,4600,11.37,0.06,3,0,0
107160,40,43100,1.5,RENT,A,credit_card,1700,13.68,0.039,21,0,0
107161,29,62600,5.6,RENT,C,debt_consolidation,14800,6.52,0.236,11,0,0
107162,27,40100,1.9,MORTGAGE,C,venture,6400,7.13,0.16,9,0,0
107163,33,39700,0.7,RENT,C,debt_consolidation,10000,8.87,0.252,15,0,0
107164,26,37200,0.4,OWN,E,credit_card,4900,11.32,0.132,7,0,0
107165,24,130000,4.6,MORTGAGE,F,home_improvement,8500,17.37,0.065,4,0,1
107166,24,39600,2.0,OWN,C,debt_consolidation,8000,12.12,0.202,3,0,0
107167,24,96600,7.2,OWN,D,small_business,13400,14.9,0.139,5,0,0
107168,21,40600,5.3,MORTGAGE,B,home_improvement,8900,8.35,0.219,2,0,1
107169,20,38200,1.5,MORTGAGE,C,credit_card,4400,9.44,0.115,2,0,0
107170,36,63800,0.2,MORTGAGE,A,credit_card,30400,9.07,0.476,18,1,1
107171,34,25200,0.0,RENT,C,venture,10300,10.79,0.409,17,0,1
107172,23,74300,1.9,MORTGAGE,C,education,4800,13.9,0.065,4,0,0
107173,35,47800,1.6,OWN,D,debt_consolidation,9000,10.29,0.188,21,0,0
107174,31,38100,7.4,MORTGAGE,D,credit_card,10000,10.41,0.262,14,0,0
107175,27,33800,0.3,MORTGAGE,B,credit_card,10600,13.59,0.314,9,0,0
107176,20,152400,4.6,RENT,A,education,9900,9.68,0.065,2,0,0
107177,31,50600,3.7,MORTGAGE,A,medical,9300,8.71,0.184,14,0,0
107178,42,49400,13.6,RENT,G,credit_card,13400,10.29,0.271,25,1,0
107179,29,83300,1.0,MORTGAGE,F,education,12100,18.07,0.145,9,0,1
107180,36,32400,1.8,MORTGAGE,B,credit_card,12200,14.67,0.377,18,1,0
107181,28,96200,3.2,MORTGAGE,B,debt_consolidation,3000,18.33,0.031,13,0,0
107182,35,50500,0.7,RENT,C,home_improvement,3100,6.81,0.061,18,0,0
107183,28,24100,2.6,MORTGAGE,D,credit_card,5200,12.9,0.216,12,0,0
107184,20,38500,11.4,RENT,B,home_improvement,7100,10.16,0.184,2,0,0
107185,24,28200,4.4,RENT,A,credit_card,5300,10.37,0.188,2,0,0
107186,30,53900,3.8,RENT,C,medical,4600,5.95,0.085,13,1,0
107187,37,33300,21.8,MORTGAGE,B,venture,9200,16.18,0.276,19,0,0
107188,28,31300,1.1,RENT,B,debt_consolidation,5000,5.66,0.16,10,0,0
107189,29,60500,0.0,RENT,A,credit_card,2200,14.7,0.036,11,0,0
107190,25,52800,4.4,OWN,D,small_business,3800,10.08,0.072,5,0,1
107191,40,100200,4.1,RENT,C,debt_consolidation,5800,8.22,0.058,22,0,1
107192,40,97800,10.8,OWN,B,medical,7000,8.06,0.072,21,0,1
107193,24,53300,1.2,MORTGAGE,C,home_improvement,13300,11.68,0.25,4,0,0
107194,20,67800,4.0,RENT,C,debt_consolidation,10300,10.18,0.152,4,1,1
107195,20,23800,5.5,MORTGAGE,E,education,2700,11.52,0.113,2,0,0
107196,33,75600,0.2,RENT,F,credit_card,18000,5.4,0.238,15,0,0
107197,30,64600,5.5,OWN,A,debt_consolidation,7300,5.4,0.113,10,0,0
107198,24,87100,2.6,RENT,E,debt_consolidation,8400,5.4,0.096,9,1,1
107199,31,43500,6.2,MORTGAGE,D,medical,8700,14.39,0.2,14,0,1
107200,20,43800,2.2,MORTGAGE,D,education,5100,16.71,0.116,2,0,1
107201,35,43900,1.8,MORTGAGE,B,credit_card,11000,10.55,0.251,17,0,0
107202,26,113400,9.6,RENT,B,debt_consolidation,2800,14.18,0.025,8,0,0
107203,21,60200,1.4,MORTGAGE,A,debt_consolidation,16900,12.75,0.281,3,0,0
107204,26,22600,0.6,RENT,G,home_improvement,9000,15.71,0.398,7,0,1
107205,26,73500,0.1,MORTGAGE,C,credit_card,9900,15.84,0.135,7,0,0
107206,32,39900,0.7,RENT,C,credit_card,10800,7.05,0.271,17,0,0
107207,37,93600,17.9,RENT,C,debt_consolidation,6400,12.19,0.068,17,1,0
107208,37,69300,2.3,MORTGAGE,A,credit_card,16300,14.58,0.235,17,0,0
107209,30,102000,2.9,MORTGAGE,A,home_improvement,5400,14.6,0.053,8,0,0
107210,28,91300,4.9,MORTGAGE,D,credit_card,4700,14.26,0.051,9,0,0
107211,25,86300,2.1,MORTGAGE,C,debt_consolidation,8800,11.38,0.102,4,1,1
107212,20,96200,7.5,RENT,E,credit_card,3800,13.94,0.04,6,0,0
107213,29,80700,7.2,MORTGAGE,D,credit_card,5900,6.39,0.073,8,0,0
107214,23,35200,0.9,RENT,C,credit_card,9400,6.56,0.267,3,1,0
107215,38,27500,0.3,MORTGAGE,E,debt_consolidation,12100,16.93,0.44,24,0,1
107216,28,32600,0.2,RENT,A,debt_consolidation,7900,15.42,0.242,12,0,0
107217,34,77000,6.2,RENT,D,credit_card,4900,17.2,0.064,12,0,0
107218,26,15200,3.9,MORTGAGE,D,debt_consolidation,6700,10.95,0.441,8,0,1
107219,24,51100,6.2,OWN,B,home_improvement,5600,7.98,0.11,6,0,0
107220,33,44500,2.3,OWN,B,credit_card,7700,10.83,0.173,13,0,0
107221,31,101000,3.2,MORTGAGE,B,debt_consolidation,5800,18.48,0.057,14,0,0
107222,31,48300,6.7,RENT,B,home_improvement,4700,8.48,0.097,10,0,0
107223,28,42100,4.1,RENT,C,credit_card,4400,10.88,0.105,7,1,0
107224,35,106300,4.9,RENT,A,debt_consolidation,2900,15.88,0.027,19,0,0
107225,34,49000,0.6,MORTGAGE,D,medical,14700,11.79,0.3,17,0,1
107226,20,44800,1.3,RENT,A,credit_card,12000,10.1,0.268,6,0,0
107227,27,39400,0.2,OWN,A,education,4100,14.22,0.104,9,0,0
107228,36,60300,0.6,RENT,B,debt_consolidation,11600,9.78,0.192,21,0,0
107229,22,42900,1.7,RENT,B,education,8300,13.22,0.193,3,0,0
107230,20,43000,1.8,MORTGAGE,G,medical,4000,5.4,0.093,4,0,0
107231,28,114400,0.5,RENT,B,debt_consolidation,4500,5.4,0.039,14,0,0
107232,33,52900,5.6,RENT,B,credit_card,7500,10.66,0.142,13,0,0
107233,26,40300,2.6,MORTGAGE,B,home_improvement,12200,16.3,0.303,4,0,0
107234,38,29800,7.9,OWN,B,credit_card,11200,10.91,0.376,20,0,0
107235,42,57500,1.7,RENT,C,credit_card,6000,11.31,0.104,24,0,0
107236,20,37900,4.4,RENT,E,venture,10400,12.4,0.274,2,0,0
107237,26,42100,0.4,RENT,B,small_business,7400,10.02,0.176,10,0,0
107238,20,32300,0.5,MORTGAGE,D,venture,5400,5.71,0.167,2,0,1
107239,34,57400,2.1,RENT,C,medical,13700,13.98,0.239,16,0,0
107240,24,25200,5.7,MORTGAGE,E,medical,8800,12.46,0.349,4,1,1
107241,26,64600,8.7,MORTGAGE,C,small_business,10700,12.73,0.166,11,0,0
107242,37,38200,8.8,OWN,B,home_improvement,4400,7.49,0.115,21,1,0
107243,20,76400,0.3,MORTGAGE,D,education,6100,17.0,0.08,2,0,0
107244,20,67300,2.2,MORTGAGE,E,home_improvement,12700,9.95,0.189,2,0,0
107245,20,54600,1.8,MORTGAGE,C,debt_consolidation,6900,16.65,0.126,2,0,0
107246,38,82100,8.1,RENT,G,home_improvement,7200,5.4,0.088,17,0,1
107247,36,121300,5.9,RENT,E,debt_consolidation,4500,9.96,0.037,21,0,0
107248,27,103500,5.4,MORTGAGE,B,venture,9000,16.98,0.087,8,0,1
107249,20,25100,9.3,RENT,E,home_improvement,4500,10.99,0.179,8,1,0
107250,35,36900,2.1,RENT,C,credit_card,9900,5.4,0.268,17,1,1
107251,48,39500,3.6,RENT,C,debt_consolidation,4700,8.04,0.119,32,0,0
107252,27,73200,0.9,RENT,C,credit_card,7200,12.51,0.098,9,0,0
107253,21,38700,10.2,RENT,E,credit_card,19300,16.67,0.499,4,0,1
107254,38,37800,3.8,MORTGAGE,C,home_improvement,9900,10.46,0.262,19,0,0
107255,21,34400,1.4,MORTGAGE,C,home_improvement,6700,15.44,0.195,2,0,0
107256,26,60700,9.2,RENT,A,credit_card,13000,12.92,0.214,11,0,0
107257,20,73100,0.9,MORTGAGE,C,debt_consolidation,5400,10.02,0.074,2,0,0
107258,27,26500,0.2,RENT,F,credit_card,4700,14.33,0.177,12,0,0
107259,20,38800,7.6,OTHER,D,credit_card,6600,14.96,0.17,6,0,0
107260,38,18200,1.3,MORTGAGE,A,medical,14800,10.47,0.813,19,0,0
107261,22,13800,2.0,MORTGAGE,E,education,14400,8.91,0.9,2,0,1
107262,34,67300,1.0,MORTGAGE,E,small_business,6200,5.68,0.092,15,0,0
107263,28,61300,6.3,MORTGAGE,C,debt_consolidation,6900,13.0,0.113,6,0,0
107264,30,56700,2.0,RENT,A,debt_consolidation,10200,9.43,0.18,13,0,0
107265,33,123400,9.2,RENT,C,education,30800,13.38,0.25,18,0,0
107266,29,20500,5.0,OWN,A,venture,7100,12.55,0.346,9,0,1
107267,24,16400,1.8,OWN,B,debt_consolidation,17300,12.77,0.9,7,0,0
107268,23,27800,5.0,MORTGAGE,D,small_business,9300,10.91,0.335,5,0,0
107269,33,16100,4.7,MORTGAGE,F,credit_card,13000,6.91,0.807,15,0,1
107270,20,36800,2.1,RENT,B,debt_consolidation,14100,13.2,0.383,2,0,0
107271,41,71000,2.0,MORTGAGE,E,venture,8900,14.52,0.125,24,0,0
107272,30,60700,3.9,RENT,F,education,8000,19.87,0.132,11,0,1
107273,27,90700,0.6,RENT,A,venture,7200,9.36,0.079,9,0,1
107274,31,63200,23.4,OWN,B,debt_consolidation,9800,7.73,0.155,12,0,0
107275,25,41300,0.9,MORTGAGE,D,credit_card,15600,7.3,0.378,7,0,1
107276,28,38600,1.7,OWN,D,education,16800,11.32,0.435,8,0,0
107277,21,65600,3.6,MORTGAGE,B,home_improvement,15800,14.39,0.241,5,0,0
107278,32,22200,1.7,RENT,D,credit_card,6300,14.71,0.284,13,0,0
107279,28,12000,1.5,MORTGAGE,C,credit_card,5900,17.15,0.492,7,0,0
107280,30,63900,0.2,RENT,D,debt_consolidation,5100,12.89,0.08,12,1,1
107281,39,58600,20.8,MORTGAGE,D,home_improvement,8800,7.18,0.15,21,0,0
107282,23,122200,3.5,RENT,A,medical,13500,12.36,0.11,4,0,0
107283,28,75600,6.5,MORTGAGE,A,debt_consolidation,5900,5.4,0.078,7,0,0
107284,20,61100,1.4,MORTGAGE,A,debt_consolidation,7300,10.25,0.119,2,0,0
107285,33,43400,1.0,RENT,F,credit_card,11600,9.97,0.267,15,0,1
107286,29,33000,6.0,RENT,F,credit_card,6800,13.16,0.206,12,0,0
107287,29,44200,3.6,RENT,E,credit_card,7300,13.08,0.165,13,0,0
107288,28,87100,4.4,RENT,A,debt_consolidation,15000,8.84,0.172,11,0,0
107289,25,66500,8.8,OWN,C,small_business,8200,8.95,0.123,8,0,0
107290,46,86100,7.4,RENT,B,debt_consolidation,5500,11.73,0.064,29,1,1
107291,29,54600,0.9,RENT,B,home_improvement,8500,13.22,0.156,10,1,0
107292,31,31400,0.2,RENT,B,credit_card,10300,14.15,0.328,15,0,0
107293,21,97600,0.5,RENT,E,credit_card,32100,9.75,0.329,3,0,1
107294,35,92800,9.7,RENT,A,home_improvement,18700,11.32,0.202,17,0,0
107295,28,57100,0.6,MORTGAGE,D,small_business,40000,7.75,0.701,8,0,1
107296,32,70000,1.6,MORTGAGE,G,home_improvement,4500,7.8,0.064,15,1,1
107297,35,67900,2.6,OWN,D,credit_card,17400,5.4,0.256,18,0,1
107298,28,39800,5.1,RENT,A,credit_card,19000,9.22,0.477,11,0,0
107299,24,44700,1.2,RENT,F,credit_card,8200,16.1,0.183,3,0,0
107300,20,31200,10.5,RENT,D,credit_card,6500,16.6,0.208,3,0,0
107301,26,44600,2.5,MORTGAGE,C,credit_card,12200,13.54,0.274,8,0,0
107302,24,90800,15.0,RENT,D,credit_card,6800,15.12,0.075,4,0,0
107303,21,81800,3.2,RENT,E,debt_consolidation,4300,14.42,0.053,2,0,0
107304,39,70100,6.0,MORTGAGE,C,small_business,3700,12.12,0.053,19,0,0
107305,36,87300,3.0,RENT,C,debt_consolidation,3600,5.4,0.041,19,0,0
107306,20,42200,0.9,MORTGAGE,C,education,9200,19.66,0.218,2,0,1
107307,30,27000,6.3,MORTGAGE,A,home_improvement,11700,10.75,0.433,12,0,0
107308,23,47300,0.9,MORTGAGE,E,debt_consolidation,4700,10.74,0.099,4,0,1
107309,32,49400,17.3,RENT,A,home_improvement,10600,16.76,0.215,14,0,0
107310,23,74700,0.0,MORTGAGE,B,credit_card,10500,12.08,0.141,3,0,0
107311,25,68300,16.2,RENT,B,education,9800,20.57,0.143,3,0,0
107312,36,89800,0.2,RENT,B,education,11800,8.51,0.131,23,0,0
107313,35,17000,4.6,RENT,C,medical,9100,15.23,0.535,17,1,1
107314,40,33200,3.4,RENT,C,credit_card,16900,10.62,0.509,28,0,0
107315,27,49000,22.2,MORTGAGE,B,education,11400,11.86,0.233,9,0,0
107316,20,67100,9.3,MORTGAGE,A,home_improvement,4100,8.33,0.061,2,0,0
107317,35,163100,0.4,MORTGAGE,E,education,22300,9.23,0.137,16,0,1
107318,35,30100,2.7,RENT,G,debt_consolidation,4800,16.15,0.159,18,0,0
107319,33,34900,7.8,RENT,C,education,8000,13.36,0.229,15,0,0
107320,24,40800,9.9,RENT,B,home_improvement,33000,13.02,0.809,3,0,1
107321,22,34200,0.6,OTHER,A,debt_consolidation,10600,5.62,0.31,2,0,0
107322,33,31600,3.0,RENT,A,venture,5200,5.72,0.165,13,0,0
107323,23,52900,1.5,RENT,B,small_business,9800,8.18,0.185,5,0,0
107324,27,88500,5.0,RENT,F,education,10800,10.07,0.122,9,0,1
107325,49,55000,8.0,MORTGAGE,D,debt_consolidation,9100,11.13,0.165,31,0,0
107326,44,32100,2.7,RENT,B,credit_card,6100,12.64,0.19,25,0,0
107327,35,46300,0.2,RENT,F,small_business,4000,15.18,0.086,15,0,0
107328,24,29100,3.4,MORTGAGE,C,debt_consolidation,4300,16.79,0.148,8,0,0
107329,24,88500,2.6,MORTGAGE,B,small_business,5300,12.2,0.06,6,0,0
107330,34,115700,1.1,MORTGAGE,C,home_improvement,16500,8.45,0.143,17,1,0
107331,39,21400,3.7,OWN,B,debt_consolidation,4100,14.13,0.192,23,0,1
107332,25,58500,3.1,OWN,E,small_business,8800,12.16,0.15,3,0,0
107333,26,33600,7.8,MORTGAGE,B,debt_consolidation,17500,13.18,0.521,8,0,0
107334,30,53300,5.6,OWN,D,medical,11600,15.84,0.218,14,0,0
107335,20,49200,0.9,MORTGAGE,B,education,17700,10.1,0.36,2,1,0
107336,20,24600,2.3,RENT,F,credit_card,5900,16.74,0.24,2,0,1
107337,21,100200,1.9,MORTGAGE,D,credit_card,11400,6.37,0.114,2,0,0
107338,33,47400,5.0,MORTGAGE,C,credit_card,15300,14.12,0.323,12,0,0
107339,31,39800,0.5,MORTGAGE,A,credit_card,13600,9.16,0.342,14,0,0
107340,37,54900,8.6,MORTGAGE,F,education,13200,12.31,0.24,19,1,1
107341,20,31900,1.6,MORTGAGE,C,debt_consolidation,4200,12.68,0.132,2,0,0
107342,20,46600,7.0,OWN,B,credit_card,11700,10.24,0.251,2,1,0
107343,32,18800,6.7,RENT,E,debt_consolidation,10600,9.19,0.564,12,0,0
107344,23,14100,4.8,MORTGAGE,A,home_improvement,7500,8.44,0.532,7,0,1
107345,23,30200,3.5,MORTGAGE,B,medical,5800,12.53,0.192,3,1,0
107346,36,38500,3.7,OWN,C,debt_consolidation,10400,13.78,0.27,14,0,0
107347,25,19600,3.0,RENT,B,debt_consolidation,4700,18.05,0.24,7,0,0
107348,26,39200,3.4,RENT,C,debt_consolidation,6400,10.58,0.163,5,0,0
107349,27,38400,12.2,RENT,B,debt_consolidation,13600,5.97,0.354,12,1,1
107350,28,49800,1.5,RENT,A,credit_card,14400,13.2,0.289,10,0,0
107351,34,72200,1.5,RENT,A,medical,10600,5.4,0.147,15,0,0
107352,21,132100,3.8,RENT,A,credit_card,6300,17.27,0.048,2,0,0
107353,28,65200,2.7,RENT,F,debt_consolidation,4400,14.23,0.067,9,1,1
107354,37,30000,1.5,OWN,C,home_improvement,5300,7.87,0.177,18,1,0
107355,44,74400,9.2,RENT,C,medical,16400,5.79,0.22,31,1,0
107356,20,111300,0.6,RENT,B,credit_card,9000,8.4,0.081,4,0,0
107357,31,27800,3.3,MORTGAGE,D,debt_consolidation,7700,13.41,0.277,12,0,0
107358,28,28700,0.6,RENT,A,small_business,8900,8.73,0.31,10,0,0
107359,28,23600,13.6,MORTGAGE,B,debt_consolidation,11800,14.18,0.5,8,0,1
107360,23,37800,2.1,MORTGAGE,D,medical,4600,14.88,0.122,7,1,1
107361,34,63300,0.0,RENT,C,medical,6200,9.44,0.098,9,0,0
107362,34,116500,7.8,MORTGAGE,D,education,11600,14.68,0.1,15,0,0
107363,47,84200,10.0,RENT,E,debt_consolidation,9200,15.85,0.109,27,0,0
107364,20,63700,0.2,RENT,E,debt_consolidation,14900,13.54,0.234,3,0,1
107365,20,52800,0.9,MORTGAGE,B,education,12300,13.46,0.233,2,0,0
107366,43,63900,3.4,RENT,A,credit_card,5300,9.48,0.083,21,0,0
107367,29,66000,3.6,MORTGAGE,A,credit_card,1300,18.81,0.02,10,0,0
107368,26,105500,1.6,MORTGAGE,E,home_improvement,9100,7.97,0.086,8,0,1
107369,30,50900,1.9,RENT,F,debt_consolidation,4600,9.91,0.09,15,0,1
107370,20,59500,11.9,RENT,F,home_improvement,10700,14.88,0.18,2,0,1
107371,32,41200,5.4,MORTGAGE,B,venture,19400,10.15,0.471,13,0,0
107372,28,54900,0.1,RENT,E,home_improvement,4600,10.42,0.084,10,1,0
107373,37,44800,2.7,MORTGAGE,C,credit_card,11600,6.6,0.259,14,0,0
107374,35,26800,3.0,OWN,E,venture,13100,9.81,0.489,15,0,0
107375,36,83300,10.7,MORTGAGE,C,small_business,9800,20.19,0.118,14,1,1
107376,30,116800,3.4,RENT,A,debt_consolidation,9700,10.21,0.083,16,0,0
107377,40,50500,2.3,RENT,A,home_improvement,2600,16.1,0.051,21,0,0
107378,33,61900,4.1,MORTGAGE,F,debt_consolidation,8400,9.7,0.136,16,0,0
107379,25,82800,24.5,MORTGAGE,C,debt_consolidation,8100,7.66,0.098,4,0,0
107380,23,47600,10.0,OWN,B,home_improvement,14400,8.69,0.303,4,0,0
107381,24,57200,1.2,MORTGAGE,B,debt_consolidation,13700,14.11,0.24,5,0,0
107382,33,45700,2.0,RENT,B,debt_consolidation,6100,5.4,0.133,16,0,0
107383,20,38100,6.6,RENT,F,home_improvement,2800,17.64,0.073,2,0,0
107384,30,68700,0.3,OWN,A,debt_consolidation,3400,13.22,0.049,10,0,0
107385,23,68300,3.4,MORTGAGE,A,credit_card,17600,10.15,0.258,2,0,0
107386,20,85600,3.1,OWN,E,debt_consolidation,7800,8.64,0.091,6,0,0
107387,21,51400,1.6,MORTGAGE,C,small_business,3700,9.62,0.072,2,0,0
107388,29,26600,0.6,OWN,A,education,3900,15.64,0.147,10,1,0
107389,34,94800,0.5,MORTGAGE,A,debt_consolidation,9200,5.82,0.097,14,1,0
107390,24,34400,6.7,OWN,B,medical,8700,11.3,0.253,8,0,0
107391,20,34100,3.9,OWN,B,debt_consolidation,20100,15.56,0.589,2,0,0
107392,51,38500,10.3,MORTGAGE,A,debt_consolidation,7800,5.4,0.203,32,0,0
107393,37,19800,3.3,OWN,B,credit_card,10000,9.24,0.505,19,1,1
107394,36,45700,0.3,MORTGAGE,D,debt_consolidation,7900,6.05,0.173,20,0,0
107395,40,72400,4.5,MORTGAGE,E,debt_consolidation,12700,6.86,0.175,21,0,0
107396,30,40600,7.8,MORTGAGE,E,small_business,21300,12.28,0.525,12,1,1
107397,28,107600,1.3,MORTGAGE,B,medical,13600,13.84,0.126,9,0,1
107398,38,104000,6.8,MORTGAGE,B,venture,24000,10.02,0.231,19,0,0
107399,38,84000,8.0,MORTGAGE,G,education,10900,6.1,0.13,23,1,0
107400,33,17800,4.3,RENT,D,credit_card,3400,8.38,0.191,13,0,1
107401,35,113400,7.1,MORTGAGE,C,debt_consolidation,5200,12.93,0.046,17,0,0
107402,20,45200,2.5,OWN,B,debt_consolidation,12700,11.37,0.281,2,0,0
107403,27,129700,0.7,MORTGAGE,B,credit_card,7100,7.25,0.055,10,0,0
107404,41,37000,1.4,RENT,C,education,8100,9.74,0.219,22,0,1
107405,35,47700,7.7,MORTGAGE,C,debt_consolidation,5200,14.31,0.109,17,0,0
107406,20,54100,4.1,MORTGAGE,A,debt_consolidation,17900,12.22,0.331,2,0,0
107407,25,30900,0.3,MORTGAGE,F,credit_card,18800,7.74,0.608,4,0,1
107408,40,21100,9.6,MORTGAGE,C,education,7100,12.42,0.336,21,0,1
107409,32,13800,4.5,MORTGAGE,C,credit_card,7200,9.48,0.522,10,1,1
107410,30,261500,0.8,MORTGAGE,B,small_business,16300,9.17,0.062,12,0,0
107411,30,20600,3.9,RENT,D,credit_card,14400,11.98,0.699,10,0,0
107412,28,20700,4.6,RENT,D,credit_card,3300,7.55,0.159,9,0,0
107413,25,70600,2.1,OWN,A,credit_card,11800,9.91,0.167,7,0,0
107414,23,23600,4.3,OWN,C,small_business,10600,15.27,0.449,5,0,0
107415,36,21300,19.9,RENT,D,small_business,9000,20.39,0.423,13,0,1
107416,31,12000,4.3,OWN,E,credit_card,5000,5.4,0.417,12,0,1
107417,34,60500,3.9,MORTGAGE,B,debt_consolidation,5100,8.34,0.084,16,0,0
107418,33,28600,8.3,RENT,E,debt_consolidation,1500,15.57,0.052,18,0,1
107419,39,73400,5.5,MORTGAGE,C,debt_consolidation,5600,6.98,0.076,26,0,0
107420,32,49400,3.9,RENT,A,debt_consolidation,2700,11.04,0.055,17,0,0
107421,35,54000,5.2,RENT,A,debt_consolidation,6000,17.97,0.111,15,0,0
107422,30,40200,10.9,OWN,B,small_business,10100,8.88,0.251,13,0,0
107423,22,44300,1.1,MORTGAGE,B,medical,4300,10.6,0.097,6,0,0
107424,27,31500,5.5,RENT,C,small_business,16900,6.86,0.537,10,0,1
107425,33,33200,0.3,MORTGAGE,D,small_business,23800,13.97,0.717,14,1,0
107426,34,28200,2.4,MORTGAGE,B,venture,9200,5.4,0.326,16,0,0
107427,39,118500,1.2,MORTGAGE,G,venture,11300,9.01,0.095,21,1,1
107428,26,41400,1.8,RENT,A,debt_consolidation,3300,6.83,0.08,6,1,1
107429,31,14800,4.7,RENT,C,debt_consolidation,9000,10.34,0.608,13,0,0
107430,28,59400,0.9,MORTGAGE,F,debt_consolidation,3700,18.18,0.062,7,0,1
107431,40,33100,1.9,MORTGAGE,E,education,3100,12.89,0.094,26,0,0
107432,32,50300,0.1,OWN,D,debt_consolidation,4000,12.36,0.08,13,0,0
107433,32,44400,2.2,RENT,D,credit_card,7400,12.56,0.167,15,0,0
107434,29,117000,5.2,OWN,A,credit_card,7900,11.42,0.068,11,0,0
107435,27,41700,11.1,OTHER,A,home_improvement,7800,16.12,0.187,9,1,0
107436,20,80700,4.2,RENT,C,home_improvement,4300,14.29,0.053,3,0,0
107437,20,76200,0.8,RENT,A,medical,8600,6.82,0.113,4,0,0
107438,30,24300,2.9,MORTGAGE,B,home_improvement,5500,15.01,0.226,12,1,0
107439,29,57100,1.6,OWN,B,medical,8700,12.35,0.152,12,0,0
107440,30,34000,1.7,RENT,F,debt_consolidation,7100,13.14,0.209,13,0,1
107441,36,26500,1.8,RENT,E,medical,3000,5.4,0.113,15,1,1
107442,30,26600,2.0,MORTGAGE,E,home_improvement,5600,11.5,0.211,12,0,0
107443,27,81000,2.3,MORTGAGE,D,debt_consolidation,10900,11.0,0.135,8,0,0
107444,28,220500,1.4,RENT,A,venture,12900,9.01,0.059,11,0,0
107445,31,33100,0.3,RENT,A,education,4100,15.36,0.124,14,0,0
107446,26,58000,5.3,RENT,D,medical,5300,5.61,0.091,8,0,0
107447,36,61100,2.7,OWN,D,education,6300,22.4,0.103,19,0,0
107448,29,38500,2.6,MORTGAGE,B,credit_card,15400,7.48,0.4,11,1,0
107449,31,111800,5.1,MORTGAGE,C,debt_consolidation,10500,13.19,0.094,12,0,0
107450,23,172500,0.2,OWN,C,debt_consolidation,4000,12.27,0.023,7,0,0
107451,36,37100,2.0,MORTGAGE,B,education,10600,15.71,0.286,19,0,0
107452,39,133800,1.3,OWN,B,medical,16300,17.52,0.122,25,1,0
107453,20,38200,2.0,RENT,C,venture,9100,9.93,0.238,2,0,0
107454,32,30200,3.2,RENT,C,medical,5300,12.13,0.175,13,0,0
107455,28,47700,2.5,RENT,F,home_improvement,12900,9.96,0.27,6,1,1
107456,31,83100,5.2,RENT,C,debt_consolidation,9000,8.02,0.108,18,0,0
107457,32,48700,3.3,MORTGAGE,D,debt_consolidation,7100,11.62,0.146,15,0,0
107458,20,77300,18.5,MORTGAGE,E,credit_card,13200,11.4,0.171,4,0,0
107459,34,58400,0.9,RENT,A,small_business,8100,11.54,0.139,19,1,0
107460,37,108500,7.2,MORTGAGE,D,debt_consolidation,8500,10.14,0.078,19,0,0
107461,38,69000,5.7,MORTGAGE,C,education,13000,12.73,0.188,19,1,0
107462,22,119600,4.5,MORTGAGE,C,small_business,6200,14.31,0.052,6,0,0
107463,29,32200,2.8,RENT,A,debt_consolidation,4300,7.16,0.134,11,0,0
107464,25,46100,17.7,OTHER,F,education,9700,13.72,0.21,3,0,0
107465,20,51500,12.6,MORTGAGE,F,home_improvement,19100,17.12,0.371,5,0,0
107466,25,32200,3.5,MORTGAGE,A,small_business,2300,6.91,0.071,5,0,0
107467,21,29600,3.4,MORTGAGE,B,credit_card,12100,12.06,0.409,2,0,0
107468,31,63600,1.5,MORTGAGE,B,credit_card,8300,13.14,0.131,15,0,0
107469,20,74300,0.4,RENT,E,debt_consolidation,6000,14.32,0.081,2,0,0
107470,22,54800,5.3,MORTGAGE,C,credit_card,5700,14.73,0.104,4,0,1
107471,25,92300,5.0,RENT,A,small_business,13300,15.84,0.144,7,1,0
107472,34,28100,5.7,OWN,E,venture,11800,11.99,0.42,18,0,1
107473,48,41600,5.0,RENT,B,education,4600,7.91,0.111,31,0,1
107474,31,26900,5.6,RENT,C,debt_consolidation,9600,10.21,0.357,14,0,0
107475,22,55600,2.2,MORTGAGE,B,venture,17200,16.7,0.309,6,0,0
107476,24,67400,0.8,MORTGAGE,C,debt_consolidation,11900,8.33,0.177,9,0,0
107477,34,107800,1.4,MORTGAGE,C,debt_consolidation,3200,13.37,0.03,15,0,1
107478,20,27000,2.6,MORTGAGE,B,small_business,11600,14.54,0.43,2,1,0
107479,37,63200,0.0,MORTGAGE,C,education,4100,13.7,0.065,17,0,0
107480,31,113500,3.4,OWN,F,venture,9100,14.85,0.08,14,0,1
107481,28,29700,1.4,MORTGAGE,C,medical,5400,11.39,0.182,9,0,0
107482,20,26100,2.1,MORTGAGE,F,debt_consolidation,10100,11.13,0.387,2,0,0
107483,35,22900,5.7,OWN,C,debt_consolidation,5600,18.04,0.245,19,0,1
107484,24,72700,20.4,RENT,D,debt_consolidation,4600,18.6,0.063,7,0,0
107485,30,34600,5.3,RENT,B,home_improvement,9600,16.71,0.277,15,0,0
107486,28,67000,5.1,RENT,E,credit_card,8600,13.48,0.128,11,1,1
107487,20,45800,0.5,MORTGAGE,B,debt_consolidation,12700,9.43,0.277,3,0,0
107488,27,138800,2.6,MORTGAGE,A,credit_card,6100,11.99,0.044,8,0,1
107489,21,79500,1.4,RENT,A,credit_card,3500,11.03,0.044,2,0,0
107490,24,33100,2.2,RENT,A,small_business,11800,15.46,0.356,5,0,0
107491,32,43600,4.0,RENT,F,credit_card,18000,12.91,0.413,13,0,1
107492,34,79500,6.2,MORTGAGE,G,debt_consolidation,5900,13.6,0.074,13,0,0
107493,29,28600,3.7,RENT,D,home_improvement,10600,11.38,0.371,11,0,0
107494,23,98700,1.2,MORTGAGE,A,small_business,6800,5.4,0.069,7,1,0
107495,24,44900,7.9,OWN,E,debt_consolidation,23500,16.22,0.523,5,1,0
107496,24,80400,0.5,MORTGAGE,D,debt_consolidation,6100,11.27,0.076,7,0,0
107497,20,46300,5.1,MORTGAGE,B,venture,7900,14.99,0.171,2,0,0
107498,30,38600,0.8,OTHER,C,small_business,2700,10.28,0.07,12,0,0
107499,20,35300,7.3,MORTGAGE,D,debt_consolidation,19200,17.34,0.544,2,1,1
107500,30,133600,8.5,MORTGAGE,A,credit_card,6000,9.57,0.045,13,1,0
107501,20,43800,1.7,MORTGAGE,C,home_improvement,16600,11.24,0.379,3,0,0
107502,21,280500,6.4,MORTGAGE,D,debt_consolidation,5600,11.56,0.02,6,0,0
107503,34,56000,7.4,RENT,B,debt_consolidation,7800,6.07,0.139,15,0,0
107504,29,32300,12.1,RENT,C,venture,5300,12.98,0.164,11,0,0
107505,20,21500,3.0,MORTGAGE,C,credit_card,4800,14.48,0.223,4,0,0
107506,25,101500,0.5,OWN,D,debt_consolidation,6900,13.01,0.068,6,0,1
107507,31,46300,3.0,MORTGAGE,F,medical,7500,19.84,0.162,14,0,1
107508,25,81000,1.3,RENT,E,credit_card,6600,8.29,0.081,6,0,0
107509,27,184800,2.9,MORTGAGE,D,home_improvement,3500,5.4,0.019,10,0,0
107510,31,74400,0.6,MORTGAGE,C,debt_consolidation,9500,7.21,0.128,14,0,1
107511,29,62000,3.2,MORTGAGE,C,debt_consolidation,2800,11.8,0.045,14,0,0
107512,22,101200,3.2,MORTGAGE,C,debt_consolidation,6700,15.82,0.066,2,1,1
107513,29,80200,0.3,RENT,A,venture,3400,12.13,0.042,12,0,1
107514,27,25700,2.1,RENT,D,home_improvement,13300,9.72,0.518,9,0,0
107515,41,107300,12.0,OWN,D,medical,16000,16.89,0.149,20,0,0
107516,28,50200,1.3,RENT,C,debt_consolidation,11200,11.08,0.223,9,0,1
107517,30,120300,4.1,OWN,E,small_business,6200,6.55,0.052,11,0,0
107518,31,68100,6.8,RENT,D,credit_card,5400,15.1,0.079,14,0,1
107519,27,99200,3.0,OTHER,B,home_improvement,7000,13.82,0.071,7,0,0
107520,24,45500,1.2,RENT,A,credit_card,7900,12.36,0.174,6,0,0
107521,32,22400,4.7,MORTGAGE,A,home_improvement,10600,17.34,0.473,14,0,0
107522,32,70300,23.9,MORTGAGE,B,debt_consolidation,10100,11.12,0.144,15,0,0
107523,44,88200,5.5,MORTGAGE,C,debt_consolidation,2600,12.51,0.029,25,1,0
107524,34,37900,5.4,MORTGAGE,A,medical,11700,7.99,0.309,13,0,0
107525,34,46100,6.0,RENT,B,debt_consolidation,10000,8.97,0.217,18,0,0
107526,34,15200,0.1,RENT,B,debt_consolidation,5300,9.79,0.349,15,1,0
107527,24,47300,5.0,RENT,E,education,4800,14.0,0.101,8,0,1
107528,20,25900,0.7,MORTGAGE,D,debt_consolidation,8400,9.07,0.324,2,0,1
107529,22,68500,7.1,MORTGAGE,B,home_improvement,8900,11.15,0.13,4,0,0
107530,34,62000,3.5,RENT,A,medical,4400,10.7,0.071,17,0,0
107531,39,52000,2.9,MORTGAGE,A,small_business,8400,11.31,0.162,22,1,0
107532,34,106700,0.8,RENT,A,debt_consolidation,9000,8.75,0.084,16,0,0
107533,28,58800,1.2,RENT,B,credit_card,13000,10.75,0.221,9,0,0
107534,41,57300,2.6,RENT,A,credit_card,7600,7.35,0.133,23,0,0
107535,26,61500,1.2,MORTGAGE,B,credit_card,2700,11.36,0.044,4,0,0
107536,21,37400,22.4,RENT,F,small_business,9300,11.4,0.249,5,1,1
107537,31,88900,1.2,OWN,C,venture,3200,11.76,0.036,11,1,1
107538,38,31100,12.7,MORTGAGE,E,debt_consolidation,5100,13.51,0.164,19,0,1
107539,23,65000,2.9,MORTGAGE,A,debt_consolidation,3900,18.01,0.06,4,0,0
107540,20,100700,10.6,RENT,B,small_business,10600,5.53,0.105,3,0,0
107541,29,29300,5.7,MORTGAGE,F,credit_card,4500,10.16,0.154,11,0,0
107542,34,24600,4.0,OWN,B,medical,14000,8.21,0.569,17,0,0
107543,20,29000,14.3,MORTGAGE,D,debt_consolidation,4300,12.62,0.148,3,0,0
107544,36,140000,7.1,RENT,G,debt_consolidation,2700,14.05,0.019,16,0,0
107545,20,36900,5.9,RENT,C,small_business,6700,7.13,0.182,2,0,0
107546,34,26600,0.7,RENT,B,venture,3900,12.65,0.147,15,0,0
107547,20,63000,6.6,RENT,C,debt_consolidation,16700,14.62,0.265,3,1,1
107548,20,12000,4.0,MORTGAGE,A,education,5600,13.03,0.467,3,0,1
107549,33,30500,1.5,RENT,A,credit_card,15300,10.28,0.502,16,0,0
107550,38,112200,0.2,MORTGAGE,A,debt_consolidation,6800,13.93,0.061,19,0,0
107551,29,30500,1.6,MORTGAGE,E,credit_card,9900,10.58,0.325,13,0,1
107552,46,44600,5.8,MORTGAGE,D,debt_consolidation,6100,14.76,0.137,29,0,0
107553,22,60600,1.2,OWN,B,small_business,30000,12.77,0.495,3,0,1
107554,22,60600,0.9,RENT,B,debt_consolidation,4300,10.82,0.071,3,0,0
107555,27,38400,11.7,RENT,D,credit_card,1500,6.97,0.039,11,0,0
107556,27,69600,0.8,MORTGAGE,F,debt_consolidation,9300,11.56,0.134,12,0,0
107557,31,114200,2.0,MORTGAGE,B,medical,4600,7.64,0.04,10,1,0
107558,24,28700,15.2,MORTGAGE,B,education,9100,7.59,0.317,7,0,0
107559,33,39500,4.9,OWN,E,credit_card,7800,10.25,0.197,12,1,0
107560,33,48600,1.9,MORTGAGE,E,credit_card,6100,11.23,0.126,14,0,0
107561,40,75700,0.7,OWN,F,venture,6500,7.2,0.086,23,1,0
107562,26,52500,4.0,RENT,B,debt_consolidation,10100,10.91,0.192,8,0,1
107563,31,48100,2.7,RENT,A,medical,6600,10.64,0.137,11,1,0
107564,33,22000,5.6,RENT,C,credit_card,7500,9.34,0.341,14,1,0
107565,29,27600,6.7,MORTGAGE,B,education,6200,10.58,0.225,13,0,0
107566,28,57300,0.8,RENT,E,debt_consolidation,19800,13.82,0.346,10,0,1
107567,20,38800,5.2,RENT,A,debt_consolidation,16700,10.1,0.43,2,0,0
107568,30,42700,3.4,OWN,D,debt_consolidation,3600,13.59,0.084,14,1,0
107569,33,49800,7.2,RENT,F,debt_consolidation,8100,11.21,0.163,17,0,1
107570,29,186800,4.5,RENT,G,debt_consolidation,5200,15.17,0.028,10,1,1
107571,24,39200,2.3,RENT,D,venture,4100,14.42,0.105,7,1,1
107572,20,110500,13.6,RENT,F,debt_consolidation,1400,10.74,0.013,2,0,0
107573,32,106100,0.4,RENT,A,debt_consolidation,6800,9.05,0.064,14,0,0
107574,29,80200,0.3,RENT,B,debt_consolidation,7100,13.25,0.089,8,0,0
107575,39,32300,3.0,RENT,A,credit_card,17100,9.61,0.529,20,0,0
107576,20,55600,0.8,MORTGAGE,G,credit_card,14400,5.86,0.259,2,0,1
107577,26,41600,0.3,RENT,F,debt_consolidation,10600,14.15,0.255,6,0,1
107578,20,156000,0.1,MORTGAGE,A,medical,12200,9.3,0.078,2,0,0
107579,36,64600,13.6,MORTGAGE,A,medical,12900,5.4,0.2,15,1,0
107580,38,45800,7.4,MORTGAGE,B,debt_consolidation,10600,11.22,0.231,21,0,0
107581,42,137500,1.3,OWN,B,medical,17400,14.87,0.127,27,0,0
107582,33,42500,14.1,MORTGAGE,E,credit_card,4000,9.38,0.094,13,1,0
107583,35,69800,1.5,RENT,A,credit_card,6200,10.25,0.089,14,0,0
107584,32,75800,4.0,RENT,E,education,5700,13.3,0.075,15,0,0
107585,33,62400,3.1,RENT,C,education,6000,9.86,0.096,15,0,0
107586,29,48600,0.0,MORTGAGE,B,credit_card,7500,11.13,0.154,12,0,1
107587,33,81700,3.9,MORTGAGE,A,credit_card,19900,14.72,0.244,16,0,0
107588,44,36400,19.2,RENT,G,debt_consolidation,13300,13.94,0.365,26,0,0
107589,31,95100,1.5,RENT,C,credit_card,15900,12.31,0.167,16,0,0
107590,29,44100,0.0,OWN,C,small_business,7800,5.5,0.177,14,0,0
107591,30,107600,11.8,MORTGAGE,B,debt_consolidation,7600,13.6,0.071,16,0,0
107592,28,91600,0.0,RENT,F,education,11100,10.08,0.121,14,0,0
107593,31,69700,5.9,OWN,E,small_business,10300,13.26,0.148,12,0,0
107594,28,49000,7.5,MORTGAGE,E,debt_consolidation,10300,6.04,0.21,12,0,1
107595,37,94500,1.7,MORTGAGE,C,education,29000,14.88,0.307,19,1,1
107596,36,70600,6.0,MORTGAGE,E,small_business,11200,8.47,0.159,14,0,0
107597,44,12000,0.9,MORTGAGE,B,debt_consolidation,5300,13.05,0.442,27,0,1
107598,29,32900,13.4,RENT,D,credit_card,5500,14.86,0.167,10,0,0
107599,31,56500,0.3,OTHER,C,education,12900,12.91,0.228,13,0,0
107600,31,60100,2.0,MORTGAGE,C,venture,12300,12.89,0.205,11,0,0
107601,30,76000,0.2,MORTGAGE,G,debt_consolidation,13900,11.82,0.183,15,0,1
107602,37,120800,0.3,MORTGAGE,G,home_improvement,10800,7.11,0.089,17,0,0
107603,20,71200,2.2,OTHER,C,education,4600,16.27,0.065,2,0,0
107604,32,16400,0.3,RENT,C,venture,18900,15.44,0.9,16,1,1
107605,43,57500,2.2,RENT,E,debt_consolidation,17000,10.12,0.296,26,0,0
107606,39,100600,0.9,MORTGAGE,G,credit_card,6600,5.4,0.066,25,0,0
107607,38,54800,8.8,RENT,D,education,9900,15.12,0.181,22,0,0
107608,35,57600,0.6,MORTGAGE,A,debt_consolidation,9000,5.4,0.156,19,1,0
107609,25,39300,2.0,MORTGAGE,B,credit_card,6600,13.42,0.168,5,0,1
107610,24,86900,12.0,RENT,E,home_improvement,4300,8.88,0.049,7,0,0
107611,24,42400,4.9,RENT,D,credit_card,11100,13.23,0.262,10,0,1
107612,21,71400,4.3,MORTGAGE,D,small_business,3600,7.87,0.05,2,0,1
107613,36,65200,1.7,RENT,D,debt_consolidation,5800,11.52,0.089,18,0,0
107614,39,53100,0.9,RENT,C,medical,20800,5.4,0.392,21,0,0
107615,32,67300,0.8,RENT,C,debt_consolidation,10200,11.55,0.152,15,0,0
107616,35,57600,7.7,RENT,E,medical,10000,11.48,0.174,19,0,0
107617,31,104000,7.6,MORTGAGE,B,credit_card,6900,14.08,0.066,13,1,0
107618,33,74800,7.0,OTHER,D,debt_consolidation,3400,9.78,0.045,19,0,0
107619,20,91300,12.3,MORTGAGE,D,venture,10200,12.52,0.112,2,0,0
107620,31,33900,9.6,MORTGAGE,E,medical,10700,10.07,0.316,8,0,0
107621,26,32700,0.7,RENT,B,credit_card,12500,13.13,0.382,8,1,0
107622,29,53300,13.2,OTHER,D,debt_consolidation,6500,12.91,0.122,14,0,0
107623,31,77800,0.3,OWN,A,home_improvement,6500,14.67,0.084,13,0,0
107624,24,69000,0.9,MORTGAGE,A,venture,11100,7.28,0.161,5,0,0
107625,21,34100,6.0,RENT,C,debt_consolidation,4100,11.17,0.12,2,0,0
107626,24,79200,2.2,RENT,A,venture,12700,12.52,0.16,5,1,0
107627,20,36500,6.9,RENT,F,debt_consolidation,7400,18.05,0.203,2,0,1
107628,21,74700,2.5,RENT,F,small_business,9500,18.64,0.127,3,0,1
107629,22,60300,1.3,RENT,A,credit_card,28800,6.61,0.478,4,0,0
107630,20,45500,2.7,OWN,E,debt_consolidation,7000,9.29,0.154,3,0,0
107631,33,38400,3.6,RENT,C,education,8700,5.4,0.227,14,1,0
107632,23,55500,8.5,RENT,D,debt_consolidation,8200,19.41,0.148,3,0,0
107633,20,53900,2.7,OWN,E,venture,2700,12.64,0.05,2,0,0
107634,26,29000,0.4,OWN,C,debt_consolidation,11300,13.59,0.39,8,0,1
107635,21,71800,0.3,RENT,A,debt_consolidation,2200,10.36,0.031,2,1,0
107636,39,97400,2.9,RENT,A,education,12300,11.49,0.126,22,0,0
107637,30,82700,0.1,MORTGAGE,C,home_improvement,5500,15.57,0.067,9,1,0
107638,20,61300,2.0,OWN,F,debt_consolidation,5400,7.73,0.088,3,0,1
107639,33,40200,7.6,MORTGAGE,C,home_improvement,7900,7.44,0.197,14,1,0
107640,30,55300,0.1,RENT,B,debt_consolidation,3900,10.63,0.071,10,0,0
107641,27,47900,6.5,MORTGAGE,A,education,7600,11.54,0.159,15,0,0
107642,40,55200,12.6,MORTGAGE,F,debt_consolidation,4400,13.5,0.08,22,1,0
107643,22,86300,0.8,RENT,B,credit_card,4000,11.57,0.046,6,0,1
107644,36,48600,2.5,RENT,D,debt_consolidation,7200,8.46,0.148,18,1,0
107645,26,18800,4.7,MORTGAGE,D,small_business,15900,10.13,0.846,11,0,1
107646,29,80000,0.2,MORTGAGE,B,education,12100,12.14,0.151,12,0,0
107647,24,64100,8.3,RENT,A,medical,6000,13.88,0.094,5,0,0
107648,24,56000,12.1,MORTGAGE,B,credit_card,7400,15.1,0.132,8,1,1
107649,26,27000,5.9,MORTGAGE,B,debt_consolidation,6000,10.51,0.222,10,1,0
107650,20,32600,1.5,RENT,D,debt_consolidation,4200,8.95,0.129,2,0,0
107651,31,34800,3.2,RENT,E,education,4600,8.27,0.132,13,0,0
107652,30,37400,5.4,RENT,B,debt_consolidation,9400,15.7,0.251,16,0,1
107653,20,39400,0.2,OTHER,C,home_improvement,5400,9.93,0.137,2,0,0
107654,34,26900,7.1,RENT,A,credit_card,7800,8.75,0.29,18,0,0
107655,39,168300,5.3,MORTGAGE,B,venture,4600,12.1,0.027,23,1,0
107656,24,117700,8.1,MORTGAGE,D,credit_card,12500,17.31,0.106,8,0,0
107657,24,60000,0.8,OWN,E,credit_card,11500,8.17,0.192,8,1,1
107658,37,50600,7.5,OTHER,D,education,19100,13.63,0.377,14,0,0
107659,32,140700,6.3,OWN,A,venture,17100,9.86,0.122,13,0,0
107660,28,125900,1.8,MORTGAGE,C,home_improvement,4900,11.9,0.039,9,0,0
107661,35,34300,8.6,RENT,C,medical,5000,14.42,0.146,18,0,0
107662,31,59100,0.6,RENT,G,home_improvement,9800,15.88,0.166,11,0,0
107663,39,46600,0.7,RENT,D,credit_card,5000,9.59,0.107,21,0,0
107664,29,44400,2.8,MORTGAGE,F,debt_consolidation,9200,14.2,0.207,8,0,0
107665,32,47100,17.8,RENT,A,small_business,6700,12.35,0.142,10,0,0
107666,37,49200,4.5,RENT,C,small_business,13400,12.95,0.272,24,0,1
107667,20,57900,7.3,RENT,D,debt_consolidation,13600,15.95,0.235,2,0,0
107668,37,58000,1.8,MORTGAGE,B,debt_consolidation,6800,8.94,0.117,22,0,0
107669,25,113700,7.3,RENT,D,small_business,3000,14.29,0.026,9,0,1
107670,32,33100,2.9,RENT,C,debt_consolidation,14100,12.06,0.426,13,0,0
107671,41,87700,10.0,MORTGAGE,G,small_business,5800,15.76,0.066,26,0,0
107672,27,28500,6.8,MORTGAGE,A,small_business,8000,12.98,0.281,7,0,0
107673,26,58700,1.9,OWN,F,credit_card,7500,10.96,0.128,8,0,0
107674,29,91500,0.0,MORTGAGE,C,debt_consolidation,10000,14.64,0.109,12,1,0
107675,20,70500,21.5,MORTGAGE,C,credit_card,5800,9.46,0.082,2,0,1
107676,44,43300,5.9,RENT,C,credit_card,4400,10.06,0.102,26,0,0
107677,29,60300,6.4,RENT,B,home_improvement,8800,8.8,0.146,7,0,0
107678,41,127900,1.8,MORTGAGE,F,small_business,12800,9.24,0.1,25,1,0
107679,27,37200,1.8,RENT,F,education,7600,5.4,0.204,11,1,1
107680,29,70400,0.6,MORTGAGE,G,debt_consolidation,7600,9.66,0.108,10,1,0
107681,36,87600,21.2,OWN,G,small_business,4200,11.24,0.048,20,0,1
107682,21,41600,9.9,RENT,D,debt_consolidation,10800,14.24,0.26,4,0,0
107683,28,133800,9.8,MORTGAGE,C,medical,11200,8.18,0.084,12,1,0
107684,35,161200,6.3,RENT,E,debt_consolidation,7600,9.7,0.047,19,1,0
107685,28,94100,2.5,RENT,A,credit_card,4700,10.87,0.05,9,1,0
107686,26,94200,3.4,RENT,E,credit_card,8500,14.26,0.09,12,0,0
107687,37,19900,1.6,MORTGAGE,C,debt_consolidation,8900,12.15,0.447,17,0,0
107688,39,24900,4.1,OTHER,D,venture,7900,12.85,0.317,15,0,0
107689,40,49200,1.8,RENT,B,debt_consolidation,4500,14.68,0.091,17,0,0
107690,24,35900,1.6,MORTGAGE,B,debt_consolidation,9300,13.31,0.259,7,0,0
107691,25,72700,3.9,RENT,A,home_improvement,8900,9.33,0.122,2,0,0
107692,26,12000,0.5,RENT,C,credit_card,10200,17.66,0.85,7,1,1
107693,34,72500,5.4,MORTGAGE,C,debt_consolidation,7500,5.4,0.103,18,0,0
107694,21,46800,1.4,MORTGAGE,B,debt_consolidation,16400,14.73,0.35,2,0,0
107695,21,38300,2.7,MORTGAGE,B,debt_consolidation,8100,13.08,0.211,3,1,0
107696,24,147100,1.5,OWN,C,education,17500,15.98,0.119,6,0,0
107697,22,43500,2.9,RENT,B,credit_card,9200,10.66,0.211,2,1,0
107698,35,21200,1.5,MORTGAGE,E,debt_consolidation,4300,9.71,0.203,18,0,1
107699,35,66300,12.4,RENT,A,credit_card,12800,7.53,0.193,17,0,0
107700,26,63600,1.9,MORTGAGE,C,education,6600,7.67,0.104,9,0,0
107701,28,46800,1.4,RENT,A,education,6300,10.9,0.135,10,1,0
107702,20,187800,0.0,RENT,C,debt_consolidation,14300,8.47,0.076,2,0,0
107703,26,57800,3.4,MORTGAGE,C,home_improvement,4100,8.94,0.071,9,0,0
107704,38,90100,3.2,RENT,D,debt_consolidation,3100,7.68,0.034,23,1,1
107705,25,61600,3.0,MORTGAGE,C,debt_consolidation,7200,15.22,0.117,10,1,1
107706,21,103700,5.4,OTHER,C,education,9600,8.9,0.093,4,1,0
107707,39,43000,3.7,RENT,B,education,13100,12.95,0.305,23,0,0
107708,21,28700,5.9,MORTGAGE,C,debt_consolidation,8800,11.05,0.307,2,0,0
107709,40,78500,4.6,OWN,B,education,2300,12.75,0.029,21,1,0
107710,49,60800,3.7,MORTGAGE,D,small_business,4800,10.56,0.079,32,1,1
107711,28,79800,2.6,RENT,C,medical,4100,14.29,0.051,10,1,1
107712,38,36700,6.1,MORTGAGE,D,medical,2900,13.71,0.079,21,1,0
107713,20,67100,2.1,MORTGAGE,C,credit_card,7400,15.85,0.11,5,1,1
107714,20,21400,6.7,MORTGAGE,B,venture,10700,9.12,0.5,2,0,0
107715,23,39600,7.2,MORTGAGE,B,debt_consolidation,13800,8.45,0.348,2,1,0
107716,35,35000,1.8,RENT,A,credit_card,10600,10.1,0.303,15,0,1
107717,29,67700,5.4,MORTGAGE,C,debt_consolidation,6000,11.91,0.089,11,0,0
107718,28,39500,4.8,RENT,E,medical,14700,13.4,0.372,9,0,0
107719,20,24200,4.5,OWN,D,debt_consolidation,7200,9.24,0.298,2,0,0
107720,28,37700,1.2,MORTGAGE,C,credit_card,8400,12.22,0.223,10,0,0
107721,24,71600,10.6,OWN,B,medical,5600,10.84,0.078,5,0,0
107722,23,55400,0.1,RENT,E,debt_consolidation,7100,10.54,0.128,6,0,0
107723,22,34200,5.9,RENT,A,debt_consolidation,6400,11.47,0.187,7,0,0
107724,30,81800,4.1,RENT,B,debt_consolidation,3800,16.9,0.046,14,0,0
107725,24,121900,11.2,RENT,E,small_business,11500,14.35,0.094,4,0,0
107726,29,85000,2.0,RENT,B,debt_consolidation,8900,15.28,0.105,10,0,0
107727,20,14500,0.2,MORTGAGE,A,credit_card,12500,12.8,0.862,2,0,0
107728,33,58700,0.1,RENT,B,credit_card,5500,17.84,0.094,17,0,0
107729,31,47700,2.9,OWN,C,venture,11900,14.7,0.249,13,0,0
107730,27,16800,1.5,RENT,A,medical,3400,6.37,0.202,12,0,0
107731,30,25300,6.2,RENT,D,debt_consolidation,10900,14.12,0.431,13,1,1
107732,36,80000,4.8,MORTGAGE,C,education,11800,12.72,0.148,17,0,0
107733,20,57100,5.5,RENT,B,medical,4600,13.74,0.081,2,0,1
107734,29,53900,6.9,MORTGAGE,B,small_business,15000,6.1,0.278,12,1,1
107735,20,36000,4.8,MORTGAGE,E,credit_card,19100,6.23,0.531,6,0,1
107736,30,93500,7.1,MORTGAGE,B,debt_consolidation,5900,11.16,0.063,14,0,0
107737,27,26200,2.1,MORTGAGE,D,small_business,18000,5.4,0.687,9,1,0
107738,29,31600,13.0,MORTGAGE,C,credit_card,3200,14.03,0.101,13,0,0
107739,35,43300,18.0,OTHER,A,debt_consolidation,7500,12.03,0.173,18,0,0
107740,35,22300,0.7,RENT,C,debt_consolidation,1900,18.51,0.085,20,0,0
107741,37,31700,0.8,MORTGAGE,C,debt_consolidation,13500,12.85,0.426,17,0,0
107742,26,92400,20.8,MORTGAGE,C,home_improvement,3500,14.0,0.038,9,0,0
107743,34,32400,4.7,RENT,E,debt_consolidation,2800,13.58,0.086,13,0,0
107744,33,79200,4.8,MORTGAGE,F,home_improvement,9400,11.78,0.119,11,0,0
107745,26,73100,4.1,MORTGAGE,E,medical,14300,11.92,0.196,9,0,0
107746,30,47000,6.4,RENT,C,debt_consolidation,6500,11.3,0.138,14,1,1
107747,28,23600,0.3,RENT,C,debt_consolidation,8700,5.4,0.369,10,0,0
107748,39,53400,1.0,MORTGAGE,D,debt_consolidation,21400,15.54,0.401,21,0,0
107749,35,16100,1.2,RENT,B,credit_card,4800,15.58,0.298,18,0,0
107750,27,38500,5.0,RENT,E,medical,4700,14.61,0.122,11,0,0
107751,26,58900,2.5,MORTGAGE,E,home_improvement,14700,11.82,0.25,10,1,0
107752,36,83100,14.6,MORTGAGE,B,education,9200,11.01,0.111,19,0,0
107753,38,47400,5.8,MORTGAGE,F,venture,17700,7.42,0.373,21,0,0
107754,31,36900,2.0,RENT,E,debt_consolidation,4000,6.99,0.108,15,1,0
107755,34,35300,4.6,RENT,C,small_business,3000,9.36,0.085,14,0,0
107756,38,39800,0.8,MORTGAGE,F,credit_card,3700,12.23,0.093,21,0,0
107757,28,72600,0.5,RENT,A,credit_card,12000,12.84,0.165,7,0,0
107758,30,62500,13.4,OWN,A,debt_consolidation,15700,9.65,0.251,14,0,0
107759,32,50900,0.2,MORTGAGE,B,credit_card,14600,6.81,0.287,16,0,0
107760,26,72900,0.2,RENT,C,home_improvement,11000,9.1,0.151,8,0,1
107761,41,51500,7.0,MORTGAGE,B,home_improvement,16100,11.07,0.313,23,0,0
107762,26,24700,1.8,OWN,F,debt_consolidation,5800,5.88,0.235,10,0,0
107763,29,28000,3.5,OWN,B,debt_consolidation,2700,12.16,0.096,12,1,1
107764,42,71700,0.7,MORTGAGE,B,home_improvement,3300,17.3,0.046,25,1,0
107765,20,24200,11.5,RENT,D,small_business,3600,8.61,0.149,3,0,1
107766,31,41800,0.2,MORTGAGE,A,credit_card,2800,19.13,0.067,14,0,0
107767,24,48400,6.2,MORTGAGE,D,debt_consolidation,3800,8.96,0.079,8,0,0
107768,29,29200,1.0,MORTGAGE,B,debt_consolidation,4900,10.7,0.168,8,0,0
107769,21,20600,1.0,RENT,G,medical,11300,13.24,0.549,3,0,1
107770,26,27000,0.2,OWN,D,small_business,9500,11.33,0.352,4,0,1
107771,29,19000,1.0,MORTGAGE,A,debt_consolidation,18600,5.4,0.9,12,0,1
107772,31,72100,1.6,RENT,A,credit_card,4100,12.4,0.057,12,0,0
107773,35,64100,4.6,RENT,A,credit_card,9900,11.78,0.154,17,0,0
107774,20,33900,0.3,RENT,F,home_improvement,16700,10.55,0.493,2,1,1
107775,28,24300,3.8,MORTGAGE,D,debt_consolidation,6100,11.76,0.251,8,0,1
107776,28,97900,1.8,RENT,C,home_improvement,6300,13.09,0.064,9,1,0
107777,29,65700,2.3,MORTGAGE,B,venture,17300,8.31,0.263,11,0,1
107778,29,36600,1.7,RENT,E,credit_card,6700,13.43,0.183,12,0,0
107779,23,99000,0.3,RENT,B,debt_consolidation,17800,9.31,0.18,4,0,0
107780,20,55600,2.2,RENT,D,debt_consolidation,3600,17.03,0.065,2,0,0
107781,31,61400,2.1,RENT,D,debt_consolidation,19700,15.24,0.321,14,0,0
107782,22,29100,5.2,RENT,B,education,16200,7.91,0.557,3,0,0
107783,32,22400,7.5,RENT,C,venture,4800,15.93,0.214,15,0,0
107784,22,21700,0.7,MORTGAGE,B,debt_consolidation,6800,12.97,0.313,2,0,1
107785,34,162100,16.8,MORTGAGE,B,education,4100,13.41,0.025,14,0,0
107786,29,32700,0.5,MORTGAGE,F,debt_consolidation,6200,10.85,0.19,13,0,0
107787,29,53400,2.7,RENT,D,credit_card,3400,10.27,0.064,7,0,0
107788,27,66400,4.9,RENT,E,home_improvement,3000,10.53,0.045,8,0,0
107789,26,50900,4.0,RENT,C,credit_card,4100,8.07,0.081,8,1,0
107790,27,47300,4.0,MORTGAGE,B,credit_card,14300,5.4,0.302,9,0,0
107791,37,46800,2.4,MORTGAGE,D,home_improvement,2900,9.2,0.062,20,0,0
107792,20,67100,8.0,MORTGAGE,C,debt_consolidation,17200,9.19,0.256,2,1,0
107793,24,29100,0.7,MORTGAGE,A,venture,13400,7.58,0.46,5,0,0
107794,36,40400,1.9,RENT,C,debt_consolidation,16700,13.6,0.413,16,1,1
107795,35,14500,10.3,RENT,D,debt_consolidation,9800,12.38,0.676,20,0,0
107796,38,18500,3.8,OWN,D,venture,20100,9.37,0.9,22,0,0
107797,29,25200,3.3,RENT,B,credit_card,3700,10.38,0.147,12,0,0
107798,20,82400,1.0,RENT,E,credit_card,17200,12.3,0.209,2,0,1
107799,21,44400,2.9,RENT,B,debt_consolidation,40000,8.88,0.9,2,0,1
107800,27,75600,7.6,OTHER,B,debt_consolidation,7000,5.4,0.093,9,0,0
107801,34,63700,0.6,OWN,B,debt_consolidation,7900,15.81,0.124,14,0,1
107802,27,59500,2.1,RENT,E,credit_card,4900,11.09,0.082,12,0,0
107803,27,30700,6.1,RENT,B,credit_card,8400,12.47,0.274,7,1,1
107804,32,53700,4.3,MORTGAGE,C,credit_card,9000,12.12,0.168,11,0,0
107805,29,59300,0.5,RENT,B,education,2200,6.31,0.037,17,0,0
107806,26,172900,3.1,RENT,D,education,11300,9.03,0.065,8,0,0
107807,22,42600,0.6,RENT,E,debt_consolidation,14900,11.45,0.35,2,0,1
107808,36,77100,2.1,RENT,B,venture,5000,10.78,0.065,20,0,0
107809,36,48100,8.5,RENT,F,education,6400,7.42,0.133,15,0,0
107810,22,35000,0.2,MORTGAGE,A,education,12900,12.73,0.369,3,1,1
107811,26,83100,13.8,MORTGAGE,A,small_business,4900,13.55,0.059,10,0,0
107812,34,145900,0.1,MORTGAGE,C,debt_consolidation,12200,10.13,0.084,20,0,1
107813,21,59500,10.4,RENT,D,debt_consolidation,9500,15.11,0.16,5,0,0
107814,32,35400,2.8,RENT,B,education,29300,13.42,0.828,15,0,1
107815,27,66600,2.5,OWN,C,credit_card,7600,12.89,0.114,12,0,0
107816,20,60100,0.9,RENT,B,education,6000,9.7,0.1,2,0,1
107817,41,174400,2.8,RENT,C,small_business,9300,10.89,0.053,20,0,1
107818,27,77500,4.9,RENT,D,debt_consolidation,8600,14.5,0.111,8,0,1
107819,33,30800,3.1,RENT,G,credit_card,19900,6.28,0.646,18,0,1
107820,21,103900,6.2,MORTGAGE,C,venture,19300,6.52,0.186,2,0,0
107821,40,78900,0.9,RENT,D,debt_consolidation,5400,10.03,0.068,22,0,0
107822,43,86200,3.0,MORTGAGE,C,small_business,7300,11.43,0.085,25,0,1
107823,20,65800,0.5,RENT,B,venture,5500,11.15,0.084,3,0,0
107824,28,89700,4.4,MORTGAGE,B,debt_consolidation,5000,13.38,0.056,11,0,0
107825,38,65700,11.0,MORTGAGE,G,debt_consolidation,1300,12.37,0.02,21,0,0
107826,26,44800,7.4,RENT,B,credit_card,20500,11.58,0.458,14,0,0
107827,32,55500,11.9,MORTGAGE,E,medical,5600,10.41,0.101,16,1,0
107828,20,48400,5.6,OWN,A,credit_card,6300,14.44,0.13,5,0,0
107829,23,62200,1.9,RENT,E,debt_consolidation,37200,15.82,0.598,5,0,0
107830,31,53800,6.9,MORTGAGE,B,debt_consolidation,5700,10.43,0.106,17,0,0
107831,25,43300,0.1,MORTGAGE,F,credit_card,7300,12.9,0.169,5,0,1
107832,26,46600,4.5,MORTGAGE,D,debt_consolidation,9400,10.57,0.202,10,0,1
107833,20,51400,14.2,RENT,A,debt_consolidation,9800,7.15,0.191,2,0,0
107834,34,19300,0.5,RENT,D,medical,5800,5.5,0.301,18,0,0
107835,20,90500,3.6,RENT,C,debt_consolidation,15000,15.73,0.166,3,0,0
107836,40,62400,1.3,RENT,B,medical,8900,14.38,0.143,25,0,0
107837,24,36800,2.1,RENT,B,education,8600,12.95,0.234,7,0,1
107838,35,71300,5.8,OWN,D,home_improvement,5600,15.09,0.079,17,0,0
107839,34,39000,1.1,RENT,D,home_improvement,7500,8.62,0.192,18,0,1
107840,22,39000,2.4,RENT,B,debt_consolidation,13900,14.71,0.356,2,0,0
107841,25,63300,10.7,RENT,E,credit_card,13900,12.75,0.22,3,1,0
107842,26,113200,4.6,RENT,B,credit_card,6400,9.95,0.057,4,0,0
107843,26,60100,4.1,MORTGAGE,A,debt_consolidation,5300,5.4,0.088,12,0,0
107844,20,33600,7.4,MORTGAGE,C,home_improvement,13100,6.35,0.39,3,0,0
107845,33,42500,2.2,RENT,A,debt_consolidation,9600,17.69,0.226,16,0,0
107846,24,82200,0.5,RENT,B,debt_consolidation,13100,17.57,0.159,5,0,0
107847,28,64400,1.9,RENT,C,home_improvement,4800,6.4,0.075,11,0,0
107848,36,87400,0.6,OWN,B,credit_card,8000,5.4,0.092,17,0,0
107849,33,64000,3.3,RENT,B,debt_consolidation,13100,16.19,0.205,15,0,0
107850,25,78700,18.6,RENT,D,debt_consolidation,5500,11.21,0.07,3,0,0
107851,36,155900,1.6,RENT,C,debt_consolidation,22900,8.91,0.147,14,0,0
107852,34,24500,2.2,RENT,E,credit_card,19900,7.06,0.812,13,0,1
107853,24,193700,11.1,RENT,C,credit_card,7200,7.03,0.037,4,0,0
107854,25,86300,0.4,OWN,C,debt_consolidation,7300,16.2,0.085,10,0,0
107855,36,218300,8.0,RENT,B,home_improvement,9700,12.4,0.044,23,1,0
107856,34,30000,1.1,RENT,E,venture,8900,5.4,0.297,18,0,1
107857,20,63600,0.3,RENT,B,home_improvement,15800,8.97,0.248,2,0,1
107858,22,56300,0.1,RENT,B,credit_card,5000,17.2,0.089,8,0,0
107859,34,83800,3.1,OWN,E,home_improvement,5000,12.59,0.06,15,0,0
107860,21,66700,2.6,MORTGAGE,D,education,9400,6.47,0.141,2,0,0
107861,35,62700,10.1,OWN,C,venture,10600,9.16,0.169,21,0,1
107862,43,79100,1.6,MORTGAGE,A,debt_consolidation,7900,11.11,0.1,24,0,0
107863,32,48600,10.9,MORTGAGE,A,debt_consolidation,13300,14.92,0.274,12,0,0
107864,23,38800,4.6,MORTGAGE,C,debt_consolidation,17200,11.15,0.443,4,1,1
107865,30,66100,1.6,MORTGAGE,D,medical,12200,16.46,0.185,11,0,0
107866,36,38800,0.9,MORTGAGE,C,debt_consolidation,9900,12.45,0.255,19,0,0
107867,30,48100,7.9,MORTGAGE,A,education,7200,5.4,0.15,12,0,0
107868,32,23300,0.1,MORTGAGE,B,debt_consolidation,8400,13.43,0.361,13,0,0
107869,23,53100,3.4,RENT,C,home_improvement,3800,10.84,0.072,2,0,0
107870,24,30900,0.1,MORTGAGE,D,debt_consolidation,4200,9.68,0.136,4,0,0
107871,35,50600,3.8,RENT,A,credit_card,16200,12.92,0.32,18,1,0
107872,24,28400,8.9,MORTGAGE,A,credit_card,21300,10.6,0.75,5,0,1
107873,20,51000,1.9,MORTGAGE,B,small_business,3800,12.22,0.075,2,1,0
107874,27,84500,2.2,MORTGAGE,A,credit_card,10900,9.62,0.129,9,0,0
107875,31,37100,1.9,MORTGAGE,C,credit_card,3500,9.47,0.094,15,1,1
107876,36,30800,1.4,MORTGAGE,A,small_business,20100,15.49,0.653,19,1,1
107877,41,79200,3.6,MORTGAGE,D,education,8000,11.91,0.101,25,0,0
107878,30,85200,0.7,RENT,D,medical,32400,12.97,0.38,12,0,0
107879,34,65100,3.3,RENT,G,small_business,5700,9.42,0.088,19,1,1
107880,30,39900,8.1,RENT,F,credit_card,6100,15.33,0.153,11,0,0
107881,31,36400,2.3,RENT,B,education,10100,12.24,0.277,11,0,0
107882,28,42900,0.6,RENT,A,credit_card,13300,10.28,0.31,13,0,0
107883,32,49900,1.7,MORTGAGE,B,education,12700,16.06,0.255,13,1,1
107884,24,20000,4.0,MORTGAGE,D,medical,13800,10.28,0.69,4,0,0
107885,43,30000,24.1,RENT,A,debt_consolidation,7200,12.15,0.24,23,0,0
107886,20,102500,4.1,OWN,B,debt_consolidation,13900,7.17,0.136,2,0,0
107887,33,57800,13.1,RENT,B,small_business,27500,9.25,0.476,14,0,0
107888,31,101200,5.9,MORTGAGE,B,small_business,12600,14.3,0.125,14,0,0
107889,32,90100,4.4,MORTGAGE,D,home_improvement,5200,11.32,0.058,16,0,0
107890,21,43400,8.7,MORTGAGE,D,venture,10200,11.83,0.235,3,0,1
107891,20,43800,3.8,RENT,C,credit_card,2800,11.18,0.064,4,0,0
107892,33,87700,1.5,RENT,F,credit_card,11900,11.32,0.136,17,0,0
107893,38,78200,0.3,RENT,A,credit_card,3200,9.55,0.041,18,0,0
107894,31,88700,4.2,MORTGAGE,A,debt_consolidation,12000,9.81,0.135,11,0,0
107895,35,51200,1.1,OWN,B,home_improvement,7900,10.44,0.154,16,0,0
107896,26,55700,6.5,MORTGAGE,D,education,14100,10.46,0.253,4,0,0
107897,31,44800,5.9,MORTGAGE,C,debt_consolidation,8300,13.16,0.185,13,0,0
107898,38,50000,0.0,RENT,A,medical,17600,13.04,0.352,20,0,0
107899,27,35300,0.6,MORTGAGE,F,medical,11100,16.24,0.314,12,1,1
107900,37,49500,0.2,MORTGAGE,B,debt_consolidation,14900,13.99,0.301,21,1,0
107901,20,47200,9.8,RENT,B,medical,6600,8.31,0.14,2,0,0
107902,25,40000,0.3,MORTGAGE,D,small_business,6400,9.09,0.16,9,0,1
107903,33,79600,4.8,RENT,F,credit_card,3800,14.85,0.048,15,0,0
107904,42,23700,4.8,RENT,D,debt_consolidation,4300,13.88,0.181,25,0,0
107905,29,62000,4.1,RENT,F,debt_consolidation,8500,15.24,0.137,7,1,1
107906,22,31000,6.3,MORTGAGE,B,home_improvement,8400,11.49,0.271,3,0,0
107907,42,32300,9.7,MORTGAGE,C,debt_consolidation,10100,10.56,0.313,24,0,0
107908,28,33900,0.3,RENT,E,debt_consolidation,5500,12.73,0.162,9,0,1
107909,34,66800,0.9,OWN,C,education,8900,6.55,0.133,19,0,0
107910,27,14900,0.7,MORTGAGE,B,small_business,17000,10.79,0.9,10,0,0
107911,30,56500,20.0,MORTGAGE,G,small_business,10300,18.55,0.182,13,0,1
107912,25,52800,7.8,OWN,A,venture,8300,10.31,0.157,7,0,0
107913,45,30200,5.8,OWN,C,debt_consolidation,9500,11.44,0.315,27,0,0
107914,37,57000,3.3,RENT,E,debt_consolidation,16100,10.77,0.282,21,1,1
107915,41,26400,8.2,OWN,F,home_improvement,8900,16.91,0.337,27,0,1
107916,23,50300,5.0,RENT,G,credit_card,6100,7.24,0.121,2,0,0
107917,20,25900,5.4,RENT,E,debt_consolidation,6100,13.93,0.236,2,0,1
107918,27,159200,17.8,RENT,A,medical,6000,10.06,0.038,9,0,0
107919,47,82800,2.0,MORTGAGE,F,debt_consolidation,5900,9.16,0.071,32,0,0
107920,27,59000,6.4,OTHER,C,credit_card,12500,5.47,0.212,11,0,0
107921,36,30500,1.7,RENT,D,credit_card,20600,17.67,0.675,16,0,0
107922,22,44300,23.7,MORTGAGE,B,home_improvement,6500,14.1,0.147,3,0,0
107923,23,45300,5.4,RENT,E,debt_consolidation,4900,6.72,0.108,7,0,0
107924,28,58900,3.8,MORTGAGE,C,debt_consolidation,4000,6.97,0.068,9,0,0
107925,44,64200,6.4,RENT,E,education,20900,9.18,0.326,27,0,0
107926,37,58300,0.5,MORTGAGE,B,education,13800,13.3,0.237,18,0,0
107927,20,62200,0.2,MORTGAGE,B,credit_card,5600,11.04,0.09,3,1,0
107928,34,46900,0.7,RENT,C,debt_consolidation,8800,8.21,0.188,17,1,1
107929,21,62200,6.5,OWN,A,home_improvement,17500,11.21,0.281,2,1,0
107930,24,36300,7.0,OWN,D,debt_consolidation,7800,16.06,0.215,10,0,0
107931,33,28700,4.9,MORTGAGE,B,debt_consolidation,13000,13.64,0.453,19,0,0
107932,39,142400,2.4,MORTGAGE,C,debt_consolidation,7400,5.4,0.052,17,0,0
107933,38,64800,4.1,MORTGAGE,A,debt_consolidation,6900,7.71,0.106,20,0,0
107934,31,139200,0.8,RENT,A,debt_consolidation,1900,11.03,0.014,10,0,0
107935,31,44300,0.0,RENT,D,debt_consolidation,6500,11.98,0.147,9,0,0
107936,38,194100,10.1,MORTGAGE,B,medical,6000,16.21,0.031,22,0,0
107937,20,53800,1.8,MORTGAGE,B,credit_card,10800,11.46,0.201,6,0,1
107938,42,96800,0.1,MORTGAGE,B,credit_card,9300,13.44,0.096,24,0,0
107939,24,52500,0.5,MORTGAGE,B,debt_consolidation,9000,5.4,0.171,9,0,0
107940,31,56400,6.7,MORTGAGE,D,education,13700,10.07,0.243,12,1,1
107941,26,48400,3.5,RENT,A,debt_consolidation,2200,14.02,0.045,5,1,0
107942,21,39300,4.0,RENT,B,debt_consolidation,7900,18.3,0.201,2,0,0
107943,32,88400,0.4,RENT,D,home_improvement,4300,6.68,0.049,12,1,1
107944,31,51300,4.8,RENT,C,small_business,4100,10.88,0.08,14,0,0
107945,28,81400,5.1,MORTGAGE,C,medical,6900,5.4,0.085,12,0,0
107946,28,84700,0.4,MORTGAGE,B,credit_card,8200,10.77,0.097,8,1,0
107947,40,112200,3.5,RENT,F,credit_card,10700,15.25,0.095,19,1,1
107948,44,65000,1.7,MORTGAGE,C,debt_consolidation,10300,14.82,0.158,28,1,0
107949,38,22400,6.0,RENT,B,credit_card,5100,11.32,0.228,19,0,1
107950,31,43200,2.1,MORTGAGE,F,credit_card,7300,10.57,0.169,15,0,1
107951,20,50800,3.8,OWN,D,debt_consolidation,17900,20.86,0.352,2,0,1
107952,33,51900,2.0,RENT,C,debt_consolidation,19700,10.72,0.38,14,0,0
107953,34,106400,0.5,MORTGAGE,E,venture,6800,9.52,0.064,18,0,0
107954,34,96300,11.6,RENT,A,debt_consolidation,8500,9.47,0.088,18,0,0
107955,21,47600,1.8,RENT,E,debt_consolidation,4900,6.21,0.103,6,0,0
107956,35,196100,5.9,MORTGAGE,D,education,14300,13.08,0.073,17,1,0
107957,40,42500,0.1,MORTGAGE,B,small_business,29000,13.83,0.682,25,0,0
107958,22,44500,0.1,MORTGAGE,B,home_improvement,6000,13.71,0.135,5,0,0
107959,34,28300,3.1,OWN,A,home_improvement,15500,14.28,0.548,17,0,0
107960,23,21900,24.7,MORTGAGE,F,debt_consolidation,12200,9.35,0.557,3,0,0
107961,28,26900,0.6,MORTGAGE,A,medical,7400,10.9,0.275,11,0,0
107962,22,90000,0.1,RENT,B,debt_consolidation,5500,15.64,0.061,3,0,0
107963,27,77500,0.8,RENT,D,venture,31700,9.8,0.409,13,0,1
107964,27,31700,5.5,MORTGAGE,D,debt_consolidation,12300,9.47,0.388,9,0,0
107965,32,54400,1.2,MORTGAGE,A,home_improvement,13700,15.08,0.252,14,1,0
107966,35,80300,0.4,RENT,E,credit_card,7200,8.63,0.09,20,0,0
107967,38,16800,3.5,RENT,C,debt_consolidation,8400,7.37,0.5,20,0,0
107968,24,136600,1.8,RENT,E,credit_card,4100,7.72,0.03,4,0,1
107969,32,91900,3.1,RENT,A,medical,12300,21.22,0.134,11,0,0
107970,21,80500,7.7,MORTGAGE,A,debt_consolidation,6600,15.12,0.082,2,1,0
107971,28,99800,9.1,MORTGAGE,D,venture,4600,13.73,0.046,6,0,0
107972,29,16800,13.2,MORTGAGE,A,debt_consolidation,5100,8.12,0.304,11,1,0
107973,23,45700,2.3,OTHER,C,home_improvement,30500,13.29,0.667,7,0,0
107974,33,103000,1.5,MORTGAGE,A,home_improvement,6900,17.6,0.067,14,0,0
107975,28,51300,3.1,RENT,D,credit_card,9900,12.8,0.193,15,0,0
107976,30,77500,1.0,MORTGAGE,E,home_improvement,4200,7.52,0.054,9,0,0
107977,38,114300,3.4,MORTGAGE,E,small_business,7300,13.42,0.064,21,0,0
107978,26,75900,2.2,MORTGAGE,F,home_improvement,3800,10.92,0.05,9,0,0
107979,35,44700,2.0,MORTGAGE,F,credit_card,9900,11.99,0.221,16,0,0
107980,39,70700,2.4,MORTGAGE,C,home_improvement,4900,8.02,0.069,21,0,0
107981,39,20600,9.1,RENT,B,credit_card,12600,8.76,0.612,24,0,0
107982,28,67500,0.5,RENT,E,debt_consolidation,3000,9.8,0.044,12,1,0
107983,22,77800,5.8,RENT,F,debt_consolidation,5700,8.7,0.073,6,1,1
107984,24,56000,5.3,RENT,G,home_improvement,15500,11.29,0.277,4,0,0
107985,20,97600,0.6,OWN,D,education,18800,9.04,0.193,3,0,1
107986,34,60100,0.2,RENT,B,debt_consolidation,8100,17.39,0.135,18,0,0
107987,34,55900,1.1,RENT,F,credit_card,6500,13.27,0.116,18,0,0
107988,30,141200,7.2,MORTGAGE,F,debt_consolidation,8600,14.23,0.061,9,0,0
107989,20,30400,6.4,OWN,D,credit_card,25000,11.0,0.822,3,0,1
107990,26,110800,3.5,MORTGAGE,E,small_business,7000,5.4,0.063,9,1,0
107991,39,106100,3.9,RENT,C,small_business,8100,14.52,0.076,23,0,0
107992,33,82000,6.5,RENT,F,small_business,4500,11.11,0.055,14,0,1
107993,34,41300,10.4,MORTGAGE,A,medical,5600,13.0,0.136,14,0,0
107994,52,62200,9.0,MORTGAGE,E,debt_consolidation,10300,11.24,0.166,32,0,0
107995,31,33100,17.2,RENT,A,credit_card,13200,5.4,0.399,14,1,1
107996,20,37800,0.1,OWN,B,debt_consolidation,9600,9.95,0.254,4,0,0
107997,21,55400,10.1,MORTGAGE,A,education,12800,8.52,0.231,2,0,0
107998,31,31700,6.6,MORTGAGE,C,medical,4700,12.25,0.148,14,1,1
107999,29,45300,4.2,RENT,B,debt_consolidation,4400,13.15,0.097,7,1,0
108000,28,28100,0.5,OWN,F,debt_consolidation,12500,19.26,0.445,6,1,1
108001,28,73800,5.0,MORTGAGE,C,credit_card,6200,13.18,0.084,11,1,1
108002,24,126600,0.9,RENT,E,venture,4200,9.48,0.033,7,0,1
108003,32,172500,2.5,RENT,B,debt_consolidation,9100,9.98,0.053,15,0,0
108004,39,29200,1.8,RENT,A,credit_card,8500,13.36,0.291,17,0,0
108005,41,32200,8.6,RENT,D,credit_card,7300,14.54,0.227,26,0,0
108006,41,50100,0.8,RENT,D,home_improvement,19400,7.02,0.387,22,0,0
108007,22,81000,16.7,RENT,C,home_improvement,22700,10.61,0.28,3,0,0
108008,29,49000,4.4,MORTGAGE,E,debt_consolidation,13700,10.94,0.28,12,0,1
108009,27,93200,1.7,MORTGAGE,E,medical,10300,5.68,0.111,9,0,0
108010,33,73500,0.6,MORTGAGE,C,debt_consolidation,17300,14.09,0.235,18,0,0
108011,28,20800,1.4,MORTGAGE,F,medical,8800,12.31,0.423,11,0,1
108012,27,56600,17.5,RENT,D,debt_consolidation,7300,10.79,0.129,12,0,0
108013,39,27800,1.4,RENT,D,home_improvement,5900,12.38,0.212,20,0,0
108014,30,40200,3.8,MORTGAGE,B,credit_card,5300,13.85,0.132,14,0,0
108015,30,43700,3.7,MORTGAGE,A,home_improvement,13500,18.46,0.309,8,0,0
108016,32,82500,3.5,RENT,B,debt_consolidation,3500,13.86,0.042,14,0,0
108017,34,54000,6.8,OWN,D,credit_card,5800,7.38,0.107,13,0,0
108018,34,42400,11.4,MORTGAGE,D,debt_consolidation,6700,21.65,0.158,16,0,0
108019,40,173700,5.9,MORTGAGE,B,credit_card,3700,7.46,0.021,22,0,0
108020,20,33500,5.1,MORTGAGE,D,medical,6500,12.9,0.194,4,0,0
108021,31,64200,6.5,RENT,B,credit_card,8500,10.76,0.132,14,0,1
108022,28,79100,3.4,OWN,B,credit_card,14300,11.07,0.181,9,0,0
108023,27,60100,3.2,OWN,F,home_improvement,6100,12.87,0.101,8,0,0
108024,34,33400,1.2,MORTGAGE,C,credit_card,8600,13.14,0.257,16,0,1
108025,38,32500,14.1,OWN,B,education,3600,16.47,0.111,19,0,0
108026,25,77100,2.3,OWN,C,credit_card,4200,9.13,0.054,9,0,0
108027,41,97300,8.7,MORTGAGE,B,venture,2800,12.94,0.029,22,0,0
108028,20,53200,1.6,RENT,D,education,13900,13.69,0.261,4,0,0
108029,33,26500,3.5,MORTGAGE,F,credit_card,6800,19.97,0.257,14,0,1
108030,23,55100,0.6,MORTGAGE,C,credit_card,9200,13.3,0.167,6,1,1
108031,25,126000,1.8,MORTGAGE,C,home_improvement,10800,7.36,0.086,7,0,0
108032,29,31500,3.3,MORTGAGE,B,small_business,12600,16.45,0.4,13,0,0
108033,26,46000,0.1,MORTGAGE,C,debt_consolidation,24400,9.9,0.53,12,0,1
108034,20,56500,4.2,OTHER,B,debt_consolidation,7900,8.4,0.14,2,0,0
108035,33,99700,0.3,RENT,A,debt_consolidation,5500,16.28,0.055,19,0,0
108036,34,40900,0.8,RENT,E,small_business,11900,11.98,0.291,16,1,1
108037,28,71500,6.1,MORTGAGE,C,small_business,29700,10.78,0.415,10,0,0
108038,27,117700,2.3,RENT,C,debt_consolidation,6000,17.57,0.051,9,0,0
108039,26,24200,2.4,RENT,A,credit_card,5200,9.65,0.215,6,0,1
108040,20,26600,6.2,MORTGAGE,E,small_business,2000,9.63,0.075,5,0,1
108041,20,52000,0.3,OWN,A,venture,2600,13.29,0.05,2,0,0
108042,35,93900,3.1,RENT,C,debt_consolidation,17700,5.4,0.188,16,0,0
108043,36,65800,2.9,RENT,E,debt_consolidation,7400,12.08,0.112,17,1,0
108044,33,98600,3.0,MORTGAGE,C,credit_card,4300,11.79,0.044,19,0,0
108045,32,21500,0.5,MORTGAGE,F,home_improvement,8100,8.43,0.377,14,0,1
108046,34,66200,0.4,RENT,B,debt_consolidation,33900,11.44,0.512,16,1,1
108047,34,12000,0.7,RENT,D,debt_consolidation,8100,12.43,0.675,18,0,1
108048,24,113600,11.1,MORTGAGE,G,medical,23200,11.34,0.204,9,0,1
108049,31,105300,1.1,OTHER,C,credit_card,4800,14.44,0.046,12,1,0
108050,27,45700,1.2,RENT,D,debt_consolidation,18100,12.47,0.396,10,0,0
108051,27,15400,3.5,MORTGAGE,B,credit_card,6000,10.89,0.39,10,0,0
108052,37,48800,3.7,MORTGAGE,D,debt_consolidation,5300,14.03,0.109,19,0,0
108053,40,101200,6.4,RENT,F,credit_card,4800,12.47,0.047,21,0,0
108054,20,68800,4.0,MORTGAGE,D,credit_card,6800,22.31,0.099,2,0,0
108055,27,151400,11.3,RENT,F,debt_consolidation,13900,15.18,0.092,11,0,0
108056,27,46500,5.6,RENT,C,debt_consolidation,6200,9.59,0.133,10,1,0
108057,37,167300,4.8,RENT,C,education,14600,5.4,0.087,19,0,1
108058,20,18000,3.5,RENT,B,education,5500,9.06,0.306,2,0,0
108059,20,36100,1.6,MORTGAGE,D,debt_consolidation,7700,5.4,0.213,4,0,0
108060,35,26800,1.5,MORTGAGE,E,home_improvement,6100,13.89,0.228,18,0,0
108061,36,82100,4.3,MORTGAGE,D,debt_consolidation,22000,10.45,0.268,16,0,0
108062,20,28100,1.3,MORTGAGE,B,medical,10800,8.73,0.384,2,0,0
108063,28,95200,4.8,RENT,C,education,9500,13.65,0.1,12,0,1
108064,40,79800,3.3,OWN,D,home_improvement,7000,10.17,0.088,18,0,0
108065,21,60400,0.6,OWN,F,home_improvement,5900,12.92,0.098,3,0,1
108066,30,51400,1.7,RENT,A,credit_card,4700,10.54,0.091,14,0,0
108067,33,30700,0.9,MORTGAGE,A,debt_consolidation,16800,11.78,0.547,15,0,0
108068,20,76100,4.1,MORTGAGE,C,credit_card,3300,16.15,0.043,3,0,0
108069,25,41300,4.0,MORTGAGE,A,debt_consolidation,6600,14.79,0.16,3,1,0
108070,20,83200,1.9,RENT,G,home_improvement,13200,16.66,0.159,2,0,1
108071,28,124300,4.7,RENT,C,credit_card,3200,12.74,0.026,12,1,0
108072,23,46000,9.0,OTHER,C,debt_consolidation,8900,5.4,0.193,6,0,0
108073,30,112700,1.0,MORTGAGE,B,home_improvement,5000,9.04,0.044,11,0,0
108074,33,60500,0.8,MORTGAGE,C,medical,8200,5.68,0.136,16,0,0
108075,39,75700,7.2,OWN,G,home_improvement,7400,14.81,0.098,22,1,1
108076,45,26300,2.1,RENT,C,credit_card,2300,11.56,0.087,26,0,0
108077,30,37400,7.6,OWN,A,medical,11500,16.03,0.307,11,0,0
108078,27,37100,1.7,MORTGAGE,B,debt_consolidation,4700,15.24,0.127,6,1,0
108079,26,114300,5.0,MORTGAGE,G,home_improvement,6000,11.05,0.052,11,0,0
108080,22,44900,12.2,RENT,G,credit_card,8300,17.78,0.185,4,0,1
108081,32,77000,1.2,RENT,B,debt_consolidation,10000,14.95,0.13,17,0,0
108082,26,52300,2.3,RENT,C,venture,10400,11.79,0.199,5,0,0
108083,33,44800,1.8,RENT,A,credit_card,12500,13.07,0.279,15,0,0
108084,22,24300,3.3,RENT,C,debt_consolidation,2100,16.59,0.086,2,0,0
108085,26,19100,8.0,RENT,A,debt_consolidation,10600,13.11,0.555,12,0,0
108086,32,45200,7.8,MORTGAGE,E,venture,8200,9.1,0.181,19,0,1
108087,28,46700,4.3,OWN,F,medical,6000,7.26,0.128,13,0,0
108088,20,33600,4.3,RENT,A,debt_consolidation,9400,10.55,0.28,2,0,0
108089,29,59000,1.4,RENT,C,credit_card,13400,9.05,0.227,9,0,1
108090,23,160500,2.8,MORTGAGE,A,debt_consolidation,5000,12.24,0.031,5,0,0
108091,37,123900,10.8,MORTGAGE,B,small_business,17500,9.65,0.141,19,0,0
108092,36,54000,8.6,MORTGAGE,A,credit_card,15200,10.12,0.281,19,1,0
108093,20,55000,0.1,OWN,B,debt_consolidation,9900,15.87,0.18,3,0,1
108094,35,75800,0.6,RENT,G,credit_card,4100,17.46,0.054,17,0,1
108095,32,61000,6.1,MORTGAGE,A,education,26500,8.7,0.434,14,0,0
108096,20,75900,2.9,OWN,E,credit_card,9500,10.21,0.125,2,1,0
108097,35,62000,16.2,MORTGAGE,A,debt_consolidation,8800,10.67,0.142,18,0,0
108098,20,56100,0.3,MORTGAGE,C,venture,8600,12.63,0.153,2,0,0
108099,37,37200,14.1,OWN,C,debt_consolidation,11000,12.74,0.296,19,0,0
108100,24,64500,2.7,RENT,F,credit_card,13500,9.67,0.209,6,0,1
108101,20,15200,0.3,RENT,B,credit_card,8000,13.34,0.526,2,0,1
108102,44,61200,2.6,RENT,A,debt_consolidation,4100,9.84,0.067,28,0,0
108103,20,17000,3.3,MORTGAGE,D,debt_consolidation,14300,10.16,0.841,4,0,1
108104,23,61200,0.9,MORTGAGE,D,debt_consolidation,5200,8.23,0.085,5,1,0
108105,25,30900,4.9,RENT,D,debt_consolidation,4700,15.23,0.152,12,0,0
108106,26,106800,1.9,RENT,A,credit_card,7800,14.77,0.073,7,0,0
108107,34,55600,5.8,MORTGAGE,B,medical,6300,12.75,0.113,15,0,0
108108,29,52900,2.3,RENT,E,debt_consolidation,10000,13.89,0.189,10,0,0
108109,36,66100,0.5,MORTGAGE,C,small_business,11100,15.49,0.168,20,0,0
108110,32,32900,4.9,RENT,C,credit_card,6300,14.21,0.191,15,1,0
108111,20,98000,0.1,OWN,B,debt_consolidation,8700,14.12,0.089,2,0,0
108112,33,77500,0.6,MORTGAGE,B,credit_card,6200,9.96,0.08,14,0,0
108113,31,39100,16.0,RENT,F,debt_consolidation,12400,6.09,0.317,12,1,1
108114,25,29600,3.5,MORTGAGE,D,home_improvement,10600,8.65,0.358,10,0,0
108115,44,42000,2.7,MORTGAGE,A,credit_card,12000,19.4,0.286,24,0,0
108116,33,48600,3.5,RENT,F,home_improvement,6900,10.65,0.142,15,0,1
108117,36,28400,10.8,RENT,C,education,9300,17.26,0.327,15,0,1
108118,36,40100,3.6,MORTGAGE,B,debt_consolidation,10700,13.45,0.267,18,0,0
108119,26,37200,0.3,MORTGAGE,B,education,12200,11.39,0.328,12,0,1
108120,33,46100,0.6,MORTGAGE,D,debt_consolidation,11700,8.25,0.254,13,0,0
108121,31,46300,6.3,RENT,B,debt_consolidation,7600,8.97,0.164,15,0,0
108122,25,67400,8.2,MORTGAGE,C,debt_consolidation,4300,11.03,0.064,7,0,1
108123,20,52400,7.4,MORTGAGE,D,medical,10700,11.02,0.204,2,0,0
108124,29,64300,3.8,RENT,B,home_improvement,10400,13.47,0.162,12,0,1
108125,33,59100,1.9,RENT,F,venture,4400,9.06,0.074,12,0,0
108126,29,46300,6.4,RENT,B,small_business,12900,9.19,0.279,9,0,0
108127,28,75100,0.8,MORTGAGE,C,credit_card,8800,14.64,0.117,8,0,0
108128,29,12000,1.0,RENT,D,education,7500,18.33,0.625,14,0,1
108129,27,42300,0.6,OWN,C,venture,9100,11.81,0.215,11,0,0
108130,40,37700,0.6,RENT,C,medical,13500,13.1,0.358,24,0,0
108131,31,55000,0.4,MORTGAGE,D,credit_card,19100,10.97,0.347,15,1,1
108132,26,36400,2.3,RENT,F,medical,7900,11.27,0.217,10,0,0
108133,20,69700,3.0,MORTGAGE,E,debt_consolidation,7100,10.74,0.102,2,0,0
108134,28,76800,1.9,MORTGAGE,E,education,11300,10.24,0.147,9,0,1
108135,25,24100,2.4,MORTGAGE,B,venture,3900,13.5,0.162,7,1,0
108136,25,58300,6.4,OWN,C,home_improvement,13000,13.72,0.223,7,0,0
108137,36,25500,0.3,RENT,C,debt_consolidation,3800,10.62,0.149,16,0,0
108138,30,67100,5.2,RENT,A,debt_consolidation,3800,9.43,0.057,9,0,0
108139,20,39900,2.2,RENT,D,venture,19000,9.78,0.476,2,1,1
108140,33,33100,17.1,MORTGAGE,B,education,2600,13.85,0.079,13,0,0
108141,20,20100,3.6,MORTGAGE,B,small_business,16600,8.61,0.826,2,0,0
108142,34,49000,2.1,RENT,B,venture,19100,7.84,0.39,17,0,0
108143,26,27300,24.0,MORTGAGE,B,credit_card,9800,12.52,0.359,8,1,1
108144,30,22800,0.2,RENT,B,education,11300,11.26,0.496,14,0,0
108145,29,57100,2.8,OWN,C,debt_consolidation,3400,11.0,0.06,12,0,0
108146,28,87800,4.8,RENT,C,debt_consolidation,6200,14.5,0.071,9,0,0
108147,30,64000,5.1,OTHER,B,credit_card,9900,11.31,0.155,13,0,0
108148,30,23500,4.2,MORTGAGE,B,debt_consolidation,9700,9.14,0.413,12,0,0
108149,42,47800,7.4,OTHER,E,credit_card,10300,12.11,0.215,23,0,0
108150,31,74900,3.5,MORTGAGE,A,medical,9700,9.15,0.13,13,0,0
108151,31,47800,17.7,RENT,C,debt_consolidation,8200,14.69,0.172,14,0,0
108152,24,61600,8.0,MORTGAGE,C,small_business,4100,11.58,0.067,8,0,0
108153,32,40500,4.2,MORTGAGE,C,debt_consolidation,9800,7.8,0.242,18,0,0
108154,22,41700,0.2,RENT,E,medical,4300,12.06,0.103,7,0,1
108155,37,35900,2.3,MORTGAGE,D,debt_consolidation,6600,8.64,0.184,17,0,0
108156,20,72200,1.1,OWN,G,small_business,17400,15.2,0.241,2,0,1
108157,23,74700,4.9,MORTGAGE,E,home_improvement,3400,11.14,0.046,8,0,0
108158,20,38000,3.7,RENT,B,credit_card,7600,13.77,0.2,2,0,0
108159,32,78100,3.4,MORTGAGE,B,debt_consolidation,13100,9.27,0.168,13,0,0
108160,26,23500,3.4,RENT,B,debt_consolidation,11500,10.8,0.489,11,0,0
108161,34,46900,2.9,RENT,B,credit_card,9600,12.99,0.205,16,0,0
108162,22,24500,15.7,RENT,C,debt_consolidation,5600,10.93,0.229,4,0,0
108163,33,27700,0.5,RENT,B,debt_consolidation,16700,8.29,0.603,14,0,0
108164,33,24300,5.3,MORTGAGE,B,small_business,4100,14.08,0.169,11,0,0
108165,30,35900,12.3,RENT,B,debt_consolidation,11900,12.52,0.331,10,0,0
108166,29,72500,4.1,RENT,D,debt_consolidation,8800,7.63,0.121,10,0,0
108167,30,49400,4.1,RENT,D,credit_card,5300,10.19,0.107,9,0,1
108168,23,37400,1.5,OWN,G,credit_card,6500,8.55,0.174,5,0,1
108169,21,46800,2.6,MORTGAGE,B,credit_card,21900,9.75,0.468,4,0,1
108170,33,16600,1.7,MORTGAGE,B,home_improvement,4300,9.87,0.259,17,0,0
108171,26,70600,5.9,MORTGAGE,F,home_improvement,3100,10.65,0.044,6,0,0
108172,32,15000,9.6,RENT,D,credit_card,5700,6.39,0.38,10,0,0
108173,40,34900,5.8,OWN,C,credit_card,10200,10.0,0.292,21,0,0
108174,26,49300,7.3,RENT,C,debt_consolidation,17700,14.97,0.359,5,0,0
108175,25,65800,2.0,RENT,A,small_business,8200,17.71,0.125,7,0,0
108176,27,58800,4.6,RENT,E,debt_consolidation,3300,7.39,0.056,11,1,0
108177,29,50200,2.0,RENT,D,medical,8500,15.38,0.169,10,0,1
108178,33,114900,6.5,RENT,C,home_improvement,13000,19.55,0.113,15,0,0
108179,29,156100,4.9,MORTGAGE,C,home_improvement,9700,10.79,0.062,7,0,1
108180,44,51700,0.4,RENT,B,credit_card,10600,13.34,0.205,25,0,0
108181,32,48800,0.7,RENT,B,education,2900,15.15,0.059,17,1,0
108182,34,47200,25.0,MORTGAGE,D,credit_card,3900,9.93,0.083,17,0,0
108183,29,36800,3.1,MORTGAGE,C,credit_card,7500,14.92,0.204,9,0,0
108184,36,63400,0.3,OWN,A,education,15100,10.81,0.238,16,0,0
108185,28,103700,9.3,RENT,B,home_improvement,5200,14.95,0.05,10,0,0
108186,24,13100,5.3,MORTGAGE,F,credit_card,9100,16.96,0.695,7,0,1
108187,35,46900,3.1,MORTGAGE,B,debt_consolidation,8900,16.03,0.19,15,0,1
108188,29,116900,1.0,MORTGAGE,C,debt_consolidation,4600,10.37,0.039,11,0,0
108189,31,64000,6.2,RENT,D,medical,5400,13.65,0.084,9,1,1
108190,36,64700,0.0,RENT,E,debt_consolidation,8000,9.81,0.124,20,0,1
108191,30,21400,2.8,RENT,D,debt_consolidation,6600,7.4,0.308,10,0,0
108192,28,75800,13.1,MORTGAGE,E,debt_consolidation,12700,10.7,0.168,11,1,0
108193,25,89800,10.2,MORTGAGE,A,venture,6400,14.44,0.071,8,0,0
108194,36,57500,0.1,RENT,F,credit_card,13200,10.52,0.23,19,0,0
108195,27,35900,0.3,RENT,F,credit_card,6600,16.74,0.184,8,0,0
108196,29,65700,8.5,OWN,C,education,8200,11.78,0.125,14,0,0
108197,31,29100,0.2,MORTGAGE,D,credit_card,12600,7.65,0.433,12,0,1
108198,31,27100,0.4,MORTGAGE,B,medical,7600,10.51,0.28,16,1,0
108199,36,80100,6.2,OWN,C,small_business,6400,9.2,0.08,19,0,0
108200,29,94200,1.4,RENT,B,credit_card,7800,16.24,0.083,11,0,0
108201,39,34300,3.2,MORTGAGE,A,medical,13200,13.32,0.385,21,0,0
108202,27,27100,4.8,MORTGAGE,G,venture,9700,11.28,0.358,9,0,1
108203,32,31800,1.8,RENT,B,debt_consolidation,2500,14.18,0.079,14,0,1
108204,28,57500,2.8,RENT,C,debt_consolidation,5400,8.72,0.094,13,0,0
108205,44,27200,1.0,OWN,B,medical,5500,7.41,0.202,24,0,0
108206,27,104400,0.3,RENT,B,credit_card,11200,6.98,0.107,9,0,1
108207,27,39900,1.2,RENT,B,credit_card,2800,5.4,0.07,7,0,0
108208,30,63000,13.7,RENT,B,debt_consolidation,9500,7.68,0.151,11,0,0
108209,27,34200,1.1,MORTGAGE,D,medical,11500,13.53,0.336,9,0,0
108210,31,71100,3.0,RENT,F,small_business,11500,14.13,0.162,16,0,0
108211,38,74300,2.2,RENT,C,venture,7700,8.37,0.104,21,0,0
108212,30,20500,9.3,RENT,G,credit_card,3300,5.4,0.161,10,1,1
108213,30,35500,0.0,RENT,D,venture,7000,10.04,0.197,11,1,0
108214,27,47300,1.5,MORTGAGE,C,credit_card,18200,13.3,0.385,11,1,1
108215,25,38600,17.8,OWN,B,home_improvement,5800,14.5,0.15,6,0,0
108216,30,83200,2.0,RENT,A,home_improvement,26900,12.38,0.323,12,0,0
108217,29,37100,5.3,MORTGAGE,E,credit_card,12700,7.88,0.342,12,1,1
108218,37,76400,0.9,MORTGAGE,C,credit_card,7500,14.12,0.098,19,0,0
108219,22,67300,12.6,MORTGAGE,C,debt_consolidation,9200,12.92,0.137,2,0,0
108220,39,48600,2.6,MORTGAGE,E,credit_card,10000,14.16,0.206,22,0,0
108221,28,78100,0.8,RENT,B,small_business,5900,8.29,0.076,15,0,0
108222,30,22100,0.1,MORTGAGE,E,debt_consolidation,6500,13.35,0.294,11,0,0
108223,22,49800,0.9,MORTGAGE,B,small_business,24300,14.63,0.488,3,0,1
108224,33,33700,0.9,MORTGAGE,F,debt_consolidation,18400,6.64,0.546,16,0,1
108225,22,48600,5.1,RENT,B,debt_consolidation,6600,9.28,0.136,9,0,0
108226,32,39800,4.7,RENT,A,small_business,5300,6.02,0.133,12,0,0
108227,31,53300,4.2,RENT,D,debt_consolidation,3400,8.58,0.064,11,0,0
108228,27,51800,8.1,RENT,A,venture,26500,11.13,0.512,11,0,1
108229,20,55600,9.1,RENT,F,venture,14200,6.29,0.255,4,0,0
108230,44,56800,6.8,RENT,D,credit_card,16100,15.5,0.283,24,0,1
108231,22,70600,1.1,RENT,B,credit_card,6000,15.56,0.085,3,0,0
108232,31,25800,5.6,RENT,B,debt_consolidation,5800,11.03,0.225,11,0,0
108233,24,68200,4.3,OTHER,F,medical,4900,9.14,0.072,5,0,0
108234,36,22400,0.4,MORTGAGE,C,debt_consolidation,1400,11.34,0.062,17,0,0
108235,26,12000,5.2,RENT,E,education,5000,16.75,0.417,10,0,1
108236,24,152500,3.2,MORTGAGE,A,venture,9700,13.75,0.064,8,1,0
108237,33,30700,1.9,MORTGAGE,F,debt_consolidation,9300,5.4,0.303,15,0,1
108238,20,40300,0.5,RENT,C,small_business,5800,5.4,0.144,5,0,0
108239,26,18500,3.6,MORTGAGE,D,credit_card,11600,8.24,0.627,10,1,1
108240,34,40100,1.3,RENT,B,credit_card,5600,11.34,0.14,13,0,0
108241,40,57700,1.8,MORTGAGE,A,debt_consolidation,12400,5.4,0.215,24,0,0
108242,22,58900,0.2,RENT,F,small_business,12300,10.76,0.209,6,1,1
108243,25,26500,3.6,MORTGAGE,G,debt_consolidation,12700,5.47,0.479,11,0,1
108244,31,40400,1.1,RENT,B,education,8400,11.53,0.208,14,0,0
108245,20,63100,3.0,RENT,F,credit_card,5200,12.28,0.082,6,0,0
108246,39,58800,3.6,MORTGAGE,A,home_improvement,4200,17.64,0.071,18,0,0
108247,22,55300,2.8,RENT,A,education,2500,11.02,0.045,3,0,1
108248,26,78300,17.7,RENT,A,small_business,12300,10.22,0.157,4,0,0
108249,31,48500,5.5,RENT,B,credit_card,3200,16.3,0.066,12,0,0
108250,29,110800,5.1,MORTGAGE,A,credit_card,7500,13.85,0.068,11,0,0
108251,22,43900,0.9,MORTGAGE,B,credit_card,9100,11.65,0.207,4,1,1
108252,41,75500,6.8,MORTGAGE,A,credit_card,4500,10.4,0.06,25,0,0
108253,20,77000,5.0,MORTGAGE,D,venture,7600,17.62,0.099,7,0,1
108254,21,20900,9.8,OTHER,E,debt_consolidation,9700,8.86,0.464,2,0,1
108255,25,65700,1.4,RENT,D,credit_card,7000,6.18,0.107,10,1,0
108256,22,36200,0.2,MORTGAGE,B,medical,10400,10.81,0.287,5,0,0
108257,38,29600,4.1,RENT,D,credit_card,6300,10.36,0.213,21,1,1
108258,20,40800,0.9,RENT,B,education,7000,15.84,0.172,4,0,0
108259,40,56300,1.2,MORTGAGE,D,debt_consolidation,5000,12.06,0.089,21,0,1
108260,27,21800,0.6,OWN,C,debt_consolidation,7500,14.79,0.344,11,0,0
108261,20,52300,6.1,MORTGAGE,B,home_improvement,8100,5.4,0.155,2,0,0
108262,20,45700,1.3,RENT,A,credit_card,4900,10.3,0.107,2,1,0
108263,27,91200,3.7,MORTGAGE,E,education,10300,16.81,0.113,8,0,1
108264,24,36400,1.5,RENT,F,credit_card,2100,7.62,0.058,11,0,0
108265,31,99200,6.3,MORTGAGE,D,debt_consolidation,14700,10.49,0.148,11,0,1
108266,26,63800,0.3,RENT,F,debt_consolidation,3700,14.52,0.058,9,0,1
108267,36,50600,2.2,RENT,F,credit_card,14400,9.68,0.285,21,0,1
108268,28,103800,1.9,RENT,B,home_improvement,11400,14.32,0.11,9,0,0
108269,26,148400,7.1,OWN,D,debt_consolidation,14100,9.33,0.095,8,0,1
108270,36,45900,20.9,RENT,B,credit_card,4400,11.37,0.096,17,0,0
108271,31,34300,1.8,RENT,C,education,7200,13.92,0.21,12,0,0
108272,34,65200,3.6,RENT,A,credit_card,9500,7.57,0.146,19,0,0
108273,37,23600,2.8,MORTGAGE,G,home_improvement,10300,8.57,0.436,15,0,1
108274,27,25200,1.2,RENT,D,debt_consolidation,12900,14.79,0.512,10,1,0
108275,29,105700,6.9,MORTGAGE,B,medical,11600,8.66,0.11,7,1,0
108276,35,70600,2.1,RENT,B,debt_consolidation,10500,11.96,0.149,19,0,1
108277,20,32100,2.6,RENT,C,home_improvement,10600,15.01,0.33,2,0,0
108278,28,289000,1.1,RENT,D,debt_consolidation,11800,11.83,0.041,7,0,1
108279,27,24100,1.3,RENT,F,debt_consolidation,8200,12.48,0.34,9,0,0
108280,32,72500,0.6,MORTGAGE,B,debt_consolidation,15200,17.08,0.21,12,0,1
108281,23,33300,4.8,RENT,C,debt_consolidation,7800,19.78,0.234,7,0,1
108282,37,137300,2.8,MORTGAGE,C,education,3200,11.99,0.023,21,0,0
108283,24,38500,4.3,RENT,B,debt_consolidation,16100,9.97,0.418,4,0,1
108284,26,44100,2.4,RENT,C,venture,10500,14.5,0.238,9,0,0
108285,24,19100,0.6,RENT,A,credit_card,7500,8.7,0.393,5,0,0
108286,38,162000,1.5,MORTGAGE,A,debt_consolidation,8600,16.23,0.053,19,0,0
108287,20,36700,0.8,RENT,C,credit_card,18600,9.53,0.507,6,0,0
108288,42,67100,2.9,MORTGAGE,F,debt_consolidation,8600,9.98,0.128,23,0,1
108289,39,51700,0.3,MORTGAGE,B,medical,18700,7.81,0.362,24,0,0
108290,25,38100,5.4,RENT,B,debt_consolidation,10500,8.44,0.276,11,0,0
108291,36,15100,2.8,RENT,D,education,6600,15.75,0.437,17,0,1
108292,30,45500,0.0,RENT,F,debt_consolidation,3900,12.73,0.086,13,0,0
108293,41,44400,0.5,RENT,C,debt_consolidation,8500,11.31,0.191,22,0,0
108294,36,61400,0.3,RENT,A,debt_consolidation,16700,18.88,0.272,18,0,0
108295,44,167700,17.7,MORTGAGE,D,small_business,5900,11.93,0.035,27,0,0
108296,20,73500,9.7,MORTGAGE,C,credit_card,9900,11.44,0.135,2,0,0
108297,30,82700,3.6,MORTGAGE,D,education,18900,7.49,0.229,13,1,0
108298,20,43600,2.0,RENT,B,credit_card,3100,8.59,0.071,2,0,0
108299,25,25000,4.5,MORTGAGE,A,debt_consolidation,10100,8.13,0.404,5,0,0
108300,45,44200,4.0,MORTGAGE,B,small_business,11000,9.03,0.249,26,0,0
108301,32,34400,7.7,RENT,D,home_improvement,9900,9.82,0.288,14,0,0
108302,36,50100,10.1,MORTGAGE,B,medical,3200,10.47,0.064,21,0,0
108303,33,39300,0.6,MORTGAGE,B,credit_card,5300,14.02,0.135,15,0,0
108304,32,20500,5.1,MORTGAGE,C,small_business,2600,11.41,0.127,15,0,1
108305,25,103400,1.2,RENT,D,debt_consolidation,3900,17.94,0.038,5,0,1
108306,24,47700,0.4,MORTGAGE,A,venture,12900,13.77,0.27,8,0,0
108307,25,43000,1.5,MORTGAGE,D,debt_consolidation,6800,8.96,0.158,6,0,0
108308,20,28100,1.0,RENT,D,medical,12700,13.13,0.452,2,0,0
108309,28,39700,1.6,RENT,B,debt_consolidation,12300,12.04,0.31,10,0,0
108310,31,32100,1.8,RENT,G,medical,4400,16.53,0.137,12,1,1
108311,25,26700,0.2,MORTGAGE,E,education,8900,14.46,0.333,5,0,1
108312,28,56400,7.2,RENT,B,education,3400,11.74,0.06,11,0,0
108313,33,39800,2.4,MORTGAGE,A,credit_card,9400,17.79,0.236,17,1,1
108314,35,77800,6.7,OWN,B,credit_card,10200,13.51,0.131,14,0,0
108315,21,42300,3.6,OWN,B,medical,7200,13.66,0.17,4,0,0
108316,23,54900,0.6,RENT,C,home_improvement,3200,16.91,0.058,6,0,0
108317,34,54000,0.1,MORTGAGE,F,home_improvement,3600,14.58,0.067,15,0,0
108318,33,63700,1.5,OWN,E,debt_consolidation,32800,12.28,0.515,14,1,1
108319,38,32400,0.2,MORTGAGE,B,credit_card,11400,11.22,0.352,22,0,0
108320,38,84500,0.5,RENT,C,credit_card,7000,5.4,0.083,24,0,0
108321,46,26900,1.3,MORTGAGE,A,home_improvement,13700,5.4,0.509,31,0,0
108322,27,52800,3.5,MORTGAGE,C,debt_consolidation,18200,11.08,0.345,10,0,1
108323,40,26600,2.2,MORTGAGE,A,credit_card,15800,9.5,0.594,24,0,0
108324,23,48200,6.7,OWN,F,medical,7300,11.57,0.151,6,0,1
108325,46,84100,6.8,OTHER,E,credit_card,6700,15.16,0.08,27,1,1
108326,32,69900,19.8,MORTGAGE,B,education,12600,8.72,0.18,15,1,0
108327,33,92200,1.5,RENT,D,debt_consolidation,7100,5.83,0.077,12,0,0
108328,36,43600,3.1,MORTGAGE,C,credit_card,15700,6.82,0.36,17,0,1
108329,20,85000,1.6,MORTGAGE,E,credit_card,8600,7.96,0.101,4,1,0
108330,21,35200,5.7,MORTGAGE,C,credit_card,12500,7.4,0.355,3,0,0
108331,30,40000,0.5,RENT,B,small_business,14400,11.66,0.36,10,0,1
108332,31,55400,0.3,MORTGAGE,D,debt_consolidation,4000,17.04,0.072,12,0,0
108333,44,82200,1.0,MORTGAGE,A,credit_card,8800,13.71,0.107,24,0,0
108334,22,38100,0.2,OWN,C,debt_consolidation,15200,13.98,0.399,5,1,1
108335,40,75500,5.7,MORTGAGE,B,home_improvement,5200,12.29,0.069,21,1,0
108336,27,58500,3.7,RENT,D,medical,6000,7.04,0.103,9,0,0
108337,27,62000,3.7,MORTGAGE,E,debt_consolidation,15700,19.57,0.253,10,0,1
108338,28,32200,4.2,MORTGAGE,A,credit_card,18800,10.36,0.584,11,0,0
108339,27,41700,2.4,MORTGAGE,C,credit_card,1200,14.29,0.029,7,0,0
108340,32,48900,6.8,RENT,D,small_business,15700,5.4,0.321,12,1,0
108341,26,62000,2.2,MORTGAGE,A,debt_consolidation,2300,11.18,0.037,8,0,1
108342,20,33100,11.8,MORTGAGE,C,credit_card,7800,10.88,0.236,3,0,0
108343,27,25300,6.5,MORTGAGE,D,medical,3800,10.54,0.15,8,0,0
108344,32,15900,2.0,OWN,B,credit_card,6000,6.45,0.377,13,1,0
108345,20,77700,0.7,OTHER,E,small_business,8600,12.21,0.111,2,0,0
108346,33,86600,0.8,MORTGAGE,C,credit_card,10900,15.89,0.126,15,1,0
108347,37,17100,1.0,OWN,D,education,17800,19.06,0.9,19,0,1
108348,39,53700,1.7,MORTGAGE,A,debt_consolidation,3900,17.44,0.073,22,0,0
108349,31,41900,0.2,OWN,A,debt_consolidation,15300,16.05,0.365,11,1,0
108350,20,100600,1.4,OWN,A,credit_card,7000,17.65,0.07,5,0,0
108351,34,45900,1.6,MORTGAGE,F,credit_card,7000,18.07,0.153,15,0,1
108352,36,69600,1.2,RENT,E,home_improvement,20600,8.17,0.296,21,0,0
108353,24,40800,0.3,RENT,E,debt_consolidation,12900,12.41,0.316,2,0,0
108354,28,35300,2.3,MORTGAGE,B,debt_consolidation,3200,6.9,0.091,7,0,0
108355,32,78600,14.1,MORTGAGE,C,small_business,7800,13.44,0.099,14,0,1
108356,42,93300,0.7,MORTGAGE,E,debt_consolidation,5400,10.61,0.058,26,0,1
108357,27,25600,0.8,MORTGAGE,D,small_business,6400,10.94,0.25,9,0,0
108358,35,96600,4.4,MORTGAGE,A,home_improvement,7500,10.52,0.078,17,0,0
108359,31,30100,0.1,RENT,E,debt_consolidation,10500,5.4,0.349,14,0,0
108360,30,14300,0.2,RENT,A,small_business,4100,5.4,0.287,12,1,0
108361,38,51800,2.1,MORTGAGE,A,education,7200,14.58,0.139,24,0,0
108362,23,68100,1.5,RENT,F,medical,6500,9.07,0.095,4,0,1
108363,31,22400,2.4,OWN,C,debt_consolidation,10000,15.18,0.446,16,0,0
108364,29,17300,8.2,OWN,B,credit_card,7900,10.92,0.457,10,0,0
108365,20,39300,10.0,RENT,C,education,13600,5.79,0.346,2,0,0
108366,38,36500,4.6,MORTGAGE,G,home_improvement,9300,6.46,0.255,18,1,1
108367,35,109500,2.0,MORTGAGE,A,debt_consolidation,11300,9.08,0.103,19,0,0
108368,29,51900,23.2,OWN,D,debt_consolidation,9200,8.16,0.177,13,0,1
108369,27,77200,0.2,MORTGAGE,B,small_business,4300,11.18,0.056,9,0,0
108370,29,57800,17.2,OWN,A,medical,6600,12.41,0.114,12,0,0
108371,34,122100,3.6,MORTGAGE,C,education,5600,12.72,0.046,16,1,0
108372,29,31600,1.7,RENT,C,education,12300,12.32,0.389,12,0,0
108373,24,49100,7.1,MORTGAGE,B,debt_consolidation,12900,14.68,0.263,8,0,0
108374,25,21700,2.4,MORTGAGE,C,home_improvement,7700,15.11,0.355,5,1,0
108375,29,80500,7.3,OTHER,D,debt_consolidation,8800,8.15,0.109,9,0,0
108376,22,95100,7.4,RENT,C,debt_consolidation,3400,5.4,0.036,3,0,0
108377,31,83300,4.1,RENT,D,debt_consolidation,6500,9.06,0.078,12,0,1
108378,23,48100,3.1,MORTGAGE,E,education,2000,11.8,0.042,5,1,0
108379,22,22700,8.4,OWN,C,debt_consolidation,12600,9.61,0.555,4,0,0
108380,51,49100,1.1,MORTGAGE,C,credit_card,27600,13.78,0.562,33,0,1
108381,43,35500,21.6,RENT,C,credit_card,6000,6.7,0.169,25,0,0
108382,30,85600,9.2,MORTGAGE,C,debt_consolidation,9200,17.19,0.107,12,1,0
108383,35,40800,7.2,MORTGAGE,A,credit_card,10200,14.32,0.25,15,0,1
108384,36,40300,5.9,OWN,B,debt_consolidation,4300,10.11,0.107,14,0,0
108385,28,170400,8.7,MORTGAGE,A,credit_card,7500,8.75,0.044,8,0,0
108386,31,80000,5.0,RENT,B,credit_card,10500,10.95,0.131,15,1,1
108387,27,93100,0.9,OWN,G,medical,8900,15.63,0.096,4,1,1
108388,38,38900,4.4,RENT,C,small_business,8400,10.06,0.216,22,0,0
108389,38,28100,9.7,OTHER,C,medical,6900,9.41,0.246,19,0,0
108390,40,92700,2.7,RENT,C,credit_card,5200,11.48,0.056,24,1,0
108391,31,117100,6.1,MORTGAGE,D,debt_consolidation,11800,6.98,0.101,11,0,0
108392,44,25400,11.7,RENT,C,credit_card,21300,15.37,0.839,21,0,1
108393,28,38800,2.4,RENT,C,venture,2700,13.74,0.07,8,0,0
108394,43,31200,2.7,OTHER,D,debt_consolidation,2500,14.76,0.08,25,0,0
108395,26,67200,1.6,RENT,A,debt_consolidation,4200,16.49,0.062,9,0,0
108396,20,93700,2.9,RENT,C,venture,6400,8.65,0.068,2,0,0
108397,43,42100,8.0,OWN,C,venture,7000,11.56,0.166,26,0,0
108398,34,42000,0.3,RENT,D,debt_consolidation,8700,11.16,0.207,16,0,0
108399,33,17600,11.2,MORTGAGE,G,small_business,8400,17.2,0.477,14,0,1
108400,26,30500,4.4,OTHER,E,credit_card,7500,10.01,0.246,8,1,1
108401,23,118100,5.6,MORTGAGE,C,credit_card,16300,5.4,0.138,5,0,0
108402,24,67600,1.5,RENT,A,credit_card,4900,9.84,0.072,7,0,0
108403,30,85800,4.0,MORTGAGE,C,venture,13300,14.69,0.155,12,0,1
108404,28,42200,1.8,MORTGAGE,E,debt_consolidation,24100,13.42,0.571,10,0,1
108405,20,44300,2.2,RENT,F,medical,3600,11.16,0.081,6,0,0
108406,41,52100,1.5,MORTGAGE,E,debt_consolidation,2800,10.13,0.054,19,0,0
108407,26,61600,3.0,RENT,B,home_improvement,9000,12.73,0.146,5,0,0
108408,38,109800,6.1,RENT,D,home_improvement,11600,13.54,0.106,22,0,0
108409,24,35600,5.1,RENT,E,small_business,8300,12.28,0.233,3,0,0
108410,30,47800,4.7,OWN,D,education,2500,10.24,0.052,14,0,0
108411,36,33300,3.0,RENT,D,small_business,3200,11.39,0.096,19,0,1
108412,35,17500,1.6,RENT,C,small_business,6100,9.53,0.349,14,0,1
108413,27,85500,0.2,OWN,D,debt_consolidation,10200,15.22,0.119,11,0,1
108414,33,134700,10.4,RENT,B,venture,6700,11.03,0.05,17,0,1
108415,34,78500,0.5,OWN,A,credit_card,9100,8.13,0.116,16,1,0
108416,28,58500,5.8,OWN,E,credit_card,9000,19.63,0.154,10,0,0
108417,21,142800,0.7,MORTGAGE,F,credit_card,13500,8.88,0.095,6,0,1
108418,25,66300,0.5,RENT,E,credit_card,4300,8.28,0.065,4,0,0
108419,26,80100,2.8,RENT,B,home_improvement,8500,7.17,0.106,9,1,0
108420,29,55700,2.8,RENT,A,credit_card,17900,9.03,0.321,8,0,0
108421,40,60600,2.2,RENT,B,debt_consolidation,5200,14.19,0.086,23,0,0
108422,35,47900,3.4,MORTGAGE,E,education,5700,5.81,0.119,17,0,1
108423,23,81500,17.1,RENT,D,education,8500,12.08,0.104,5,0,0
108424,42,28300,4.5,MORTGAGE,F,credit_card,4500,9.4,0.159,27,1,1
108425,28,64900,0.3,RENT,B,venture,4300,8.58,0.066,7,0,1
108426,34,32200,7.4,RENT,C,credit_card,6700,5.4,0.208,17,0,0
108427,22,68200,2.8,RENT,E,credit_card,7100,11.34,0.104,4,0,1
108428,26,192300,2.4,RENT,B,education,12300,5.4,0.064,8,0,0
108429,36,75700,18.8,MORTGAGE,F,home_improvement,4900,10.49,0.065,20,0,0
108430,23,98300,0.2,MORTGAGE,C,small_business,8200,12.73,0.083,7,0,1
108431,29,84700,4.9,RENT,A,credit_card,16000,5.4,0.189,12,0,0
108432,32,14300,6.1,MORTGAGE,A,credit_card,15500,14.0,0.9,12,0,0
108433,22,47900,0.4,RENT,E,debt_consolidation,7600,5.4,0.159,5,0,1
108434,20,65900,1.1,OWN,D,venture,9000,18.04,0.137,4,1,1
108435,35,16300,3.8,RENT,D,debt_consolidation,4900,10.8,0.301,18,0,0
108436,49,44100,0.6,MORTGAGE,E,credit_card,9500,8.39,0.215,32,0,0
108437,32,49300,4.0,RENT,C,debt_consolidation,18800,12.24,0.381,14,0,0
108438,34,26200,6.5,RENT,E,home_improvement,16600,8.26,0.634,14,0,0
108439,23,30200,1.0,MORTGAGE,F,credit_card,8000,5.4,0.265,4,0,1
108440,39,107500,4.2,RENT,A,small_business,9800,15.6,0.091,20,1,0
108441,26,12000,9.4,MORTGAGE,D,credit_card,5400,10.25,0.45,8,0,0
108442,37,59800,1.3,MORTGAGE,B,debt_consolidation,4900,11.77,0.082,18,0,0
108443,33,97700,5.3,RENT,B,debt_consolidation,6600,10.9,0.068,19,0,0
108444,33,50800,3.5,OTHER,C,debt_consolidation,9400,8.51,0.185,16,0,0
108445,33,111800,3.2,RENT,E,small_business,12100,7.48,0.108,15,1,1
108446,33,40700,6.0,OWN,A,medical,7800,14.13,0.192,16,0,0
108447,31,31300,1.8,MORTGAGE,C,credit_card,10300,13.34,0.329,14,0,1
108448,36,51300,2.9,RENT,D,credit_card,2000,11.34,0.039,22,1,0
108449,24,41800,2.0,RENT,A,debt_consolidation,8900,15.18,0.213,7,0,0
108450,27,37600,3.6,MORTGAGE,E,education,5800,11.23,0.154,8,0,0
108451,39,46700,4.6,MORTGAGE,F,venture,4100,15.52,0.088,19,1,0
108452,30,33300,4.0,MORTGAGE,A,small_business,10400,16.81,0.312,12,1,0
108453,27,32500,4.4,RENT,A,debt_consolidation,18000,15.4,0.554,13,0,0
108454,36,27800,1.0,RENT,G,credit_card,8000,12.98,0.288,18,0,0
108455,35,64800,4.3,MORTGAGE,B,venture,13100,7.87,0.202,15,1,0
108456,20,29700,0.1,OWN,A,debt_consolidation,6400,13.1,0.215,4,0,0
108457,34,26000,8.4,RENT,F,home_improvement,25100,9.79,0.9,16,0,1
108458,30,28600,0.1,MORTGAGE,E,education,3400,14.09,0.119,9,0,0
108459,34,57700,1.3,MORTGAGE,D,medical,7700,17.32,0.133,16,0,0
108460,29,74500,7.7,MORTGAGE,C,home_improvement,12300,11.18,0.165,13,0,0
108461,32,77900,1.5,MORTGAGE,F,credit_card,8000,7.47,0.103,10,0,1
108462,20,58000,0.2,RENT,D,education,17300,14.03,0.298,3,0,0
108463,23,69200,3.8,RENT,D,credit_card,2600,11.47,0.038,2,0,0
108464,34,50000,0.3,MORTGAGE,E,education,7600,17.03,0.152,16,0,1
108465,47,66200,2.0,OWN,D,credit_card,7100,11.69,0.107,28,0,0
108466,32,65700,2.8,MORTGAGE,C,small_business,7600,11.25,0.116,16,0,0
108467,24,34500,2.4,RENT,B,education,3400,11.85,0.099,8,0,0
108468,30,28500,1.2,RENT,C,credit_card,6900,12.61,0.242,9,0,1
108469,23,108400,0.6,MORTGAGE,C,debt_consolidation,6700,5.4,0.062,2,0,0
108470,38,55200,3.5,MORTGAGE,B,debt_consolidation,9300,8.58,0.168,17,0,0
108471,29,91900,7.2,RENT,C,medical,14800,15.49,0.161,12,0,0
108472,36,28100,6.0,RENT,E,home_improvement,8600,9.15,0.306,13,0,0
108473,28,41200,10.9,MORTGAGE,C,debt_consolidation,10200,11.4,0.248,9,0,0
108474,37,24200,8.6,RENT,A,education,16200,10.68,0.669,21,0,0
108475,20,73500,3.9,RENT,B,education,15600,9.03,0.212,3,0,0
108476,29,36800,3.3,MORTGAGE,B,education,2200,10.92,0.06,8,1,0
108477,33,38000,2.5,RENT,E,home_improvement,12600,7.82,0.332,15,0,0
108478,27,151100,0.5,RENT,C,venture,12500,6.17,0.083,7,1,1
108479,32,74300,2.9,RENT,B,education,7000,12.24,0.094,13,0,0
108480,31,73800,0.9,RENT,E,debt_consolidation,6300,17.3,0.085,12,0,1
108481,36,26600,0.2,OWN,A,venture,4400,14.19,0.165,17,0,0
108482,33,18600,14.3,MORTGAGE,A,credit_card,2800,14.26,0.151,15,0,0
108483,32,87900,0.4,RENT,E,education,12900,15.3,0.147,13,1,1
108484,35,15000,7.4,RENT,C,small_business,12300,12.24,0.82,16,1,1
108485,20,39100,10.0,RENT,D,home_improvement,7700,11.59,0.197,4,0,0
108486,24,33000,0.2,OWN,E,debt_consolidation,12000,8.41,0.364,6,0,1
108487,20,31000,4.1,MORTGAGE,F,debt_consolidation,14200,14.34,0.458,2,0,0
108488,33,40400,0.2,MORTGAGE,A,debt_consolidation,3000,12.5,0.074,15,0,0
108489,32,28800,7.3,RENT,E,small_business,9300,9.02,0.323,11,0,0
108490,39,26400,10.3,OWN,D,education,7100,10.37,0.269,21,1,0
108491,31,59300,15.5,MORTGAGE,B,debt_consolidation,10300,7.44,0.174,14,1,0
108492,25,92600,3.8,RENT,F,debt_consolidation,9000,13.39,0.097,9,0,0
108493,30,19800,3.1,RENT,C,home_improvement,12400,17.06,0.626,13,0,0
108494,20,57400,2.5,RENT,E,debt_consolidation,3400,7.43,0.059,2,0,0
108495,26,69400,4.6,MORTGAGE,C,debt_consolidation,16700,15.26,0.241,7,0,1
108496,20,65900,14.1,RENT,C,debt_consolidation,6100,15.85,0.093,4,0,1
108497,31,45600,3.0,RENT,A,home_improvement,7500,7.31,0.164,12,0,0
108498,27,37100,1.7,MORTGAGE,F,home_improvement,3100,5.4,0.084,9,1,1
108499,28,78200,15.5,MORTGAGE,C,medical,7700,11.73,0.098,11,0,0
108500,22,62000,0.2,RENT,A,debt_consolidation,8000,10.87,0.129,7,0,0
108501,24,18200,3.6,MORTGAGE,A,debt_consolidation,7800,10.71,0.429,6,0,0
108502,34,45600,3.4,RENT,D,medical,5400,15.56,0.118,15,0,0
108503,20,53100,0.1,RENT,A,venture,4100,10.23,0.077,6,0,0
108504,33,28200,0.5,MORTGAGE,C,credit_card,11500,20.21,0.408,19,1,1
108505,23,45100,3.1,MORTGAGE,D,education,3100,5.97,0.069,5,0,0
108506,20,67500,3.3,OWN,B,small_business,12600,8.38,0.187,2,1,1
108507,38,32700,5.1,MORTGAGE,C,education,20600,8.36,0.63,22,1,1
108508,38,58600,0.7,MORTGAGE,B,credit_card,27400,10.83,0.468,21,0,1
108509,25,29900,10.5,RENT,F,debt_consolidation,4500,16.61,0.151,7,0,1
108510,25,26100,7.9,RENT,E,debt_consolidation,11200,7.48,0.429,8,0,0
108511,27,72300,10.9,OWN,B,small_business,5900,8.25,0.082,8,0,0
108512,23,98300,5.3,MORTGAGE,C,education,15900,9.22,0.162,7,0,0
108513,25,26900,6.1,OWN,C,credit_card,10100,11.18,0.375,8,1,1
108514,32,87000,0.1,MORTGAGE,F,debt_consolidation,6900,12.08,0.079,15,0,0
108515,44,51200,6.5,RENT,B,debt_consolidation,4900,10.1,0.096,26,1,0
108516,27,15300,3.3,RENT,C,home_improvement,6600,6.86,0.431,8,0,1
108517,36,23400,0.9,RENT,F,education,5600,11.15,0.239,14,0,1
108518,31,72000,5.5,MORTGAGE,A,credit_card,8000,16.66,0.111,9,0,0
108519,20,21100,9.7,OWN,C,home_improvement,8200,14.8,0.389,2,0,0
108520,29,36700,0.4,MORTGAGE,A,credit_card,6000,9.86,0.163,13,0,0
108521,28,49300,0.6,MORTGAGE,C,education,5700,11.76,0.116,9,0,1
108522,39,65900,9.0,RENT,B,medical,11400,13.3,0.173,19,0,0
108523,40,57000,8.3,RENT,F,debt_consolidation,11900,14.69,0.209,22,1,1
108524,32,122100,1.4,RENT,C,home_improvement,5200,17.02,0.043,12,0,0
108525,37,32900,1.0,OTHER,A,medical,7900,12.47,0.24,18,0,0
108526,28,54400,1.0,MORTGAGE,E,education,5000,7.28,0.092,11,0,0
108527,37,66100,0.9,MORTGAGE,E,home_improvement,34000,5.99,0.514,18,1,0
108528,30,76300,3.2,OWN,D,debt_consolidation,4800,13.67,0.063,11,0,0
108529,37,91900,1.3,RENT,D,credit_card,9300,6.29,0.101,19,0,0
108530,37,40600,10.1,OWN,B,home_improvement,10400,14.44,0.256,16,0,0
108531,34,73700,3.5,MORTGAGE,D,debt_consolidation,5600,9.35,0.076,17,0,0
108532,24,31000,6.2,RENT,A,venture,5000,7.13,0.161,9,0,0
108533,26,49400,1.9,MORTGAGE,B,debt_consolidation,6900,13.35,0.14,7,0,0
108534,34,67900,3.3,RENT,F,education,5000,7.82,0.074,16,0,0
108535,35,88100,0.3,MORTGAGE,D,credit_card,9000,13.2,0.102,15,1,0
108536,30,70500,0.2,RENT,B,debt_consolidation,5100,12.16,0.072,11,0,0
108537,27,54200,13.7,RENT,A,credit_card,8800,5.4,0.162,11,0,0
108538,30,49300,0.9,MORTGAGE,F,home_improvement,2600,16.6,0.053,12,0,1
108539,27,69700,7.7,RENT,A,education,5200,16.16,0.075,10,0,0
108540,27,171800,4.6,RENT,B,credit_card,6400,14.93,0.037,10,0,0
108541,43,82500,12.1,MORTGAGE,B,debt_consolidation,14000,15.0,0.17,25,0,0
108542,26,63600,0.6,RENT,A,education,2900,8.88,0.046,10,0,0
108543,33,24300,8.0,MORTGAGE,B,credit_card,14200,15.67,0.584,11,0,1
108544,30,32400,1.3,MORTGAGE,G,debt_consolidation,11600,14.23,0.358,10,0,1
108545,20,43100,12.0,RENT,B,education,3000,5.4,0.07,2,0,1
108546,20,85000,0.8,OTHER,C,debt_consolidation,10900,8.02,0.128,2,0,0
108547,28,30800,2.3,RENT,D,debt_consolidation,4900,8.77,0.159,9,1,1
108548,20,73400,5.5,RENT,C,credit_card,11100,16.82,0.151,2,0,0
108549,42,55000,4.2,RENT,D,home_improvement,11500,8.02,0.209,27,0,0
108550,26,62600,1.2,MORTGAGE,D,credit_card,12500,9.39,0.2,6,0,1
108551,26,45800,8.5,RENT,C,education,5900,6.88,0.129,11,0,0
108552,38,37100,3.8,RENT,D,debt_consolidation,11800,9.78,0.318,20,1,1
108553,28,30200,4.1,MORTGAGE,E,venture,18900,15.22,0.626,10,0,1
108554,34,72100,1.0,MORTGAGE,D,debt_consolidation,6900,6.38,0.096,16,0,0
108555,25,49400,3.4,RENT,E,debt_consolidation,7400,13.2,0.15,8,0,0
108556,29,28500,7.8,RENT,A,debt_consolidation,12000,8.34,0.421,13,0,0
108557,36,58300,3.8,RENT,D,debt_consolidation,1700,18.28,0.029,16,0,0
108558,23,338700,2.9,RENT,D,credit_card,4700,11.91,0.014,4,0,0
108559,33,46100,1.0,MORTGAGE,B,education,14100,11.2,0.306,16,0,1
108560,20,128000,3.7,RENT,E,medical,8800,9.41,0.069,2,0,1
108561,38,12400,13.2,RENT,B,small_business,7200,12.27,0.581,16,0,0
108562,25,44400,2.7,RENT,B,debt_consolidation,4800,6.2,0.108,8,1,0
108563,28,87100,4.2,MORTGAGE,E,education,8200,11.85,0.094,8,0,0
108564,28,52000,2.3,MORTGAGE,B,credit_card,6100,9.39,0.117,12,0,1
108565,22,36200,2.3,RENT,C,small_business,3100,9.23,0.086,3,0,0
108566,22,50800,0.7,MORTGAGE,B,small_business,16600,18.92,0.327,6,0,1
108567,33,88600,3.9,MORTGAGE,E,debt_consolidation,5500,16.55,0.062,16,0,0
108568,33,167500,0.7,RENT,C,credit_card,7000,16.76,0.042,14,0,0
108569,23,92600,12.3,RENT,D,education,3000,14.56,0.032,3,1,0
108570,33,39000,0.9,RENT,E,debt_consolidation,6000,12.97,0.154,15,1,1
108571,33,45300,0.6,MORTGAGE,D,small_business,14100,16.78,0.311,15,0,1
108572,26,45500,6.5,RENT,F,venture,13500,12.68,0.297,7,0,1
108573,20,32000,0.4,RENT,E,credit_card,8200,13.73,0.256,2,0,0
108574,29,47300,16.0,MORTGAGE,C,credit_card,5700,16.49,0.121,11,0,1
108575,32,44300,0.9,MORTGAGE,F,credit_card,8200,14.44,0.185,17,0,0
108576,29,26600,1.5,MORTGAGE,C,medical,10700,13.1,0.402,11,0,1
108577,25,81700,1.7,RENT,A,credit_card,3600,14.36,0.044,6,0,0
108578,32,65000,1.4,RENT,B,credit_card,9300,11.9,0.143,14,1,0
108579,38,36200,3.8,MORTGAGE,D,debt_consolidation,12400,13.33,0.343,21,0,0
108580,24,55900,2.4,MORTGAGE,A,venture,7800,13.67,0.14,4,0,0
108581,27,30300,3.0,OTHER,C,education,8000,7.06,0.264,8,0,0
108582,48,38000,3.0,MORTGAGE,B,home_improvement,5400,8.85,0.142,30,0,0
108583,31,75200,2.6,MORTGAGE,C,venture,9500,14.12,0.126,12,0,0
108584,20,66800,2.3,RENT,A,small_business,19600,11.97,0.293,2,0,1
108585,26,38900,8.1,OTHER,E,venture,17600,11.44,0.452,9,0,0
108586,24,61200,7.1,MORTGAGE,B,debt_consolidation,5900,12.56,0.096,2,0,0
108587,32,49500,0.8,RENT,A,debt_consolidation,6600,5.4,0.133,13,0,0
108588,31,29800,1.0,RENT,C,education,17200,10.89,0.577,12,0,0
108589,25,47000,4.7,MORTGAGE,C,credit_card,11200,10.92,0.238,6,1,0
108590,42,65400,6.7,RENT,D,credit_card,11100,12.15,0.17,27,0,0
108591,30,61000,1.9,MORTGAGE,C,small_business,3000,14.58,0.049,11,0,0
108592,26,20300,2.8,MORTGAGE,A,home_improvement,13400,10.19,0.66,10,0,1
108593,20,56500,0.5,RENT,E,credit_card,6900,16.34,0.122,2,0,0
108594,23,52300,1.8,OTHER,C,credit_card,9200,8.0,0.176,6,0,0
108595,20,18100,1.8,OWN,A,credit_card,5500,14.0,0.304,2,0,0
108596,28,33000,0.6,RENT,D,debt_consolidation,20100,9.63,0.609,11,0,0
108597,23,67500,0.9,RENT,D,debt_consolidation,4700,15.7,0.07,4,0,1
108598,34,110400,0.8,OWN,D,credit_card,23700,12.3,0.215,15,0,0
108599,25,20900,0.5,RENT,C,medical,8200,7.16,0.392,6,1,1
108600,35,88300,25.0,OWN,C,credit_card,7400,11.87,0.084,15,0,0
108601,32,18300,1.3,RENT,C,credit_card,5000,12.94,0.273,14,0,0
108602,34,111100,2.6,MORTGAGE,A,home_improvement,6100,12.31,0.055,18,1,0
108603,35,45200,10.3,MORTGAGE,B,debt_consolidation,7200,12.68,0.159,16,0,1
108604,43,34800,3.2,RENT,G,credit_card,8700,10.69,0.25,23,0,1
108605,23,62600,0.9,MORTGAGE,D,debt_consolidation,10900,9.49,0.174,9,0,1
108606,35,30400,3.8,RENT,C,home_improvement,7200,5.58,0.237,16,0,1
108607,32,68400,0.7,RENT,B,debt_consolidation,10900,13.6,0.159,15,0,0
108608,36,48100,2.9,RENT,D,credit_card,15500,13.33,0.322,18,0,0
108609,30,12000,0.8,RENT,B,home_improvement,14500,18.38,0.9,14,0,1
108610,37,33000,2.6,RENT,A,medical,11400,11.35,0.345,19,0,0
108611,20,57200,1.6,RENT,A,small_business,10700,12.5,0.187,2,0,0
108612,22,92600,13.3,RENT,D,venture,4500,12.04,0.049,4,0,1
108613,25,61800,13.8,RENT,D,home_improvement,9100,14.62,0.147,6,0,0
108614,28,91800,0.7,RENT,A,credit_card,4500,9.65,0.049,10,0,0
108615,29,31500,2.2,MORTGAGE,A,debt_consolidation,14200,12.04,0.451,9,0,1
108616,24,76900,1.5,RENT,D,debt_consolidation,9500,11.6,0.124,7,0,0
108617,22,77600,9.8,MORTGAGE,C,debt_consolidation,15100,14.18,0.195,9,0,0
108618,24,21000,12.8,RENT,D,debt_consolidation,15500,19.5,0.738,4,0,1
108619,20,94300,2.2,RENT,A,credit_card,10300,12.69,0.109,3,0,0
108620,27,61700,1.9,RENT,D,small_business,5600,6.3,0.091,9,0,0
108621,29,44100,12.7,RENT,F,small_business,2400,7.28,0.054,9,0,0
108622,32,43700,1.6,MORTGAGE,C,debt_consolidation,10900,15.3,0.249,16,0,0
108623,30,29100,1.3,MORTGAGE,B,credit_card,7400,5.51,0.254,11,0,0
108624,42,72900,7.9,RENT,D,debt_consolidation,12600,12.64,0.173,23,0,1
108625,35,60800,0.4,RENT,B,credit_card,11900,8.87,0.196,20,0,0
108626,34,71000,3.6,MORTGAGE,A,credit_card,11300,21.21,0.159,15,1,0
108627,32,53800,0.2,RENT,B,debt_consolidation,9300,7.14,0.173,16,1,0
108628,33,57700,2.6,MORTGAGE,F,debt_consolidation,3300,9.12,0.057,16,0,0
108629,27,43800,0.5,MORTGAGE,C,venture,16200,14.31,0.37,9,0,0
108630,30,93200,4.7,RENT,E,credit_card,4100,10.67,0.044,13,0,0
108631,42,71900,9.7,RENT,C,credit_card,5700,8.91,0.079,26,0,0
108632,29,56700,2.1,RENT,C,debt_consolidation,6800,8.02,0.12,11,0,0
108633,20,47900,0.2,MORTGAGE,A,debt_consolidation,8200,9.14,0.171,2,0,0
108634,34,19500,0.6,OWN,D,credit_card,6800,8.24,0.349,18,1,1
108635,35,17300,1.4,RENT,A,venture,6000,11.45,0.347,23,0,0
108636,30,42100,0.7,OWN,C,debt_consolidation,12600,18.43,0.299,9,0,0
108637,20,103500,2.3,RENT,B,debt_consolidation,3900,18.92,0.038,2,1,0
108638,38,35000,0.6,RENT,B,venture,6500,18.86,0.186,18,0,0
108639,31,35700,2.4,MORTGAGE,C,credit_card,2600,11.03,0.073,12,0,0
108640,27,30200,6.5,OWN,A,debt_consolidation,4600,14.08,0.152,7,0,0
108641,37,25300,19.5,MORTGAGE,B,home_improvement,3400,11.96,0.134,20,0,0
108642,20,31200,2.5,MORTGAGE,G,credit_card,12100,8.55,0.388,2,0,1
108643,30,60100,1.8,MORTGAGE,A,venture,9000,5.4,0.15,11,0,0
108644,25,39300,7.1,MORTGAGE,B,debt_consolidation,5200,5.4,0.132,6,0,0
108645,39,38400,7.7,MORTGAGE,B,medical,1400,12.06,0.036,23,0,1
108646,31,36500,0.0,MORTGAGE,B,debt_consolidation,3500,6.59,0.096,13,0,0
108647,23,58700,10.4,MORTGAGE,D,medical,4400,8.64,0.075,2,1,1
108648,37,63900,6.2,MORTGAGE,B,medical,6600,12.83,0.103,20,1,0
108649,20,18400,4.4,OWN,C,medical,12300,5.4,0.668,2,0,1
108650,33,33900,7.8,MORTGAGE,D,education,3700,16.78,0.109,13,1,1
108651,20,49100,2.5,RENT,B,small_business,3900,11.69,0.079,4,0,1
108652,26,65600,13.1,OWN,F,debt_consolidation,3200,10.14,0.049,7,0,0
108653,27,55300,1.4,MORTGAGE,G,debt_consolidation,8100,9.2,0.146,10,0,0
108654,35,81000,0.2,MORTGAGE,A,credit_card,2500,13.2,0.031,16,0,0
108655,44,23700,7.4,MORTGAGE,B,credit_card,3100,8.03,0.131,26,0,0
108656,20,64800,10.4,RENT,B,debt_consolidation,10500,16.25,0.162,5,0,0
108657,32,159200,9.2,RENT,B,small_business,18700,14.62,0.117,14,0,0
108658,44,52900,0.1,RENT,C,small_business,8400,8.89,0.159,25,0,1
108659,25,54100,10.5,MORTGAGE,C,venture,6800,10.79,0.126,4,0,0
108660,25,68600,0.5,MORTGAGE,C,credit_card,26800,15.87,0.391,9,0,0
108661,31,38200,6.5,MORTGAGE,B,medical,6100,12.96,0.16,14,0,0
108662,35,30600,4.9,RENT,B,small_business,6100,10.69,0.199,18,0,1
108663,34,53200,0.1,OTHER,G,venture,6000,8.82,0.113,16,0,1
108664,26,20700,1.2,RENT,F,medical,18500,11.1,0.894,10,0,1
108665,23,64100,2.1,RENT,A,debt_consolidation,10900,10.01,0.17,4,0,0
108666,38,70300,0.5,OWN,D,debt_consolidation,10800,12.61,0.154,21,0,0
108667,24,21300,0.1,MORTGAGE,C,venture,9700,10.37,0.455,10,0,0
108668,20,56400,7.7,OWN,D,small_business,6300,8.02,0.112,2,1,0
108669,20,45700,0.4,MORTGAGE,C,medical,6800,15.45,0.149,2,0,1
108670,25,116200,5.6,RENT,E,medical,4800,13.46,0.041,6,0,0
108671,39,105900,1.6,RENT,A,small_business,6500,7.91,0.061,20,0,0
108672,21,81900,4.4,MORTGAGE,B,small_business,9500,9.38,0.116,3,0,0
108673,40,100300,5.5,MORTGAGE,G,education,7300,14.06,0.073,25,0,0
108674,38,42200,0.2,MORTGAGE,B,education,12600,8.48,0.299,21,0,0
108675,31,59500,2.4,RENT,A,credit_card,9400,10.89,0.158,13,1,0
108676,20,44900,4.1,RENT,D,debt_consolidation,9000,10.45,0.2,2,0,0
108677,21,29800,0.7,MORTGAGE,D,debt_consolidation,5000,8.9,0.168,2,0,0
108678,25,53900,2.9,OWN,D,credit_card,4100,7.68,0.076,7,0,0
108679,41,49200,8.5,RENT,D,medical,4400,11.3,0.089,21,0,0
108680,25,46100,2.8,RENT,D,medical,14700,8.15,0.319,10,1,0
108681,24,49900,0.6,RENT,A,credit_card,3100,9.35,0.062,4,0,0
108682,30,53300,1.7,RENT,C,debt_consolidation,9000,14.56,0.169,9,1,1
108683,20,84000,4.8,MORTGAGE,D,credit_card,9000,8.92,0.107,2,0,0
108684,29,37400,15.2,RENT,E,medical,5600,13.15,0.15,9,0,0
108685,23,25500,1.5,RENT,B,home_improvement,7900,14.95,0.31,2,0,0
108686,48,74800,6.9,MORTGAGE,A,debt_consolidation,8900,11.11,0.119,30,0,0
108687,23,82500,1.9,MORTGAGE,E,credit_card,4300,13.34,0.052,5,0,1
108688,43,62700,10.1,RENT,B,credit_card,5200,8.41,0.083,23,0,0
108689,21,27500,2.8,OWN,A,credit_card,7500,14.17,0.273,5,0,0
108690,31,47900,4.0,MORTGAGE,E,medical,7700,13.82,0.161,13,0,0
108691,33,60300,0.3,RENT,C,education,3700,16.74,0.061,15,0,1
108692,30,28600,5.8,OWN,B,debt_consolidation,8100,15.72,0.283,14,1,0
108693,30,33800,8.3,RENT,A,debt_consolidation,8300,12.45,0.246,14,0,0
108694,35,47500,4.9,OTHER,A,credit_card,13400,21.44,0.282,15,0,0
108695,32,98800,2.9,MORTGAGE,E,debt_consolidation,7600,14.68,0.077,11,0,1
108696,28,58300,0.0,OWN,C,credit_card,6200,16.08,0.106,9,0,1
108697,24,37600,0.0,RENT,A,debt_consolidation,11800,9.84,0.314,9,0,1
108698,28,46100,15.5,RENT,B,debt_consolidation,14300,10.17,0.31,8,0,0
108699,28,35700,2.3,OWN,A,medical,3600,11.76,0.101,12,0,0
108700,28,41100,1.0,MORTGAGE,A,debt_consolidation,5800,7.89,0.141,8,0,0
108701,30,76700,4.1,OWN,B,medical,2400,11.64,0.031,12,1,0
108702,20,17900,8.1,RENT,C,debt_consolidation,4600,11.36,0.257,2,0,0
108703,22,106200,9.0,MORTGAGE,B,debt_consolidation,17500,15.44,0.165,5,0,0
108704,35,171800,12.9,RENT,B,debt_consolidation,4300,15.7,0.025,17,0,0
108705,20,56400,4.2,RENT,C,debt_consolidation,10000,11.94,0.177,2,1,1
108706,37,32600,1.8,MORTGAGE,C,credit_card,9700,10.16,0.298,18,0,1
108707,25,97700,2.5,MORTGAGE,A,medical,5600,17.95,0.057,5,0,0
108708,41,60000,2.0,MORTGAGE,A,education,6000,6.03,0.1,23,0,0
108709,38,38600,5.2,RENT,A,debt_consolidation,16600,5.91,0.43,18,0,0
108710,27,30200,1.9,MORTGAGE,B,debt_consolidation,12900,13.23,0.427,9,0,0
108711,27,41200,7.0,OWN,D,debt_consolidation,26400,11.25,0.641,10,0,0
108712,40,57300,0.9,RENT,A,small_business,1900,10.39,0.033,23,1,0
108713,38,84300,9.0,MORTGAGE,E,debt_consolidation,10300,5.4,0.122,21,0,0
108714,36,60300,2.1,OWN,D,debt_consolidation,2100,8.34,0.035,19,0,0
108715,37,66200,2.3,RENT,A,education,7500,16.82,0.113,17,0,0
108716,21,42900,18.2,MORTGAGE,A,education,6800,16.21,0.159,2,0,0
108717,30,82500,1.7,OWN,B,home_improvement,4100,14.35,0.05,10,0,0
108718,24,46000,1.9,MORTGAGE,A,debt_consolidation,5500,8.56,0.12,6,0,1
108719,21,141600,4.5,RENT,C,credit_card,6500,10.3,0.046,5,1,0
108720,30,36000,5.5,MORTGAGE,A,debt_consolidation,9800,10.05,0.272,11,0,0
108721,26,64000,4.7,MORTGAGE,E,home_improvement,4100,9.06,0.064,7,1,1
108722,28,171800,2.8,MORTGAGE,C,medical,5100,9.54,0.03,12,0,1
108723,25,91400,9.6,RENT,D,debt_consolidation,10200,11.14,0.112,4,0,0
108724,20,77700,5.6,RENT,D,education,11400,6.19,0.147,5,0,1
108725,41,60700,0.7,MORTGAGE,C,credit_card,32600,15.75,0.537,24,1,1
108726,30,53100,0.6,MORTGAGE,F,medical,8400,11.01,0.158,11,0,0
108727,20,46800,9.8,OWN,G,debt_consolidation,10900,9.69,0.233,2,0,0
108728,30,37800,6.0,RENT,B,credit_card,6800,5.83,0.18,15,0,0
108729,40,22100,10.0,MORTGAGE,A,debt_consolidation,16600,14.32,0.751,21,0,0
108730,36,73300,1.2,RENT,B,small_business,4600,7.75,0.063,19,0,0
108731,25,22100,2.5,MORTGAGE,B,debt_consolidation,7400,13.23,0.335,11,0,0
108732,26,73700,8.3,MORTGAGE,C,debt_consolidation,8800,8.33,0.119,8,1,1
108733,22,43500,5.7,RENT,B,medical,10000,11.91,0.23,4,0,0
108734,24,30500,5.9,RENT,C,small_business,12800,6.88,0.42,10,0,1
108735,24,111700,1.2,OWN,D,home_improvement,6900,10.89,0.062,4,0,1
108736,20,23200,5.8,MORTGAGE,B,small_business,12500,11.22,0.539,2,1,0
108737,26,35700,3.1,MORTGAGE,C,home_improvement,3500,12.08,0.098,9,0,0
108738,31,37600,25.0,RENT,B,home_improvement,8800,14.68,0.234,10,0,0
108739,26,56000,0.8,OWN,E,credit_card,2700,13.36,0.048,6,0,0
108740,31,36800,1.3,MORTGAGE,D,debt_consolidation,6800,17.13,0.185,12,0,0
108741,40,115100,9.5,RENT,A,credit_card,30300,6.35,0.263,23,0,0
108742,42,24200,4.3,MORTGAGE,D,debt_consolidation,8900,19.03,0.368,23,1,0
108743,29,450000,4.1,RENT,A,credit_card,5900,14.88,0.013,11,1,0
108744,35,28800,1.1,MORTGAGE,D,credit_card,10200,9.91,0.354,19,0,1
108745,28,261900,13.7,MORTGAGE,C,debt_consolidation,7500,15.06,0.029,11,1,1
108746,26,94000,9.8,RENT,C,medical,4100,17.86,0.044,4,0,0
108747,21,48500,4.9,RENT,D,small_business,2800,15.51,0.058,3,0,1
108748,30,58400,4.8,RENT,E,credit_card,7600,7.95,0.13,13,0,1
108749,37,41800,6.0,RENT,D,education,6900,11.65,0.165,19,0,1
108750,20,62400,2.3,OWN,C,debt_consolidation,6700,14.22,0.107,3,0,0
108751,27,34400,0.7,MORTGAGE,D,debt_consolidation,12200,11.39,0.355,11,0,1
108752,27,76100,2.2,RENT,C,debt_consolidation,16500,13.08,0.217,10,0,0
108753,31,57000,0.1,RENT,E,credit_card,11600,13.34,0.204,13,0,1
108754,31,29900,12.0,RENT,E,debt_consolidation,6400,7.95,0.214,14,0,0
108755,33,65200,4.1,MORTGAGE,A,education,8300,16.03,0.127,10,0,0
108756,42,63000,0.4,RENT,B,debt_consolidation,14300,11.83,0.227,27,0,0
108757,23,34700,0.3,RENT,B,credit_card,12700,11.34,0.366,8,0,0
108758,23,40700,2.2,OWN,A,credit_card,10700,8.26,0.263,8,0,0
108759,31,68300,16.4,MORTGAGE,B,debt_consolidation,6000,10.63,0.088,13,0,0
108760,39,93900,13.0,MORTGAGE,B,small_business,14300,14.87,0.152,22,0,0
108761,20,47700,13.3,RENT,C,small_business,17000,12.36,0.356,2,0,1
108762,31,86000,1.4,RENT,A,small_business,12700,14.05,0.148,14,0,0
108763,28,97900,1.2,OWN,B,home_improvement,40000,11.38,0.409,13,0,1
108764,35,105500,9.9,MORTGAGE,D,credit_card,12200,11.82,0.116,13,0,0
108765,33,64800,4.9,MORTGAGE,B,credit_card,15200,5.59,0.235,16,0,0
108766,29,31400,9.0,MORTGAGE,C,small_business,11500,12.91,0.366,9,0,0
108767,32,84100,9.8,RENT,E,credit_card,7500,10.8,0.089,12,0,0
108768,24,46400,0.5,MORTGAGE,G,credit_card,4200,12.64,0.091,6,0,1
108769,35,68100,3.7,RENT,C,debt_consolidation,5300,5.4,0.078,14,0,1
108770,39,36500,1.9,RENT,A,home_improvement,5300,20.62,0.145,18,0,0
108771,30,37000,0.7,MORTGAGE,A,debt_consolidation,4200,11.76,0.114,9,0,0
108772,26,35000,11.8,RENT,F,venture,6900,13.16,0.197,7,0,1
108773,28,24900,0.9,RENT,D,debt_consolidation,8100,12.89,0.325,11,0,0
108774,35,37300,0.7,RENT,D,credit_card,15600,10.36,0.418,19,0,0
108775,29,29200,0.9,RENT,D,debt_consolidation,4200,13.02,0.144,15,0,1
108776,21,70400,0.7,MORTGAGE,A,debt_consolidation,13200,15.77,0.188,2,0,1
108777,36,28700,11.9,OWN,C,debt_consolidation,9400,12.14,0.328,20,0,0
108778,22,35700,1.4,RENT,E,small_business,10000,14.59,0.28,4,0,1
108779,32,51600,1.0,RENT,E,debt_consolidation,7700,14.27,0.149,14,1,1
108780,20,139600,0.2,MORTGAGE,B,debt_consolidation,25600,14.04,0.183,3,0,0
108781,30,35200,0.1,RENT,C,debt_consolidation,5300,18.16,0.151,14,1,1
108782,29,24100,5.0,MORTGAGE,A,debt_consolidation,6000,12.77,0.249,12,0,0
108783,20,25000,2.7,RENT,F,venture,8600,11.22,0.344,2,0,1
108784,31,32100,3.0,MORTGAGE,B,credit_card,10100,11.35,0.315,14,0,0
108785,21,35900,6.3,RENT,D,medical,9200,12.97,0.256,2,0,0
108786,30,183100,2.6,MORTGAGE,B,credit_card,7900,6.63,0.043,13,1,0
108787,26,87700,1.2,MORTGAGE,C,credit_card,10800,16.54,0.123,8,0,0
108788,20,43300,8.9,RENT,D,medical,11300,10.62,0.261,2,0,1
108789,22,142800,0.8,RENT,B,debt_consolidation,7900,11.17,0.055,4,0,0
108790,22,36800,0.8,MORTGAGE,E,education,22300,6.81,0.606,6,0,0
108791,36,41100,3.5,OTHER,E,credit_card,10300,11.89,0.251,18,0,0
108792,35,39800,11.7,MORTGAGE,E,credit_card,7000,6.62,0.176,17,0,0
108793,44,90700,0.8,RENT,B,education,16100,5.44,0.178,25,1,0
108794,25,49600,0.8,MORTGAGE,D,debt_consolidation,2700,8.87,0.054,6,1,0
108795,25,118100,3.8,RENT,C,venture,4400,10.61,0.037,9,0,0
108796,30,65400,3.6,OWN,C,education,7200,8.41,0.11,11,0,0
108797,27,85000,4.9,MORTGAGE,C,debt_consolidation,4200,12.53,0.049,7,0,0
108798,25,19000,8.5,RENT,C,credit_card,12600,15.91,0.663,3,0,0
108799,29,20200,1.1,MORTGAGE,A,medical,12400,12.29,0.614,9,0,0
108800,34,20600,2.1,MORTGAGE,C,debt_consolidation,19900,5.4,0.9,14,0,1
108801,20,40700,4.5,RENT,A,small_business,5900,11.43,0.145,2,0,0
108802,25,22100,2.4,MORTGAGE,B,debt_consolidation,11100,13.59,0.502,5,0,1
108803,20,101900,4.7,MORTGAGE,A,debt_consolidation,16400,10.17,0.161,2,0,0
108804,28,46200,3.4,MORTGAGE,B,credit_card,8900,12.64,0.193,8,0,0
108805,32,72300,3.7,MORTGAGE,E,small_business,13900,12.45,0.192,17,1,1
108806,37,39300,0.4,MORTGAGE,C,small_business,7700,7.54,0.196,16,1,0
108807,26,81100,3.7,MORTGAGE,A,home_improvement,16700,15.84,0.206,9,0,0
108808,30,17500,1.4,RENT,E,debt_consolidation,5300,10.46,0.303,13,0,1
108809,20,50200,1.5,MORTGAGE,F,credit_card,3500,10.32,0.07,3,0,1
108810,23,67900,5.2,MORTGAGE,E,debt_consolidation,6600,13.13,0.097,5,0,1
108811,30,71100,1.0,MORTGAGE,E,debt_consolidation,7700,5.72,0.108,15,0,0
108812,20,43300,1.7,RENT,G,debt_consolidation,10300,16.06,0.238,2,0,1
108813,38,20100,1.2,MORTGAGE,C,home_improvement,10400,7.96,0.517,20,0,1
108814,33,89900,6.5,MORTGAGE,F,debt_consolidation,5500,18.01,0.061,17,1,0
108815,23,41500,0.3,RENT,F,debt_consolidation,4700,15.56,0.113,5,0,0
108816,20,43600,0.4,RENT,B,small_business,19800,7.86,0.454,2,1,0
108817,24,174700,9.1,MORTGAGE,E,debt_consolidation,7500,12.7,0.043,7,0,0
108818,23,54300,0.2,RENT,E,venture,6200,8.06,0.114,7,0,1
108819,20,38700,0.3,RENT,D,credit_card,9700,7.56,0.251,3,0,0
108820,20,37500,1.5,RENT,E,debt_consolidation,4800,5.4,0.128,2,1,0
108821,27,73500,0.8,MORTGAGE,B,education,5500,13.78,0.075,10,1,0
108822,34,32800,9.0,OTHER,C,home_improvement,12500,9.86,0.381,17,0,0
108823,24,68300,3.1,MORTGAGE,D,medical,4600,14.33,0.067,4,1,0
108824,32,94400,7.1,OWN,D,credit_card,3900,12.31,0.041,10,0,0
108825,27,49100,2.4,OWN,E,credit_card,6700,7.12,0.136,9,1,1
108826,33,88700,5.6,RENT,E,home_improvement,9300,14.53,0.105,17,0,0
108827,23,49600,1.8,RENT,D,credit_card,17300,13.37,0.349,3,0,1
108828,31,35300,3.9,RENT,F,credit_card,9800,9.77,0.278,10,1,1
108829,30,20600,5.5,RENT,A,debt_consolidation,10800,15.01,0.524,12,0,0
108830,39,60000,2.8,MORTGAGE,F,debt_consolidation,4600,10.53,0.077,21,0,1
108831,33,60600,4.9,OWN,A,debt_consolidation,9000,8.67,0.149,14,0,0
108832,31,88400,6.2,MORTGAGE,C,medical,4400,10.81,0.05,15,0,0
108833,20,83800,2.3,OWN,A,credit_card,13400,10.17,0.16,2,0,0
108834,25,160700,2.7,MORTGAGE,C,venture,8600,6.16,0.054,8,0,0
108835,23,37400,2.0,RENT,B,debt_consolidation,7900,5.4,0.211,7,0,0
108836,23,62700,0.1,RENT,A,credit_card,10700,17.43,0.171,5,0,1
108837,29,35300,5.0,OWN,D,debt_consolidation,6200,15.58,0.176,13,1,0
108838,31,86000,5.0,MORTGAGE,D,small_business,6200,16.82,0.072,14,0,0
108839,31,31000,5.6,RENT,A,medical,4800,14.75,0.155,13,0,0
108840,38,85200,1.8,RENT,D,credit_card,21600,10.01,0.254,19,0,1
108841,32,34400,5.4,MORTGAGE,A,credit_card,7100,10.87,0.206,17,0,0
108842,20,78600,1.0,MORTGAGE,A,small_business,6800,9.28,0.087,4,0,0
108843,30,100100,0.9,MORTGAGE,A,debt_consolidation,11900,13.45,0.119,13,0,0
108844,33,21900,25.0,OTHER,C,home_improvement,8200,13.2,0.374,15,0,0
108845,38,24600,0.3,RENT,D,small_business,2300,10.27,0.093,19,0,0
108846,28,58600,10.1,OWN,C,debt_consolidation,24600,13.08,0.42,6,0,0
108847,28,55300,4.0,MORTGAGE,E,home_improvement,6200,15.68,0.112,11,0,1
108848,37,43900,1.5,MORTGAGE,C,small_business,5100,11.49,0.116,18,0,0
108849,30,39700,4.6,OWN,E,debt_consolidation,7400,7.31,0.186,12,0,0
108850,20,32200,0.5,MORTGAGE,G,debt_consolidation,6100,13.14,0.189,7,0,1
108851,20,61800,2.9,RENT,B,credit_card,6200,7.1,0.1,5,0,0
108852,42,30300,0.3,OWN,A,medical,8600,8.59,0.284,25,1,0
108853,20,63000,5.9,MORTGAGE,A,credit_card,2900,12.49,0.046,2,1,0
108854,28,37600,0.9,RENT,C,credit_card,12100,13.73,0.322,12,1,0
108855,35,40800,1.6,MORTGAGE,C,debt_consolidation,13700,11.84,0.336,19,0,1
108856,20,100600,3.4,MORTGAGE,B,debt_consolidation,3200,7.85,0.032,2,0,0
108857,21,87100,5.3,MORTGAGE,E,debt_consolidation,10400,21.53,0.119,2,0,1
108858,20,29800,4.2,RENT,F,debt_consolidation,5100,9.62,0.171,2,0,0
108859,42,31900,0.4,RENT,B,debt_consolidation,6400,13.14,0.201,22,0,0
108860,43,79000,0.3,RENT,B,debt_consolidation,9800,9.4,0.124,24,0,0
108861,24,23400,6.3,MORTGAGE,B,home_improvement,13000,8.12,0.556,4,0,0
108862,33,114700,2.1,RENT,B,home_improvement,9700,11.69,0.085,18,0,0
108863,31,55500,2.0,MORTGAGE,E,debt_consolidation,3800,9.91,0.068,10,0,0
108864,27,37500,6.1,MORTGAGE,C,home_improvement,8400,11.84,0.224,6,0,0
108865,20,51800,0.8,RENT,A,debt_consolidation,10600,9.14,0.205,2,0,0
108866,45,108900,15.8,RENT,C,credit_card,5300,11.98,0.049,28,0,0
108867,20,16000,4.0,RENT,A,venture,5100,8.8,0.319,2,0,0
108868,30,90600,0.7,OWN,C,credit_card,7800,15.38,0.086,14,0,0
108869,24,99400,3.2,OWN,C,debt_consolidation,11100,12.57,0.112,6,0,0
108870,36,43200,0.7,RENT,D,credit_card,5900,11.05,0.137,21,0,0
108871,35,49500,10.6,RENT,C,home_improvement,9200,11.44,0.186,15,1,0
108872,22,55600,1.6,MORTGAGE,E,debt_consolidation,4100,10.14,0.074,4,1,0
108873,23,77100,13.0,RENT,A,venture,9400,11.93,0.122,7,0,0
108874,20,34500,0.5,MORTGAGE,D,credit_card,3000,16.89,0.087,4,0,0
108875,30,51100,0.5,RENT,A,debt_consolidation,9600,9.44,0.188,14,0,0
108876,34,48800,0.3,MORTGAGE,B,credit_card,13200,12.08,0.27,17,0,0
108877,26,74900,0.1,RENT,E,home_improvement,7400,8.74,0.099,8,1,1
108878,27,224500,11.8,OWN,D,credit_card,11000,5.4,0.049,10,0,1
108879,42,34400,14.8,RENT,A,education,9300,13.71,0.27,21,0,0
108880,36,53800,6.5,RENT,C,education,3800,15.38,0.071,17,0,0
108881,38,33900,3.7,OWN,D,debt_consolidation,4200,13.07,0.124,23,0,1
108882,20,39400,2.2,RENT,F,debt_consolidation,6600,19.9,0.168,4,0,1
108883,33,28500,2.1,RENT,D,debt_consolidation,7500,10.2,0.263,13,1,1
108884,31,22200,7.1,RENT,A,home_improvement,5300,8.28,0.239,14,0,0
108885,20,98800,6.3,MORTGAGE,C,home_improvement,4100,15.76,0.041,2,0,0
108886,22,62700,0.4,MORTGAGE,A,debt_consolidation,1700,15.99,0.027,3,0,0
108887,27,54200,3.3,MORTGAGE,A,venture,20300,15.45,0.375,12,0,0
108888,20,31900,1.0,RENT,C,debt_consolidation,20700,7.61,0.649,2,0,0
108889,23,49500,5.9,RENT,D,medical,5100,8.98,0.103,2,1,0
108890,26,27300,0.4,RENT,A,medical,3700,5.59,0.136,8,0,1
108891,33,50800,2.2,RENT,E,debt_consolidation,18000,18.6,0.354,16,0,1
108892,24,61900,2.9,RENT,D,debt_consolidation,2500,8.19,0.04,5,0,0
108893,26,38200,4.0,MORTGAGE,D,debt_consolidation,14300,7.16,0.374,10,0,0
108894,36,34000,0.5,MORTGAGE,B,education,11500,11.12,0.338,18,0,0
108895,20,39300,0.3,MORTGAGE,B,credit_card,6700,11.92,0.17,3,1,0
108896,31,80700,2.2,MORTGAGE,A,medical,17400,13.9,0.216,13,1,0
108897,32,57600,0.3,MORTGAGE,B,credit_card,5600,11.03,0.097,13,0,0
108898,32,21300,0.8,RENT,B,credit_card,12900,9.05,0.606,15,0,0
108899,25,76700,9.4,MORTGAGE,B,education,7100,10.08,0.093,5,0,0
108900,22,69500,4.1,RENT,A,credit_card,4100,9.33,0.059,7,0,0
108901,40,57100,0.9,MORTGAGE,B,small_business,24900,16.52,0.436,24,0,1
108902,23,127400,3.6,RENT,F,credit_card,5500,11.48,0.043,7,0,1
108903,21,52200,0.0,MORTGAGE,E,debt_consolidation,6400,13.79,0.123,8,0,1
108904,29,65300,3.8,OWN,B,debt_consolidation,12700,10.75,0.194,12,0,0
108905,24,66700,0.5,RENT,F,debt_consolidation,16000,5.4,0.24,6,0,0
108906,36,83500,4.0,RENT,B,small_business,3900,17.41,0.047,19,0,0
108907,27,45600,4.0,OWN,C,credit_card,17900,13.59,0.393,8,0,0
108908,37,36100,10.7,RENT,E,credit_card,8100,12.9,0.224,19,0,1
108909,32,88000,1.9,RENT,C,debt_consolidation,7700,5.4,0.088,12,0,0
108910,26,85500,1.5,RENT,B,home_improvement,7400,11.0,0.087,11,0,0
108911,37,103900,3.5,RENT,B,medical,8000,17.05,0.077,17,0,0
108912,24,64800,6.2,MORTGAGE,C,home_improvement,3400,16.16,0.052,4,0,0
108913,27,20800,1.3,MORTGAGE,D,venture,10100,10.72,0.486,9,1,1
108914,33,56400,3.4,MORTGAGE,C,debt_consolidation,9100,15.89,0.161,13,0,0
108915,31,52500,9.2,MORTGAGE,C,debt_consolidation,6600,17.15,0.126,12,0,0
108916,24,101300,6.0,MORTGAGE,B,credit_card,9100,10.94,0.09,5,0,0
108917,20,92200,5.8,MORTGAGE,C,debt_consolidation,7200,16.24,0.078,4,0,0
108918,29,72200,1.3,RENT,B,small_business,7800,16.08,0.108,8,0,0
108919,24,16500,0.4,MORTGAGE,E,medical,10200,14.52,0.618,5,0,1
108920,29,32700,1.2,RENT,D,debt_consolidation,7200,14.87,0.22,12,0,0
108921,26,42200,3.2,RENT,C,education,5300,8.36,0.126,9,0,0
108922,24,42700,3.6,MORTGAGE,D,debt_consolidation,12300,14.33,0.288,11,0,1
108923,27,56500,1.1,MORTGAGE,A,small_business,4500,11.05,0.08,12,0,0
108924,28,116300,2.5,OWN,B,credit_card,14400,8.24,0.124,13,0,0
108925,34,79100,1.1,MORTGAGE,C,home_improvement,6700,16.97,0.085,13,0,1
108926,32,31100,1.3,RENT,C,debt_consolidation,13100,11.08,0.421,15,1,1
108927,44,32700,9.0,RENT,D,education,17900,12.34,0.547,27,0,0
108928,30,31100,8.9,RENT,F,education,7800,12.01,0.251,10,0,0
108929,24,48300,0.5,RENT,B,credit_card,13100,5.9,0.271,6,1,0
108930,28,80300,0.5,MORTGAGE,B,credit_card,11500,10.44,0.143,12,1,0
108931,33,87600,2.3,MORTGAGE,C,home_improvement,9000,14.29,0.103,17,0,0
108932,36,41900,2.7,RENT,B,home_improvement,11300,11.55,0.27,21,1,0
108933,38,50700,9.4,RENT,A,credit_card,6900,10.23,0.136,20,0,0
108934,22,129400,2.5,RENT,F,home_improvement,20000,12.7,0.155,3,0,1
108935,38,22800,2.2,MORTGAGE,E,medical,8500,15.37,0.373,21,0,1
108936,29,73200,3.2,RENT,F,home_improvement,5400,5.62,0.074,11,0,1
108937,23,69000,0.7,RENT,B,debt_consolidation,6400,11.12,0.093,6,0,0
108938,28,43800,8.9,RENT,A,education,13200,11.57,0.301,6,0,0
108939,37,51000,5.0,RENT,C,debt_consolidation,4900,17.87,0.096,19,0,1
108940,32,64900,10.2,RENT,F,debt_consolidation,22900,15.84,0.353,15,0,1
108941,21,43800,3.9,MORTGAGE,A,venture,16600,6.53,0.379,3,0,0
108942,21,36300,2.2,RENT,A,debt_consolidation,4100,16.32,0.113,3,0,0
108943,20,34800,4.5,RENT,A,debt_consolidation,12400,10.96,0.356,2,0,0
108944,24,143500,4.5,RENT,D,credit_card,4800,5.71,0.033,4,0,0
108945,30,40500,1.1,RENT,E,medical,5100,6.66,0.126,14,0,0
108946,21,57600,3.6,OWN,D,debt_consolidation,6300,16.42,0.109,2,0,0
108947,26,79400,5.7,MORTGAGE,A,credit_card,5400,13.14,0.068,3,0,0
108948,39,45900,2.7,MORTGAGE,D,debt_consolidation,12100,7.96,0.264,20,0,1
108949,40,52600,1.0,MORTGAGE,C,credit_card,9300,17.2,0.177,20,0,0
108950,40,67900,1.3,RENT,A,credit_card,10200,14.06,0.15,21,0,0
108951,20,32300,2.7,RENT,B,debt_consolidation,8100,10.58,0.251,2,1,0
108952,41,22100,0.7,RENT,C,education,6100,12.58,0.276,23,0,0
108953,30,34500,1.9,MORTGAGE,B,home_improvement,6100,8.34,0.177,12,0,0
108954,30,133300,0.1,MORTGAGE,F,medical,14900,18.7,0.112,10,0,0
108955,36,37600,1.2,RENT,C,education,6700,7.23,0.178,18,1,0
108956,34,55400,4.9,MORTGAGE,B,education,17500,6.86,0.316,17,0,1
108957,20,24900,4.5,RENT,D,small_business,5700,12.2,0.229,2,0,1
108958,25,107800,3.7,RENT,D,debt_consolidation,8300,21.87,0.077,8,0,0
108959,26,43700,9.1,RENT,A,medical,9600,6.44,0.22,11,0,0
108960,20,40100,5.0,RENT,C,credit_card,15500,14.43,0.387,2,0,0
108961,36,47900,0.8,RENT,B,debt_consolidation,13800,11.75,0.288,19,0,1
108962,39,205300,3.8,OWN,B,credit_card,9600,12.94,0.047,25,0,0
108963,29,65700,2.4,RENT,D,debt_consolidation,8400,15.61,0.128,11,0,1
108964,31,47300,5.0,RENT,C,credit_card,4900,9.03,0.104,11,0,0
108965,29,12000,2.4,RENT,B,medical,7300,10.57,0.608,12,0,1
108966,30,108500,7.4,RENT,A,credit_card,28100,9.02,0.259,12,1,0
108967,37,35200,4.0,RENT,C,debt_consolidation,4800,16.55,0.136,16,0,0
108968,20,32200,0.8,RENT,B,debt_consolidation,5900,16.08,0.183,2,0,0
108969,32,33900,5.3,RENT,F,medical,3800,7.45,0.112,12,0,1
108970,29,115400,6.9,RENT,C,credit_card,5400,12.87,0.047,8,0,0
108971,24,50400,19.3,RENT,E,credit_card,4200,15.28,0.083,8,0,0
108972,25,22300,6.1,MORTGAGE,B,small_business,4100,5.78,0.184,2,0,0
108973,42,46100,5.9,OWN,E,medical,9700,16.5,0.21,27,0,0
108974,20,32600,4.6,RENT,A,credit_card,12100,11.27,0.371,3,1,0
108975,28,62800,1.9,MORTGAGE,B,home_improvement,9800,9.87,0.156,13,0,0
108976,40,41700,9.1,MORTGAGE,A,debt_consolidation,4600,16.53,0.11,25,0,0
108977,20,21700,6.8,MORTGAGE,A,education,3200,15.57,0.147,4,1,0
108978,26,49200,3.4,MORTGAGE,F,credit_card,2600,6.57,0.053,7,0,1
108979,29,49900,2.7,MORTGAGE,D,small_business,4100,14.1,0.082,10,0,0
108980,32,25900,5.4,OWN,D,debt_consolidation,4600,13.95,0.178,14,0,0
108981,28,17500,1.8,RENT,C,home_improvement,6300,5.4,0.36,12,0,0
108982,23,60200,7.2,MORTGAGE,C,credit_card,9400,13.52,0.156,9,1,1
108983,32,44200,9.8,MORTGAGE,D,credit_card,6600,10.02,0.149,12,0,1
108984,28,45800,3.1,OWN,E,small_business,19400,15.56,0.424,12,1,0
108985,33,77700,2.7,MORTGAGE,C,medical,28800,8.42,0.371,15,0,0
108986,35,17700,3.4,OWN,D,credit_card,7600,11.94,0.429,17,0,1
108987,20,53300,4.7,MORTGAGE,B,education,2800,9.57,0.053,3,0,0
108988,36,74200,3.6,MORTGAGE,G,debt_consolidation,6000,9.21,0.081,13,1,0
108989,27,46600,0.9,MORTGAGE,A,credit_card,7000,5.4,0.15,9,1,0
108990,35,23600,0.7,MORTGAGE,B,debt_consolidation,11800,15.34,0.5,15,0,0
108991,32,35800,1.3,MORTGAGE,E,debt_consolidation,3900,15.68,0.109,15,1,1
108992,42,40200,2.7,MORTGAGE,B,education,3300,11.76,0.082,25,0,0
108993,29,21600,1.9,RENT,A,debt_consolidation,9400,12.83,0.435,14,0,0
108994,26,63200,5.3,OWN,B,education,6000,8.86,0.095,11,0,0
108995,25,51600,0.6,MORTGAGE,C,debt_consolidation,5900,15.37,0.114,6,1,0
108996,22,36200,7.5,MORTGAGE,F,small_business,5000,12.39,0.138,5,1,0
108997,35,88600,1.6,RENT,E,debt_consolidation,6500,11.72,0.073,20,0,0
108998,21,38700,2.7,RENT,C,home_improvement,9000,16.8,0.233,4,0,0
108999,35,116300,0.7,RENT,G,education,2200,6.82,0.019,18,0,1
109000,27,44400,1.7,RENT,D,credit_card,8200,5.4,0.185,12,0,0
109001,20,30500,1.7,MORTGAGE,E,credit_card,11800,13.1,0.387,5,0,0
109002,39,31000,4.4,OWN,B,medical,10400,10.75,0.335,21,0,0
109003,20,54200,17.4,MORTGAGE,C,small_business,25800,7.41,0.476,4,0,0
109004,28,28600,1.1,RENT,A,debt_consolidation,6400,12.12,0.224,12,0,0
109005,31,55800,0.5,OWN,A,home_improvement,7700,12.81,0.138,16,0,1
109006,20,41300,4.1,OWN,D,home_improvement,16300,14.67,0.395,2,1,1
109007,32,40800,4.0,MORTGAGE,A,small_business,8300,7.53,0.203,17,0,0
109008,24,50400,2.2,RENT,C,debt_consolidation,18500,10.03,0.367,5,0,0
109009,27,89600,0.6,MORTGAGE,D,credit_card,12700,12.58,0.142,10,1,0
109010,38,38200,3.0,RENT,A,venture,8800,15.49,0.23,22,0,0
109011,30,57000,5.9,RENT,C,home_improvement,8100,14.78,0.142,14,0,1
109012,27,65800,8.4,MORTGAGE,D,credit_card,7100,9.73,0.108,10,0,0
109013,28,26500,0.2,MORTGAGE,E,venture,7900,13.37,0.298,10,0,0
109014,41,68700,1.4,RENT,B,debt_consolidation,5100,9.63,0.074,25,0,0
109015,32,80700,4.1,OWN,G,credit_card,11800,10.01,0.146,15,0,1
109016,23,87700,7.9,MORTGAGE,E,small_business,23200,10.38,0.265,5,0,0
109017,26,28000,0.8,MORTGAGE,D,small_business,3000,9.19,0.107,9,0,0
109018,21,29100,4.7,RENT,B,venture,15500,14.15,0.533,2,0,1
109019,26,50000,0.2,RENT,D,home_improvement,9300,14.85,0.186,9,0,1
109020,40,48500,1.5,MORTGAGE,E,debt_consolidation,14400,10.06,0.297,19,0,0
109021,28,52100,0.1,MORTGAGE,B,credit_card,5900,12.13,0.113,8,0,0
109022,20,42400,7.3,MORTGAGE,G,debt_consolidation,7300,10.12,0.172,3,0,0
109023,32,57100,0.2,RENT,F,education,16300,8.13,0.285,14,0,0
109024,26,12600,5.1,RENT,C,debt_consolidation,7900,7.57,0.627,5,0,0
109025,33,74000,0.6,RENT,D,credit_card,12800,17.79,0.173,11,0,0
109026,27,115800,3.8,MORTGAGE,C,credit_card,5900,8.82,0.051,8,0,0
109027,39,38000,3.2,MORTGAGE,D,debt_consolidation,7300,13.79,0.192,17,1,0
109028,23,57600,4.4,RENT,E,debt_consolidation,10700,12.9,0.186,2,0,0
109029,21,129900,0.1,MORTGAGE,A,home_improvement,10100,7.21,0.078,2,1,0
109030,36,52500,0.4,OWN,A,debt_consolidation,12800,13.03,0.244,20,1,0
109031,20,61000,2.7,RENT,B,venture,6700,12.56,0.11,2,1,0
109032,28,141900,4.3,RENT,F,education,8100,11.41,0.057,6,0,0
109033,35,158000,3.3,MORTGAGE,B,debt_consolidation,13800,9.93,0.087,20,0,0
109034,20,28800,6.9,OWN,E,education,17900,11.49,0.622,4,0,1
109035,29,41100,2.2,RENT,C,debt_consolidation,5100,13.2,0.124,12,1,0
109036,20,84200,6.9,RENT,B,debt_consolidation,15600,8.4,0.185,2,0,0
109037,20,67700,0.3,MORTGAGE,F,debt_consolidation,5300,16.67,0.078,6,0,0
109038,22,76000,4.2,RENT,C,medical,9100,13.97,0.12,5,0,0
109039,28,12200,2.6,OWN,B,home_improvement,9500,5.4,0.779,10,0,0
109040,24,17600,1.8,MORTGAGE,A,debt_consolidation,6200,10.69,0.352,6,0,0
109041,37,137500,1.2,RENT,A,small_business,7300,19.17,0.053,20,0,0
109042,30,78900,6.9,OWN,A,small_business,3100,12.79,0.039,11,0,0
109043,26,62600,1.9,MORTGAGE,B,small_business,12100,8.89,0.193,10,0,0
109044,20,26000,2.8,MORTGAGE,C,credit_card,7000,13.8,0.269,5,0,0
109045,31,41000,22.0,RENT,B,medical,7900,5.4,0.193,16,1,0
109046,43,70500,10.6,MORTGAGE,A,home_improvement,5900,12.47,0.084,25,1,0
109047,24,24100,5.6,OWN,B,debt_consolidation,12100,9.69,0.502,7,0,0
109048,25,35000,0.3,RENT,C,medical,9000,11.65,0.257,4,0,1
109049,22,63400,5.6,RENT,G,debt_consolidation,4300,6.71,0.068,2,0,1
109050,37,71300,2.3,OWN,B,small_business,7600,9.95,0.107,21,0,0
109051,35,38700,8.0,RENT,A,home_improvement,4600,5.4,0.119,19,0,0
109052,26,88500,0.4,RENT,C,debt_consolidation,8200,9.27,0.093,5,0,0
109053,25,86900,3.8,RENT,F,debt_consolidation,11800,11.94,0.136,4,0,1
109054,22,19200,2.0,MORTGAGE,E,small_business,9000,15.51,0.469,2,0,0
109055,27,126900,3.4,MORTGAGE,E,medical,10300,20.37,0.081,10,1,0
109056,36,97900,2.1,RENT,F,medical,14500,8.55,0.148,17,0,1
109057,29,57700,0.8,RENT,D,home_improvement,5200,13.32,0.09,9,0,1
109058,38,47800,3.1,MORTGAGE,G,debt_consolidation,6400,10.29,0.134,19,0,1
109059,24,79500,5.1,MORTGAGE,A,debt_consolidation,3000,10.42,0.038,5,1,0
109060,20,69100,1.1,RENT,E,small_business,6600,11.82,0.096,4,0,0
109061,47,44400,1.4,RENT,E,credit_card,5800,10.93,0.131,28,0,0
109062,31,124700,1.7,MORTGAGE,F,small_business,11600,18.22,0.093,16,0,0
109063,34,16200,8.2,RENT,C,debt_consolidation,10400,10.43,0.642,12,0,1
109064,23,35800,0.4,RENT,E,debt_consolidation,18500,7.38,0.517,6,0,1
109065,20,65900,1.4,OWN,B,home_improvement,6200,12.16,0.094,6,0,0
109066,30,50100,5.2,OWN,C,home_improvement,10100,7.63,0.202,12,1,1
109067,20,75700,0.1,RENT,B,home_improvement,12200,10.17,0.161,2,0,0
109068,27,23900,1.8,OWN,C,debt_consolidation,28600,15.32,0.9,8,0,1
109069,36,44800,3.2,MORTGAGE,D,medical,10300,10.61,0.23,15,0,0
109070,32,97000,0.4,OTHER,B,credit_card,7900,13.37,0.081,16,0,0
109071,31,22700,2.0,OWN,B,small_business,8700,10.75,0.383,11,0,1
109072,41,45100,8.8,MORTGAGE,B,home_improvement,10500,12.44,0.233,25,0,0
109073,32,38500,8.5,MORTGAGE,D,credit_card,17200,8.99,0.447,15,0,1
109074,20,62900,5.4,RENT,D,home_improvement,6400,14.42,0.102,3,0,0
109075,28,64000,3.3,MORTGAGE,D,home_improvement,5500,6.76,0.086,8,1,1
109076,42,54400,2.8,RENT,A,credit_card,34300,8.62,0.631,25,0,0
109077,27,43900,3.2,MORTGAGE,E,home_improvement,4400,11.79,0.1,9,0,0
109078,42,53400,3.3,RENT,D,debt_consolidation,13000,14.47,0.243,24,0,1
109079,36,47100,0.7,MORTGAGE,A,education,10200,12.26,0.217,13,0,0
109080,26,50600,19.6,OWN,B,debt_consolidation,9700,13.35,0.192,9,0,0
109081,21,114800,6.2,RENT,C,debt_consolidation,4100,7.11,0.036,7,0,0
109082,31,26600,0.3,MORTGAGE,B,medical,36000,10.36,0.9,10,0,1
109083,38,62200,6.7,MORTGAGE,A,debt_consolidation,8900,12.36,0.143,22,1,0
109084,20,30700,3.4,MORTGAGE,B,venture,6100,11.7,0.199,2,0,0
109085,30,151000,1.5,OWN,A,credit_card,3900,7.61,0.026,10,0,0
109086,20,54100,0.7,MORTGAGE,A,debt_consolidation,2700,8.46,0.05,2,0,0
109087,27,25700,0.8,RENT,B,debt_consolidation,11900,11.03,0.463,12,1,0
109088,20,45400,6.5,MORTGAGE,E,debt_consolidation,5100,14.19,0.112,3,0,0
109089,33,23100,3.4,MORTGAGE,C,debt_consolidation,7000,19.06,0.303,15,0,0
109090,24,36400,4.2,RENT,C,debt_consolidation,5800,7.57,0.159,3,0,1
109091,37,72300,3.6,MORTGAGE,D,debt_consolidation,10900,11.68,0.151,20,1,0
109092,25,109000,1.6,MORTGAGE,C,debt_consolidation,10000,7.83,0.092,9,1,0
109093,25,93400,1.0,RENT,A,credit_card,12300,11.41,0.132,8,0,0
109094,20,48600,12.8,RENT,B,debt_consolidation,12500,10.11,0.257,2,0,1
109095,32,70500,2.8,RENT,B,debt_consolidation,5500,12.97,0.078,15,0,0
109096,32,80400,0.7,RENT,C,debt_consolidation,3900,5.4,0.049,18,0,0
109097,36,177600,4.6,MORTGAGE,C,debt_consolidation,7500,10.3,0.042,18,0,0
109098,34,37000,7.1,RENT,B,debt_consolidation,10800,11.89,0.292,18,0,0
109099,32,118200,0.7,MORTGAGE,C,debt_consolidation,8600,12.24,0.073,14,0,1
109100,33,28300,0.6,OWN,G,credit_card,2900,12.68,0.102,15,0,0
109101,34,98600,0.1,MORTGAGE,B,education,8400,12.07,0.085,16,0,0
109102,35,36600,0.2,MORTGAGE,C,debt_consolidation,4700,16.03,0.128,16,0,0
109103,20,35400,2.8,OWN,C,debt_consolidation,8200,16.29,0.232,2,0,0
109104,26,44100,9.0,RENT,D,home_improvement,13800,10.75,0.313,8,1,1
109105,20,33600,6.6,RENT,D,credit_card,2100,9.63,0.062,4,1,1
109106,31,65100,2.8,RENT,D,debt_consolidation,18600,12.22,0.286,13,0,1
109107,40,101200,4.2,RENT,B,medical,4600,14.41,0.045,22,0,0
109108,35,16100,16.4,RENT,C,small_business,14000,11.65,0.87,17,0,1
109109,25,46800,10.5,MORTGAGE,E,venture,12900,7.58,0.276,10,0,1
109110,33,28400,5.5,RENT,B,education,6900,14.95,0.243,13,0,0
109111,31,84800,3.0,RENT,G,home_improvement,10400,12.92,0.123,14,0,1
109112,31,112600,4.0,RENT,B,small_business,5500,17.83,0.049,15,0,0
109113,20,46800,0.4,RENT,C,credit_card,3100,8.81,0.066,2,0,1
109114,38,35000,1.1,MORTGAGE,C,education,15200,12.36,0.434,22,1,0
109115,21,21200,5.1,RENT,C,credit_card,5600,13.06,0.264,5,0,0
109116,26,150500,2.0,RENT,E,debt_consolidation,21800,10.7,0.145,10,0,1
109117,36,106400,0.1,RENT,A,debt_consolidation,13200,8.09,0.124,15,0,0
109118,26,17400,0.0,MORTGAGE,C,home_improvement,5100,12.51,0.293,7,0,0
109119,30,73900,4.7,RENT,C,credit_card,11200,9.95,0.152,11,0,0
109120,30,28000,7.4,MORTGAGE,E,medical,10800,11.6,0.386,13,1,0
109121,29,39000,0.2,MORTGAGE,C,debt_consolidation,20900,11.65,0.536,13,0,0
109122,30,25900,2.7,MORTGAGE,F,medical,6200,7.69,0.239,11,0,1
109123,30,17100,2.1,RENT,E,debt_consolidation,7100,9.94,0.415,12,0,1
109124,30,50300,1.4,MORTGAGE,B,home_improvement,10300,10.03,0.205,16,1,0
109125,23,146200,9.6,RENT,E,credit_card,8200,11.74,0.056,5,0,0
109126,20,31000,16.3,MORTGAGE,F,debt_consolidation,3800,13.21,0.123,3,0,0
109127,36,84100,0.0,MORTGAGE,B,credit_card,14200,12.66,0.169,18,1,0
109128,36,91700,0.4,RENT,C,debt_consolidation,19500,14.64,0.213,21,0,0
109129,31,76600,1.2,RENT,B,debt_consolidation,8800,12.06,0.115,14,0,0
109130,31,154500,3.4,MORTGAGE,D,medical,4000,18.69,0.026,13,0,0
109131,23,87100,0.1,MORTGAGE,A,debt_consolidation,7600,12.91,0.087,5,1,0
109132,20,139000,0.4,RENT,D,small_business,4900,6.7,0.035,2,0,0
109133,27,27400,4.5,MORTGAGE,C,small_business,7000,10.1,0.255,7,0,0
109134,20,77600,2.1,RENT,C,debt_consolidation,9000,23.0,0.116,2,0,0
109135,30,118300,3.0,OWN,A,education,11600,6.68,0.098,15,0,1
109136,38,33700,6.7,MORTGAGE,D,medical,17600,13.22,0.522,19,0,1
109137,25,12000,6.9,RENT,C,medical,11400,19.63,0.9,9,0,1
109138,25,25700,16.2,RENT,D,medical,4500,7.09,0.175,6,1,0
109139,22,34600,4.0,RENT,B,home_improvement,11800,17.22,0.341,2,0,0
109140,29,70200,2.7,MORTGAGE,A,venture,6900,17.21,0.098,10,0,0
109141,29,37700,4.4,RENT,C,debt_consolidation,7400,10.55,0.196,8,0,0
109142,22,51600,3.3,RENT,F,debt_consolidation,8000,5.4,0.155,5,0,1
109143,35,37000,2.0,MORTGAGE,B,small_business,8700,13.76,0.235,13,0,1
109144,48,48000,1.6,RENT,D,debt_consolidation,14100,11.25,0.294,30,0,1
109145,37,49700,7.6,RENT,A,home_improvement,10600,10.9,0.213,18,0,0
109146,28,36400,5.6,MORTGAGE,D,credit_card,4200,13.99,0.115,9,0,0
109147,28,81000,2.7,MORTGAGE,B,debt_consolidation,3500,11.62,0.043,12,0,0
109148,25,110100,1.2,MORTGAGE,C,education,11600,5.87,0.105,7,0,0
109149,25,27400,0.5,RENT,B,debt_consolidation,10900,11.16,0.398,7,1,0
109150,36,58100,1.4,MORTGAGE,A,debt_consolidation,16200,12.89,0.279,18,1,0
109151,36,23500,0.1,MORTGAGE,B,home_improvement,7700,13.35,0.328,17,0,0
109152,21,19700,1.9,RENT,B,medical,9500,16.18,0.482,2,1,1
109153,32,91100,0.0,OWN,C,medical,10500,5.4,0.115,11,1,0
109154,37,155400,5.3,RENT,G,debt_consolidation,3400,15.21,0.022,20,0,1
109155,27,43000,1.1,RENT,C,education,3300,10.2,0.077,10,0,0
109156,28,141300,0.6,MORTGAGE,F,home_improvement,12100,12.25,0.086,12,1,0
109157,34,36100,4.0,RENT,C,medical,9900,14.7,0.274,17,0,0
109158,34,45300,4.5,OWN,A,debt_consolidation,17000,8.84,0.375,15,0,0
109159,32,129000,4.2,RENT,B,credit_card,22300,10.19,0.173,14,0,0
109160,31,31200,3.2,RENT,C,credit_card,6900,13.6,0.221,14,0,1
109161,32,85300,6.2,RENT,B,home_improvement,6700,9.44,0.079,16,0,0
109162,27,42600,5.1,RENT,E,debt_consolidation,3800,12.76,0.089,8,0,1
109163,21,34700,8.1,OWN,D,credit_card,10800,7.69,0.311,5,0,0
109164,20,39000,4.9,OWN,C,home_improvement,2600,15.93,0.067,2,0,0
109165,33,15600,10.2,MORTGAGE,C,credit_card,4800,14.28,0.308,14,0,0
109166,30,103100,8.3,RENT,B,credit_card,9600,8.81,0.093,11,1,0
109167,32,58400,0.0,RENT,C,debt_consolidation,5600,15.49,0.096,13,0,0
109168,23,47500,1.6,RENT,A,education,7900,13.08,0.166,5,1,1
109169,30,35200,3.9,RENT,A,home_improvement,7200,8.13,0.205,14,1,0
109170,30,61200,0.5,RENT,B,credit_card,4400,14.03,0.072,16,0,0
109171,38,83800,0.6,RENT,A,venture,2600,14.13,0.031,20,0,0
109172,35,44300,6.3,RENT,D,home_improvement,11900,5.85,0.269,14,0,0
109173,24,87600,0.7,MORTGAGE,A,debt_consolidation,7300,5.4,0.083,5,0,0
109174,33,60000,4.1,RENT,A,home_improvement,9800,10.1,0.163,14,0,0
109175,24,49000,5.5,RENT,F,venture,7800,8.9,0.159,7,0,0
109176,20,85100,8.2,RENT,G,debt_consolidation,7800,13.84,0.092,2,0,1
109177,41,39000,0.8,MORTGAGE,C,home_improvement,8900,9.15,0.228,25,1,0
109178,26,25900,10.7,MORTGAGE,C,debt_consolidation,7300,9.38,0.282,6,0,0
109179,36,50100,0.3,RENT,D,medical,6700,18.08,0.134,19,0,0
109180,24,52500,6.5,OWN,A,home_improvement,4700,16.09,0.09,6,0,0
109181,23,45600,0.5,MORTGAGE,C,education,31700,6.07,0.695,4,0,1
109182,25,99200,5.4,RENT,A,home_improvement,14100,16.42,0.142,10,0,0
109183,31,67900,1.0,RENT,C,debt_consolidation,18400,17.21,0.271,12,0,0
109184,30,48400,5.8,OWN,G,credit_card,16300,11.07,0.337,10,0,1
109185,32,51400,2.9,RENT,D,education,6900,10.16,0.134,15,0,0
109186,26,53900,3.0,RENT,G,debt_consolidation,7300,5.4,0.135,10,1,1
109187,29,68800,8.1,MORTGAGE,D,debt_consolidation,8100,6.74,0.118,11,1,0
109188,23,53000,4.7,RENT,C,small_business,6600,11.18,0.125,5,1,1
109189,39,47300,4.2,MORTGAGE,D,credit_card,13100,9.88,0.277,23,0,1
109190,20,24700,15.5,MORTGAGE,D,debt_consolidation,5200,10.34,0.211,2,0,0
109191,23,34900,6.4,MORTGAGE,C,debt_consolidation,4500,12.86,0.129,5,0,0
109192,26,60000,7.7,MORTGAGE,B,debt_consolidation,4000,17.97,0.067,10,0,0
109193,46,57100,5.8,MORTGAGE,C,home_improvement,6800,9.45,0.119,28,0,0
109194,34,22800,0.5,RENT,B,credit_card,6300,9.46,0.276,14,1,1
109195,23,37800,4.6,OWN,C,credit_card,5800,11.1,0.153,5,0,0
109196,35,30900,1.5,RENT,A,medical,8500,10.64,0.275,15,1,0
109197,33,109200,2.1,RENT,C,debt_consolidation,4300,17.68,0.039,15,0,1
109198,31,59200,7.5,OTHER,B,home_improvement,12200,10.87,0.206,15,0,0
109199,34,65300,11.1,OWN,B,credit_card,4400,14.86,0.067,14,1,1
109200,29,49700,0.2,MORTGAGE,C,credit_card,4300,20.9,0.087,11,0,1
109201,30,36500,0.0,MORTGAGE,A,credit_card,5700,17.83,0.156,13,0,0
109202,20,40300,1.1,RENT,F,small_business,7500,10.93,0.186,2,0,1
109203,39,67600,4.3,MORTGAGE,C,venture,13000,9.9,0.192,24,0,0
109204,26,44700,0.7,RENT,B,debt_consolidation,7800,8.14,0.174,8,0,0
109205,20,68000,17.1,RENT,A,debt_consolidation,3400,11.95,0.05,3,1,0
109206,25,55800,1.1,RENT,E,credit_card,10600,5.9,0.19,10,0,0
109207,26,60600,1.7,OWN,D,credit_card,10500,19.64,0.173,9,0,0
109208,23,62400,18.0,OWN,C,debt_consolidation,5900,9.62,0.095,5,0,0
109209,34,38600,2.3,OWN,B,education,8900,11.72,0.231,15,1,0
109210,36,43400,3.1,MORTGAGE,D,medical,17800,12.56,0.41,18,0,1
109211,20,85000,17.0,RENT,F,credit_card,5000,7.27,0.059,3,0,0
109212,25,140700,1.7,RENT,B,credit_card,13700,15.19,0.097,5,0,0
109213,26,85400,12.9,RENT,A,debt_consolidation,16300,13.29,0.191,11,0,0
109214,28,12000,2.3,RENT,A,credit_card,8900,10.6,0.742,15,0,0
109215,41,34000,8.8,MORTGAGE,A,home_improvement,4100,12.96,0.121,23,0,0
109216,23,54900,0.5,RENT,D,education,16600,11.29,0.302,2,0,1
109217,40,28200,0.8,OWN,G,credit_card,13400,11.54,0.475,24,1,1
109218,28,27500,11.9,RENT,G,debt_consolidation,11000,9.18,0.4,10,0,1
109219,40,40900,2.5,RENT,E,debt_consolidation,7900,12.03,0.193,23,1,1
109220,27,62300,0.1,MORTGAGE,A,debt_consolidation,15300,13.11,0.246,9,0,0
109221,26,72400,1.0,MORTGAGE,G,education,5100,8.62,0.07,10,1,1
109222,29,42100,2.8,RENT,B,medical,13000,12.63,0.309,10,0,0
109223,38,40400,0.4,MORTGAGE,B,medical,6800,5.4,0.168,21,0,0
109224,30,32400,2.8,MORTGAGE,D,medical,3200,16.06,0.099,13,1,1
109225,30,68100,1.5,RENT,A,debt_consolidation,4700,7.19,0.069,13,0,0
109226,33,65600,2.9,MORTGAGE,E,small_business,10100,5.4,0.154,17,0,0
109227,23,84900,9.3,OWN,G,small_business,9200,9.79,0.108,7,1,1
109228,31,55300,0.8,RENT,D,debt_consolidation,10300,12.42,0.186,11,0,0
109229,25,25100,1.5,RENT,E,credit_card,6600,10.54,0.263,9,0,1
109230,39,42500,2.8,RENT,B,home_improvement,9100,14.54,0.214,21,0,0
109231,32,82600,1.6,MORTGAGE,A,education,11400,10.76,0.138,14,0,0
109232,34,19800,0.6,OWN,E,debt_consolidation,29700,10.9,0.9,17,1,1
109233,20,49200,3.7,RENT,C,education,6500,11.16,0.132,2,1,1
109234,34,60300,4.5,MORTGAGE,F,education,14200,17.81,0.235,16,0,0
109235,28,155100,12.1,MORTGAGE,A,education,11600,10.18,0.075,6,0,0
109236,20,37000,3.2,RENT,B,debt_consolidation,8700,20.73,0.235,2,1,0
109237,30,48200,1.1,MORTGAGE,B,debt_consolidation,4000,18.84,0.083,12,0,0
109238,20,130400,5.1,OTHER,D,small_business,17400,7.44,0.133,3,0,0
109239,33,37300,4.5,OWN,E,debt_consolidation,9300,15.05,0.249,15,0,1
109240,39,93100,4.4,MORTGAGE,F,debt_consolidation,5900,9.5,0.063,25,0,0
109241,20,64000,0.1,RENT,B,small_business,5000,12.25,0.078,2,1,0
109242,29,45600,6.3,RENT,C,debt_consolidation,9400,5.96,0.206,8,0,0
109243,28,66100,1.5,RENT,A,credit_card,4800,11.42,0.073,10,0,0
109244,20,47500,6.9,MORTGAGE,B,venture,5900,21.78,0.124,2,0,0
109245,35,178400,1.9,RENT,B,credit_card,5900,8.94,0.033,17,0,0
109246,33,16500,10.2,MORTGAGE,C,education,8300,14.5,0.503,14,1,0
109247,43,44100,2.6,MORTGAGE,C,credit_card,11300,12.29,0.256,26,0,0
109248,32,44800,3.9,RENT,B,credit_card,6800,9.93,0.152,14,0,0
109249,23,47900,1.4,OWN,D,debt_consolidation,7200,16.23,0.15,6,0,1
109250,33,93400,2.6,RENT,E,credit_card,8600,10.2,0.092,18,1,1
109251,38,40300,0.3,RENT,B,debt_consolidation,5400,11.72,0.134,20,0,0
109252,26,67500,8.6,MORTGAGE,B,medical,5900,12.72,0.087,5,0,0
109253,35,58500,1.1,RENT,D,education,6300,16.25,0.108,16,0,0
109254,20,81700,3.7,RENT,D,debt_consolidation,9500,10.46,0.116,2,0,0
109255,39,47800,2.4,OWN,E,debt_consolidation,19600,20.0,0.41,20,0,1
109256,35,61500,5.1,OWN,B,home_improvement,4100,5.41,0.067,10,0,0
109257,20,48200,7.0,MORTGAGE,C,credit_card,9200,9.7,0.191,4,0,0
109258,32,30000,2.6,RENT,F,debt_consolidation,7100,16.31,0.237,11,0,1
109259,20,124200,0.7,RENT,B,debt_consolidation,7400,9.81,0.06,3,0,0
109260,25,33900,2.5,RENT,C,debt_consolidation,6200,12.47,0.183,6,1,0
109261,34,39600,1.9,RENT,G,credit_card,15200,8.39,0.384,15,0,0
109262,28,32200,5.2,OWN,A,debt_consolidation,2100,6.74,0.065,13,0,0
109263,38,64300,4.2,RENT,D,small_business,4300,9.99,0.067,19,0,0
109264,29,39600,1.3,MORTGAGE,E,debt_consolidation,14800,14.57,0.374,9,1,1
109265,29,118600,0.5,RENT,A,credit_card,15400,9.68,0.13,10,0,1
109266,37,69100,0.4,MORTGAGE,D,credit_card,21300,11.53,0.308,17,0,0
109267,27,44300,4.1,RENT,C,debt_consolidation,9600,10.04,0.217,11,0,1
109268,29,31200,4.7,RENT,E,education,10600,14.3,0.34,12,0,1
109269,30,48500,3.4,RENT,F,small_business,2900,6.08,0.06,11,0,0
109270,29,68600,4.0,OWN,E,education,8100,11.44,0.118,13,0,1
109271,37,50200,4.3,MORTGAGE,A,credit_card,11000,10.59,0.219,20,1,1
109272,24,47700,2.3,MORTGAGE,D,credit_card,6200,8.57,0.13,5,0,1
109273,23,29400,5.2,RENT,F,debt_consolidation,7700,16.23,0.262,5,0,1
109274,22,177000,4.4,MORTGAGE,D,credit_card,16000,5.6,0.09,4,0,0
109275,20,46100,4.0,MORTGAGE,C,home_improvement,18100,13.15,0.393,2,0,0
109276,39,24200,3.2,MORTGAGE,A,credit_card,9300,13.48,0.384,16,0,0
109277,23,28500,2.9,MORTGAGE,E,debt_consolidation,7900,10.43,0.277,4,1,1
109278,27,42600,3.7,OWN,A,debt_consolidation,12100,18.85,0.284,9,0,0
109279,40,150200,1.8,OWN,B,debt_consolidation,6600,13.4,0.044,19,0,0
109280,28,46900,2.3,OTHER,F,debt_consolidation,14400,9.26,0.307,12,1,1
109281,33,41900,4.3,MORTGAGE,F,home_improvement,6100,14.06,0.146,15,0,0
109282,20,82000,0.2,RENT,G,venture,12200,10.15,0.149,3,0,1
109283,39,85400,6.5,RENT,C,debt_consolidation,8000,10.39,0.094,22,0,0
109284,28,74100,9.1,RENT,A,debt_consolidation,5800,15.9,0.078,10,0,0
109285,22,57500,0.2,RENT,C,debt_consolidation,9900,13.8,0.172,3,0,1
109286,22,28100,3.3,RENT,A,debt_consolidation,6500,15.71,0.231,3,0,0
109287,41,34100,3.4,MORTGAGE,E,small_business,14000,5.4,0.411,20,0,0
109288,25,21500,0.9,MORTGAGE,C,debt_consolidation,4700,13.14,0.219,10,0,0
109289,22,45600,0.1,MORTGAGE,C,venture,9200,17.33,0.202,5,0,0
109290,26,40800,4.0,OWN,A,medical,5400,7.83,0.132,6,0,0
109291,29,38500,3.4,RENT,C,credit_card,15700,12.49,0.408,12,0,1
109292,30,60100,0.6,RENT,E,education,12000,11.07,0.2,10,0,0
109293,32,35900,1.8,MORTGAGE,D,home_improvement,7900,14.47,0.22,15,0,1
109294,31,42700,1.5,MORTGAGE,A,venture,8000,9.92,0.187,14,0,0
109295,34,39400,4.3,MORTGAGE,A,debt_consolidation,20500,14.75,0.52,15,0,0
109296,27,50600,6.1,MORTGAGE,B,venture,12300,10.85,0.243,6,0,1
109297,44,63000,0.2,RENT,A,debt_consolidation,5300,21.68,0.084,25,0,0
109298,26,24600,5.4,MORTGAGE,F,credit_card,13500,13.21,0.549,8,1,1
109299,38,66100,8.8,OWN,D,education,5900,20.15,0.089,17,0,0
109300,25,59600,6.2,RENT,A,credit_card,8800,14.24,0.148,6,0,0
109301,20,64900,7.3,MORTGAGE,E,debt_consolidation,2600,10.54,0.04,5,0,0
109302,20,55500,0.4,RENT,B,debt_consolidation,12700,12.06,0.229,2,0,0
109303,31,62900,7.6,RENT,B,debt_consolidation,5600,13.31,0.089,18,0,0
109304,37,41000,2.0,RENT,C,credit_card,7200,5.4,0.176,20,0,0
109305,21,65800,2.1,MORTGAGE,A,credit_card,3800,15.37,0.058,3,0,0
109306,23,96700,1.1,MORTGAGE,C,credit_card,8900,12.52,0.092,3,0,1
109307,32,39200,4.7,OWN,E,medical,8400,13.88,0.214,12,0,1
109308,29,40000,2.2,MORTGAGE,F,debt_consolidation,4000,14.14,0.1,11,0,0
109309,25,72900,1.4,RENT,B,medical,8200,7.25,0.112,6,1,0
109310,20,38000,14.2,MORTGAGE,D,home_improvement,7000,12.22,0.184,2,1,0
109311,31,34700,0.9,RENT,B,small_business,15900,11.93,0.458,13,0,1
109312,34,65000,3.9,MORTGAGE,C,small_business,5500,7.42,0.085,15,0,0
109313,32,40700,10.6,RENT,B,education,10500,17.13,0.258,16,0,0
109314,29,100900,2.4,MORTGAGE,C,debt_consolidation,3600,18.64,0.036,12,1,0
109315,22,39900,3.6,OWN,A,home_improvement,8500,10.51,0.213,3,0,0
109316,31,32800,4.8,RENT,F,education,9900,13.73,0.302,13,0,0
109317,31,51400,2.0,MORTGAGE,E,small_business,10100,11.68,0.196,8,0,0
109318,20,65500,4.1,MORTGAGE,B,debt_consolidation,7600,10.58,0.116,3,0,0
109319,27,61500,0.6,RENT,D,home_improvement,21000,10.27,0.341,10,0,0
109320,32,69300,1.6,RENT,A,medical,6600,7.33,0.095,10,0,0
109321,28,38000,20.5,MORTGAGE,D,debt_consolidation,10600,13.17,0.279,6,0,0
109322,20,96200,2.3,RENT,B,home_improvement,6800,9.56,0.071,2,1,0
109323,25,20700,2.7,RENT,A,medical,5100,14.01,0.246,6,0,0
109324,24,33500,2.5,MORTGAGE,D,credit_card,4200,10.23,0.125,6,0,0
109325,33,52600,23.4,MORTGAGE,C,debt_consolidation,4900,7.59,0.093,15,0,1
109326,47,35100,3.6,RENT,C,credit_card,11300,9.34,0.322,32,0,0
109327,30,43500,3.6,OWN,C,home_improvement,16800,13.08,0.386,11,0,0
109328,21,30000,5.8,OWN,A,credit_card,11300,10.54,0.377,4,1,0
109329,28,46000,1.3,OWN,A,home_improvement,6700,8.45,0.146,9,0,0
109330,29,66500,13.4,MORTGAGE,C,credit_card,5700,17.56,0.086,12,0,0
109331,34,38400,1.1,RENT,D,education,8900,6.87,0.232,15,1,1
109332,38,31800,9.7,RENT,A,medical,4600,16.45,0.145,17,0,0
109333,39,40000,6.0,OWN,B,medical,13200,15.82,0.33,20,0,0
109334,33,94600,4.9,OWN,C,credit_card,9900,14.95,0.105,16,0,0
109335,29,94100,1.1,MORTGAGE,D,debt_consolidation,4800,14.51,0.051,9,0,0
109336,39,39600,10.5,MORTGAGE,E,small_business,18400,8.98,0.465,21,0,0
109337,27,68200,3.0,RENT,C,debt_consolidation,4200,9.77,0.062,10,0,0
109338,29,51000,1.9,MORTGAGE,C,credit_card,8300,18.69,0.163,12,0,1
109339,27,104400,2.6,RENT,C,debt_consolidation,12800,15.57,0.123,10,0,1
109340,20,57300,2.4,MORTGAGE,B,credit_card,12100,13.57,0.211,6,1,0
109341,38,46100,2.2,MORTGAGE,A,small_business,5700,9.73,0.124,17,0,0
109342,34,124200,0.5,MORTGAGE,A,credit_card,6500,8.59,0.052,15,1,0
109343,20,31000,4.5,RENT,E,credit_card,4800,7.6,0.155,2,0,0
109344,36,61400,1.7,MORTGAGE,B,debt_consolidation,9100,9.29,0.148,17,1,0
109345,27,109200,1.5,RENT,D,debt_consolidation,12700,10.83,0.116,11,0,1
109346,36,74300,2.6,RENT,C,credit_card,2800,12.4,0.038,20,1,0
109347,30,33900,2.0,RENT,B,education,11000,16.13,0.324,16,0,0
109348,20,32900,4.2,RENT,E,education,6200,19.5,0.188,2,0,1
109349,29,23700,3.4,RENT,D,venture,7700,17.23,0.325,9,1,1
109350,23,116500,2.9,RENT,A,debt_consolidation,4500,7.26,0.039,5,1,0
109351,20,27600,1.0,MORTGAGE,D,debt_consolidation,5800,9.08,0.21,2,1,1
109352,35,76300,8.5,RENT,C,credit_card,24200,8.38,0.317,19,0,0
109353,32,23500,0.0,MORTGAGE,B,home_improvement,6700,15.78,0.285,15,1,1
109354,39,210300,14.1,MORTGAGE,D,small_business,8100,14.68,0.039,23,0,0
109355,26,24500,0.1,RENT,D,medical,4900,10.11,0.2,12,0,1
109356,22,52800,0.2,RENT,B,credit_card,33500,11.5,0.634,4,0,1
109357,33,100400,0.9,RENT,G,credit_card,10500,12.72,0.105,14,0,1
109358,23,35000,3.8,RENT,D,venture,8000,13.91,0.229,5,0,0
109359,27,70300,1.4,MORTGAGE,C,debt_consolidation,13400,16.41,0.191,7,0,1
109360,33,44100,3.1,OWN,A,medical,9900,12.69,0.224,14,0,0
109361,28,63800,5.8,RENT,B,small_business,7400,11.2,0.116,10,0,0
109362,26,93400,3.8,RENT,C,debt_consolidation,7600,13.43,0.081,9,0,0
109363,20,40700,0.3,RENT,D,education,3500,11.2,0.086,2,0,0
109364,36,117400,6.8,RENT,C,medical,6600,13.4,0.056,15,0,1
109365,26,62600,3.9,OWN,D,medical,6100,11.29,0.097,9,0,1
109366,33,150500,1.4,MORTGAGE,B,debt_consolidation,9700,16.25,0.064,13,0,0
109367,32,32600,2.9,MORTGAGE,D,debt_consolidation,7200,16.56,0.221,14,1,0
109368,37,36200,0.4,OWN,E,small_business,11800,11.24,0.326,21,1,1
109369,27,45400,7.1,MORTGAGE,D,debt_consolidation,8600,19.43,0.189,11,0,1
109370,27,26500,2.8,RENT,D,debt_consolidation,5100,12.68,0.192,10,0,0
109371,21,85800,0.4,MORTGAGE,E,credit_card,18400,13.47,0.214,5,0,0
109372,25,49400,0.7,MORTGAGE,A,debt_consolidation,6600,17.13,0.134,7,0,0
109373,31,27400,2.0,RENT,D,small_business,11000,19.23,0.401,11,0,1
109374,23,32800,11.2,MORTGAGE,F,credit_card,3900,16.19,0.119,10,0,0
109375,31,31900,11.7,MORTGAGE,C,debt_consolidation,12400,13.13,0.389,14,0,1
109376,39,85600,6.0,RENT,B,credit_card,3300,10.58,0.039,22,0,0
109377,26,66300,0.0,MORTGAGE,G,debt_consolidation,23500,13.08,0.354,8,1,1
109378,20,47900,0.5,RENT,A,debt_consolidation,11800,14.1,0.246,2,0,0
109379,26,42200,10.3,RENT,B,credit_card,7200,13.45,0.171,6,0,0
109380,20,45200,4.4,RENT,A,credit_card,11100,11.12,0.246,5,0,1
109381,38,137300,0.4,MORTGAGE,C,debt_consolidation,4000,9.21,0.029,16,0,0
109382,30,45300,1.0,MORTGAGE,C,home_improvement,7200,12.65,0.159,12,0,0
109383,24,82600,14.2,MORTGAGE,C,credit_card,12200,9.53,0.148,7,0,0
109384,25,43000,5.5,MORTGAGE,F,home_improvement,11100,5.83,0.258,6,0,1
109385,21,130000,4.5,RENT,C,credit_card,8100,8.66,0.062,7,0,0
109386,36,26400,4.1,MORTGAGE,C,small_business,9600,10.21,0.364,15,0,0
109387,42,80300,24.4,RENT,E,home_improvement,14700,8.97,0.183,23,1,0
109388,20,33900,3.2,MORTGAGE,E,debt_consolidation,12100,12.57,0.357,3,0,1
109389,36,174100,0.7,MORTGAGE,B,small_business,2900,7.22,0.017,19,0,0
109390,27,75600,7.9,RENT,A,medical,8100,7.6,0.107,9,0,0
109391,38,20200,1.3,OWN,D,debt_consolidation,8200,16.26,0.406,21,1,1
109392,20,30900,0.1,RENT,E,home_improvement,4100,15.08,0.133,2,1,1
109393,31,75100,6.1,MORTGAGE,C,medical,4500,12.81,0.06,12,1,1
109394,26,74000,4.8,MORTGAGE,B,debt_consolidation,18500,16.74,0.25,6,0,1
109395,34,71000,3.0,MORTGAGE,D,education,5400,9.12,0.076,17,1,0
109396,29,56200,1.3,MORTGAGE,D,credit_card,6400,14.34,0.114,8,1,0
109397,29,43200,11.3,RENT,C,small_business,5200,10.98,0.12,8,0,0
109398,28,93700,1.6,OWN,E,education,10200,17.01,0.109,12,0,0
109399,40,32000,8.6,MORTGAGE,E,venture,9400,12.49,0.294,21,0,1
109400,28,53100,0.2,MORTGAGE,D,home_improvement,23500,8.47,0.443,15,1,0
109401,35,36600,1.4,MORTGAGE,D,small_business,6000,16.55,0.164,16,0,0
109402,33,35100,8.1,RENT,D,debt_consolidation,10800,10.21,0.308,14,0,0
109403,35,40000,6.9,MORTGAGE,C,debt_consolidation,2900,7.39,0.072,20,0,0
109404,22,34400,2.6,RENT,C,medical,3700,17.11,0.108,6,0,1
109405,34,69700,6.5,MORTGAGE,D,credit_card,16900,13.93,0.242,16,0,1
109406,31,22900,0.5,RENT,C,medical,14900,8.51,0.651,13,0,0
109407,21,65300,4.6,MORTGAGE,C,debt_consolidation,10300,11.25,0.158,5,0,1
109408,28,36400,15.2,OWN,A,debt_consolidation,15100,11.15,0.415,10,1,0
109409,45,52400,3.6,OTHER,D,debt_consolidation,4500,8.4,0.086,26,0,0
109410,26,47000,12.4,MORTGAGE,D,credit_card,20100,8.53,0.428,8,1,0
109411,26,39200,16.8,MORTGAGE,B,debt_consolidation,4600,11.26,0.117,12,0,1
109412,32,100400,7.2,MORTGAGE,B,credit_card,9700,15.16,0.097,13,0,0
109413,25,42000,11.2,RENT,B,venture,37200,14.62,0.886,6,0,0
109414,30,75900,2.1,MORTGAGE,F,medical,5000,9.64,0.066,12,0,0
109415,26,76400,9.5,MORTGAGE,E,small_business,17000,14.62,0.223,8,0,0
109416,32,44400,3.7,RENT,C,debt_consolidation,13800,16.98,0.311,13,0,0
109417,29,25800,1.3,MORTGAGE,C,credit_card,6000,8.53,0.233,14,0,1
109418,43,31700,6.1,RENT,D,small_business,25600,14.26,0.808,24,0,1
109419,29,104100,1.6,MORTGAGE,C,debt_consolidation,4900,11.67,0.047,12,0,0
109420,27,67600,3.5,MORTGAGE,G,credit_card,7900,10.64,0.117,12,1,1
109421,36,55600,3.7,OWN,A,education,11500,11.67,0.207,17,1,0
109422,20,37700,0.9,RENT,A,debt_consolidation,7700,14.54,0.204,3,0,0
109423,41,133600,4.9,RENT,C,education,40000,7.07,0.299,21,0,0
109424,22,32000,2.3,MORTGAGE,B,debt_consolidation,4100,11.62,0.128,2,0,0
109425,37,55700,1.2,MORTGAGE,C,debt_consolidation,19700,10.3,0.354,19,0,0
109426,39,67900,7.2,RENT,E,debt_consolidation,2300,11.69,0.034,20,0,0
109427,25,25100,5.9,MORTGAGE,A,education,1700,10.95,0.068,9,0,0
109428,26,34000,7.6,OWN,C,home_improvement,8300,8.91,0.244,7,0,0
109429,28,40100,6.7,MORTGAGE,D,small_business,12200,18.4,0.304,10,0,0
109430,33,82800,0.5,RENT,E,credit_card,18400,5.4,0.222,14,0,0
109431,22,40500,6.0,RENT,C,education,19600,13.67,0.484,6,0,0
109432,28,23400,0.8,MORTGAGE,B,home_improvement,9000,13.7,0.385,10,0,1
109433,27,22200,0.9,MORTGAGE,C,home_improvement,10700,11.9,0.482,8,1,0
109434,21,33800,2.2,OWN,C,small_business,9300,12.62,0.275,2,1,0
109435,22,22700,19.1,RENT,D,medical,18800,13.91,0.828,2,0,0
109436,30,78600,8.8,MORTGAGE,C,small_business,4100,9.72,0.052,13,0,0
109437,30,80400,10.9,OTHER,B,debt_consolidation,5600,10.3,0.07,12,0,1
109438,24,51700,1.1,RENT,D,education,13000,10.48,0.251,12,0,0
109439,30,44600,5.3,OWN,C,debt_consolidation,14500,13.34,0.325,11,0,0
109440,24,77500,1.1,MORTGAGE,A,venture,17000,13.47,0.219,3,0,1
109441,38,75700,2.2,MORTGAGE,C,credit_card,7800,7.84,0.103,20,0,0
109442,28,30000,4.0,RENT,F,debt_consolidation,6200,11.41,0.207,15,0,1
109443,37,32300,3.9,MORTGAGE,D,debt_consolidation,11900,9.43,0.368,20,0,1
109444,20,76000,18.5,OWN,B,home_improvement,4400,8.27,0.058,2,1,0
109445,31,59800,1.1,RENT,D,credit_card,20300,9.95,0.339,12,0,0
109446,33,72000,16.2,MORTGAGE,B,medical,6100,7.62,0.085,14,0,0
109447,28,31500,10.7,RENT,C,small_business,7000,5.4,0.222,12,0,0
109448,25,34100,4.4,RENT,C,debt_consolidation,12200,11.96,0.358,5,0,1
109449,28,66500,4.7,MORTGAGE,B,credit_card,5400,15.04,0.081,10,0,0
109450,34,35400,6.1,MORTGAGE,B,medical,4300,10.55,0.121,16,0,0
109451,21,22300,0.8,RENT,F,education,15300,14.98,0.686,3,0,1
109452,34,35700,3.3,RENT,B,credit_card,4600,14.43,0.129,15,0,0
109453,31,46000,0.2,RENT,E,education,9300,8.52,0.202,10,0,1
109454,27,131400,6.7,RENT,D,debt_consolidation,8200,8.68,0.062,9,1,0
109455,27,32500,0.1,RENT,C,home_improvement,2900,6.49,0.089,8,1,0
109456,29,49800,0.1,RENT,A,medical,4600,12.5,0.092,13,1,0
109457,41,158500,2.3,MORTGAGE,B,credit_card,9800,13.48,0.062,23,0,0
109458,31,28200,3.0,RENT,A,debt_consolidation,16000,11.62,0.567,13,0,0
109459,22,74100,0.8,OWN,C,small_business,5300,8.85,0.072,4,0,0
109460,26,34900,0.3,RENT,G,credit_card,5000,11.34,0.143,9,0,1
109461,21,64300,3.2,MORTGAGE,E,debt_consolidation,11500,14.12,0.179,2,0,1
109462,20,186100,2.5,RENT,A,debt_consolidation,12600,13.75,0.068,3,0,0
109463,21,79600,0.2,RENT,B,small_business,13500,13.47,0.17,2,0,0
109464,30,56000,4.6,MORTGAGE,A,debt_consolidation,9100,12.75,0.162,11,0,0
109465,38,30500,2.7,RENT,G,credit_card,6100,15.73,0.2,21,1,1
109466,36,46800,2.2,RENT,B,venture,12500,8.09,0.267,22,0,0
109467,21,37800,1.3,RENT,B,small_business,7700,9.42,0.204,2,1,0
109468,23,23200,6.2,MORTGAGE,D,credit_card,11700,8.23,0.504,3,0,0
109469,22,16000,0.1,RENT,C,credit_card,6100,10.13,0.381,2,0,1
109470,20,32600,20.0,RENT,B,debt_consolidation,7200,16.86,0.221,2,0,0
109471,28,50600,0.1,RENT,D,credit_card,10900,8.86,0.215,15,0,0
109472,35,95400,1.9,MORTGAGE,A,debt_consolidation,2600,8.92,0.027,14,0,0
109473,27,34300,1.0,OTHER,A,debt_consolidation,16900,5.45,0.493,3,0,0
109474,20,57300,9.9,RENT,A,debt_consolidation,7900,13.87,0.138,4,0,0
109475,23,20200,0.0,RENT,B,home_improvement,1700,11.44,0.084,7,0,0
109476,27,33200,0.1,MORTGAGE,G,debt_consolidation,8900,16.56,0.268,9,0,1
109477,34,13400,6.4,OWN,C,debt_consolidation,6400,16.58,0.478,16,0,0
109478,28,176100,6.3,RENT,D,education,4600,7.53,0.026,12,0,0
109479,33,57500,14.2,MORTGAGE,B,debt_consolidation,23800,11.29,0.414,17,1,0
109480,28,56500,8.2,MORTGAGE,D,small_business,12800,16.1,0.227,8,0,0
109481,31,69200,8.5,RENT,F,credit_card,7400,8.89,0.107,10,0,0
109482,22,207500,3.4,MORTGAGE,B,home_improvement,8300,15.07,0.04,2,0,0
109483,24,40600,3.1,MORTGAGE,G,debt_consolidation,9400,5.4,0.232,4,0,0
109484,20,30000,3.5,RENT,D,debt_consolidation,3300,11.31,0.11,3,0,0
109485,33,154800,5.5,RENT,D,medical,34400,9.27,0.222,17,0,0
109486,27,26200,2.3,RENT,B,credit_card,8300,15.35,0.317,8,0,1
109487,20,105200,4.7,RENT,D,debt_consolidation,21900,10.16,0.208,3,0,0
109488,32,49500,1.6,MORTGAGE,C,credit_card,5100,14.48,0.103,14,0,0
109489,36,65400,1.2,MORTGAGE,F,credit_card,11200,13.41,0.171,16,0,0
109490,23,23400,11.2,MORTGAGE,F,debt_consolidation,4200,8.81,0.179,3,0,0
109491,32,214600,2.3,MORTGAGE,B,credit_card,1700,14.73,0.01,14,0,0
109492,28,41800,2.0,RENT,F,credit_card,13300,13.49,0.318,12,1,1
109493,20,35000,1.6,RENT,E,home_improvement,9000,6.09,0.257,3,0,1
109494,43,69700,1.9,MORTGAGE,C,medical,6100,13.41,0.088,25,0,0
109495,28,36100,4.2,RENT,A,credit_card,1300,9.83,0.036,13,0,0
109496,30,65100,2.6,RENT,A,education,6300,13.21,0.097,15,0,0
109497,25,25800,5.4,MORTGAGE,A,credit_card,9400,12.44,0.364,4,0,0
109498,27,55800,4.1,MORTGAGE,A,credit_card,4500,15.17,0.081,7,0,0
109499,30,37000,1.7,RENT,G,home_improvement,8700,14.95,0.235,9,0,0
109500,22,33500,0.8,MORTGAGE,B,home_improvement,5700,8.71,0.17,6,0,0
